26	26921+502	0	28949	1	1364586at2759|WKLE02000833_1|+|69|1.028e-13|2|26921|27422|26921[26921]:26980[26980]:60[60]|27129[27129]:27422[27422]:294[294]
29	3129-3012	0	47522	-1	1442062at2759|WKLE02000929_1|-|542|4.216e-156|1|118|3129|3129[3129]:118[118]:3012[3012]
31	13246+540	0	15687	1	261328at2759|WKLE02000993_1|+|85|1.569e-18|1|13246|13785|13246[13246]:13785[13785]:540[540]
68	15163-426	0	8354	-1	1312453at2759|WKLE02002177_1|-|68|2.056e-13|1|14738|15163|15163[15163]:14738[14738]:426[426]
124	467+801	0	8883	1	1049599at2759|WKLE02003969_1|+|117|3.653e-28|1|467|1267|467[467]:1267[1267]:801[801]
126	2398+2037	0	13201	1	331411at2759|WKLE02004033_1|+|578|6.134e-167|1|2398|4434|2398[2398]:4434[4434]:2037[2037]
128	4923-1872	0	13301	-1	179362at2759|WKLE02004097_1|-|179|7.92e-47|2|3052|4923|4923[4923]:4171[4171]:753[753]|3915[3915]:3052[3052]:864[864]
147	9429+630	0	8354	1	1312453at2759|WKLE02004705_1|+|56|8.422e-10|1|9429|10058|9429[9429]:10058[10058]:630[630]
175	12779+345	0	10688	1	1312453at2759|WKLE02005601_1|+|67|4.112e-13|1|12779|13123|12779[12779]:13123[13123]:345[345]
221	18369+465	0	3781	1	1269244at2759|WKLE02000130_1|+|51|2.695e-08|1|18369|18833|18369[18369]:18833[18833]:465[465]
221	4763-177	0	12521	-1	179362at2759|WKLE02000130_1|-|36|0.0008831|1|4587|4763|4763[4763]:4587[4587]:177[177]
221	5788-198	0	26611	-1	179362at2759|WKLE02000130_1|-|37|0.0004416|1|5591|5788|5788[5788]:5591[5591]:198[198]
225	18703-297	0	27720	-1	1312453at2759|WKLE02000258_1|-|49|1.078e-07|1|18407|18703|18703[18703]:18407[18407]:297[297]
231	40567-795	0	8354	-1	1312453at2759|WKLE02000450_1|-|68|2.056e-13|1|39773|40567|40567[40567]:39773[39773]:795[795]
231	19403+435	0	27720	1	1312453at2759|WKLE02000450_1|+|64|3.29e-12|1|19403|19837|19403[19403]:19837[19837]:435[435]
237	6013+465	0	6831	1	911863at2759|WKLE02000642_1|+|36|0.0008831|1|6013|6477|6013[6013]:6477[6477]:465[465]
240	4609+234	0	40472	1	1049599at2759|WKLE02000738_1|+|44|3.45e-06|1|4609|4842|4609[4609]:4842[4842]:234[234]
266	14347+465	0	8354	1	1312453at2759|WKLE02001570_1|+|73|6.426e-15|1|14347|14811|14347[14347]:14811[14811]:465[465]
269	8041+507	0	8354	1	1312453at2759|WKLE02001666_1|+|93|6.128e-21|1|8041|8547|8041[8041]:8547[8547]:507[507]
273	3579+645	0	8354	1	1312453at2759|WKLE02001794_1|+|44|3.45e-06|1|3579|4223|3579[3579]:4223[4223]:645[645]
273	14142-846	0	8883	-1	1049599at2759|WKLE02001794_1|-|102|1.197e-23|1|13297|14142|14142[14142]:13297[13297]:846[846]
284	10240+1707	0	36929	1	271586at2759|WKLE02002146_1|+|40|5.52e-05|1|10240|11946|10240[10240]:11946[11946]:1707[1707]
286	13694-645	0	46009	-1	621827at2759|WKLE02002210_1|-|49|1.078e-07|1|13050|13694|13694[13694]:13050[13050]:645[645]
332	6605+1191	0	12898	1	734666at2759|WKLE02003682_1|+|461|1.019e-131|1|6605|7795|6605[6605]:7795[7795]:1191[1191]
435	26577+333	0	9434	1	911863at2759|WKLE02000035_1|+|36|0.0008831|1|26577|26909|26577[26577]:26909[26909]:333[333]
437	8304-435	0	27720	-1	1312453at2759|WKLE02000099_1|-|66|8.225e-13|1|7870|8304|8304[8304]:7870[7870]:435[435]
437	46100+1086	0	30679	1	708105at2759|WKLE02000099_1|+|245|1.073e-66|1|46100|47185|46100[46100]:47185[47185]:1086[1086]
438	12455-675	0	15729	-1	1588798at2759|WKLE02000131_1|-|59|1.053e-10|1|11781|12455|12455[12455]:11781[11781]:675[675]
440	6133-1327	0	38148	-1	1428265at2759|WKLE02000195_1|-|224|2.251e-60|2|4807|6133|6133[6133]:5546[5546]:588[588]|5400[5400]:4807[4807]:594[594]
455	25372-525	0	19133	-1	996662at2759|WKLE02000675_1|-|68|2.056e-13|1|24848|25372|25372[25372]:24848[24848]:525[525]
460	25003+228	0	8767	1	142542at2759|WKLE02000835_1|+|41|2.76e-05|1|25003|25230|25003[25003]:25230[25230]:228[228]
478	23141+2813	0	47522	1	1442062at2759|WKLE02001411_1|+|551|8.233e-159|2|23141|25953|23141[23141]:25894[25894]:2754[2754]|25897[25897]:25953[25953]:57[57]
479	14419+754	0	10688	1	1312453at2759|WKLE02001443_1|+|93|6.128e-21|2|14419|15172|14419[14419]:14577[14577]:159[159]|14765[14765]:15172[15172]:408[408]
479	17426-423	0	10688	-1	1312453at2759|WKLE02001443_1|-|87|3.922e-19|1|17004|17426|17426[17426]:17004[17004]:423[423]
479	40915+849	0	53403	1	261328at2759|WKLE02001443_1|+|105|1.496e-24|1|40915|41763|40915[40915]:41763[41763]:849[849]
494	4061+849	0	10871	1	621827at2759|WKLE02001923_1|+|74|3.213e-15|1|4061|4909|4061[4061]:4909[4909]:849[849]
499	3997-798	0	8354	-1	1312453at2759|WKLE02002083_1|-|122|1.141e-29|2|3200|3997|3997[3997]:3578[3578]:420[420]|3448[3448]:3200[3200]:249[249]
527	911+438	0	8354	1	1312453at2759|WKLE02002979_1|+|61|2.632e-11|1|911|1348|911[911]:1348[1348]:438[438]
550	4876+324	0	10603	1	621827at2759|WKLE02003715_1|+|57|4.211e-10|1|4876|5199|4876[4876]:5199[5199]:324[324]
550	4306+870	0	27665	1	621827at2759|WKLE02003715_1|+|104|2.992e-24|2|4306|5175|4306[4306]:4620[4620]:315[315]|4849[4849]:5175[5175]:327[327]
593	4253-510	0	33720	-1	621827at2759|WKLE02005091_1|-|85|1.569e-18|1|3744|4253|4253[4253]:3744[3744]:510[510]
658	9597+423	0	3169	1	1312453at2759|WKLE02000228_1|+|37|0.0004416|1|9597|10019|9597[9597]:10019[10019]:423[423]
672	31390+624	0	8354	1	1312453at2759|WKLE02000676_1|+|132|1.115e-32|1|31390|32013|31390[31390]:32013[32013]:624[624]
672	20522-801	0	8354	-1	1312453at2759|WKLE02000676_1|-|145|1.361e-36|2|19722|20522|20522[20522]:20097[20097]:426[426]|19955[19955]:19722[19722]:234[234]
672	12900-420	0	10688	-1	1312453at2759|WKLE02000676_1|-|72|1.285e-14|1|12481|12900|12900[12900]:12481[12481]:420[420]
673	40552+249	0	6188	1	179362at2759|WKLE02000708_1|+|48|2.156e-07|1|40552|40800|40552[40552]:40800[40800]:249[249]
673	39096+867	0	13301	1	179362at2759|WKLE02000708_1|+|94|3.064e-21|1|39096|39962|39096[39096]:39962[39962]:867[867]
677	7909-1599	0	13301	-1	179362at2759|WKLE02000836_1|-|135|1.393e-33|2|6311|7909|7909[7909]:7457[7457]:453[453]|7342[7342]:6311[6311]:1032[1032]
678	10226+634	0	8354	1	1312453at2759|WKLE02000868_1|+|119|9.132e-29|2|10226|10859|10226[10226]:10462[10462]:237[237]|10563[10578]:10859[10859]:297[282]
682	21956+591	0	5786	1	1339553at2759|WKLE02000996_1|+|167|3.244e-43|1|21956|22546|21956[21956]:22546[22546]:591[591]
726	33791+279	0	9431	1	271586at2759|WKLE02002404_1|+|38|0.0002208|1|33791|34069|33791[33791]:34069[34069]:279[279]
727	19271-1937	0	33297	-1	844748at2759|WKLE02002436_1|-|366|4.038e-103|3|17335|19271|19271[19271]:18804[18804]:468[468]|18340[18340]:17846[17846]:495[495]|17697[17697]:17335[17335]:363[363]
728	5654-456	0	48078	-1	271586at2759|WKLE02002468_1|-|43|6.9e-06|1|5199|5654|5654[5654]:5199[5199]:456[456]
729	7736+603	0	16221	1	142542at2759|WKLE02002500_1|+|43|6.9e-06|1|7736|8338|7736[7736]:8338[8338]:603[603]
743	10703+705	0	4074	1	621827at2759|WKLE02002948_1|+|51|2.695e-08|1|10703|11407|10703[10703]:11407[11407]:705[705]
781	11306+555	0	53173	1	1049599at2759|WKLE02004164_1|+|40|5.52e-05|1|11306|11860|11306[11306]:11860[11860]:555[555]
871	1210+756	0	22725	1	1076134at2759|WKLE02000101_1|+|51|2.695e-08|1|1210|1965|1210[1210]:1965[1965]:756[756]
871	35713+2795	0	27430	1	450058at2759|WKLE02000101_1|+|668|4.955e-194|2|35713|38507|35713[35713]:36876[36876]:1164[1164]|37059[37059]:38507[38507]:1449[1449]
874	3025-849	0	982	-1	1049599at2759|WKLE02000197_1|-|60|5.264e-11|1|2177|3025|3025[3025]:2177[2177]:849[849]
876	2819+3232	0	1294	1	1258856at2759|WKLE02000261_1|+|989|1.16e-290|2|2819|6050|2819[2819]:5218[5218]:2400[2400]|5541[5541]:6050[6050]:510[510]
877	34083-834	0	6272	-1	722805at2759|WKLE02000293_1|-|46|8.624e-07|1|33250|34083|34083[34083]:33250[33250]:834[834]
877	21176-825	0	6376	-1	621827at2759|WKLE02000293_1|-|104|2.992e-24|1|20352|21176|21176[21176]:20352[20352]:825[825]
877	31964+606	0	8354	1	1312453at2759|WKLE02000293_1|+|106|7.481e-25|1|31964|32569|31964[31964]:32569[32569]:606[606]
882	19425+402	0	10688	1	1312453at2759|WKLE02000453_1|+|69|1.028e-13|1|19425|19826|19425[19425]:19826[19826]:402[402]
882	3260-459	0	10688	-1	1312453at2759|WKLE02000453_1|-|72|1.285e-14|1|2802|3260|3260[3260]:2802[2802]:459[459]
887	4963-1686	0	13301	-1	179362at2759|WKLE02000613_1|-|224|2.251e-60|2|3278|4963|4963[4963]:4421[4421]:543[543]|4333[4327]:3278[3278]:1056[1050]
889	3803+633	0	8354	1	1312453at2759|WKLE02000677_1|+|81|2.51e-17|1|3803|4435|3803[3803]:4435[4435]:633[633]
944	1827-1428	0	6387	-1	1049599at2759|WKLE02002437_1|-|203|4.721e-54|1|400|1827|1827[1827]:400[400]:1428[1428]
973	1525+327	0	36527	1	261328at2759|WKLE02003365_1|+|38|0.0002208|1|1525|1851|1525[1525]:1851[1851]:327[327]
992	4502-801	0	4798	-1	1312453at2759|WKLE02003973_1|-|68|2.056e-13|1|3702|4502|4502[4502]:3702[3702]:801[801]
995	2121-762	0	15442	-1	911863at2759|WKLE02004069_1|-|50|5.39e-08|1|1360|2121|2121[2121]:1360[1360]:762[762]
1009	3106-3033	0	47522	-1	1442062at2759|WKLE02004517_1|-|525|5.525e-151|1|74|3106|3106[3106]:74[74]:3033[3033]
1024	6352+456	0	10688	1	1312453at2759|WKLE02004997_1|+|81|2.51e-17|1|6352|6807|6352[6352]:6807[6807]:456[456]
1087	23100-405	0	8354	-1	1312453at2759|WKLE02000070_1|-|45|1.725e-06|1|22696|23100|23100[23100]:22696[22696]:405[405]
1095	31317-570	0	8354	-1	1312453at2759|WKLE02000326_1|-|94|3.064e-21|1|30748|31317|31317[31317]:30748[30748]:570[570]
1095	19649+699	0	25709	1	911863at2759|WKLE02000326_1|+|44|3.45e-06|1|19649|20347|19649[19649]:20347[20347]:699[699]
1098	1840+567	0	53776	1	142542at2759|WKLE02000422_1|+|96|7.66e-22|1|1840|2406|1840[1840]:2406[2406]:567[567]
1110	39748+789	0	19169	1	1440961at2759|WKLE02000806_1|+|102|1.197e-23|1|39748|40536|39748[39748]:40536[40536]:789[789]
1110	3910-378	0	53498	-1	142542at2759|WKLE02000806_1|-|51|2.695e-08|1|3533|3910|3910[3910]:3533[3533]:378[378]
1111	41242+1611	0	13301	1	179362at2759|WKLE02000838_1|+|152|1.063e-38|1|41242|42852|41242[41242]:42852[42852]:1611[1611]
1122	8268-1425	0	32902	-1	271586at2759|WKLE02001190_1|-|41|2.76e-05|1|6844|8268|8268[8268]:6844[6844]:1425[1425]
1127	909-537	0	1157	-1	1398309at2759|WKLE02001350_1|-|129|8.917e-32|1|373|909|909[909]:373[373]:537[537]
1131	14563-444	0	10688	-1	1312453at2759|WKLE02001478_1|-|71|2.57e-14|1|14120|14563|14563[14563]:14120[14120]:444[444]
1152	3563-687	0	8354	-1	1312453at2759|WKLE02002150_1|-|70|5.141e-14|1|2877|3563|3563[3563]:2877[2877]:687[687]
1159	15459-438	0	49209	-1	1563319at2759|WKLE02002374_1|-|70|5.141e-14|1|15022|15459|15459[15459]:15022[15022]:438[438]
1167	7662-258	0	1998	-1	1312453at2759|WKLE02002630_1|-|37|0.0004416|1|7405|7662|7662[7662]:7405[7405]:258[258]
1175	28712-1566	0	13301	-1	179362at2759|WKLE02002886_1|-|134|2.787e-33|1|27147|28712|28712[28712]:27147[27147]:1566[1566]
1202	2787+288	0	49943	1	142542at2759|WKLE02003750_1|+|47|4.312e-07|1|2787|3074|2787[2787]:3074[3074]:288[288]
1220	8602+519	0	16221	1	142542at2759|WKLE02004326_1|+|66|8.225e-13|1|8602|9120|8602[8602]:9120[9120]:519[519]
1295	2937-495	0	8354	-1	1312453at2759|WKLE02006726_1|-|56|8.422e-10|1|2443|2937|2937[2937]:2443[2443]:495[495]
1301	1652+459	0	8354	1	1312453at2759|WKLE02006918_1|+|57|4.211e-10|1|1652|2110|1652[1652]:2110[2110]:459[459]
1339	14827-468	0	8354	-1	1312453at2759|WKLE02001191_1|-|47|4.312e-07|1|14360|14827|14827[14827]:14360[14360]:468[468]
1339	4904+651	0	8635	1	1312453at2759|WKLE02001191_1|+|265|1.024e-72|1|4904|5554|4904[4904]:5554[5554]:651[651]
1383	34443-453	0	10688	-1	1312453at2759|WKLE02002599_1|-|53|6.738e-09|1|33991|34443|34443[34443]:33991[33991]:453[453]
1383	36248-417	0	18630	-1	1269244at2759|WKLE02002599_1|-|55|1.684e-09|1|35832|36248|36248[36248]:35832[35832]:417[417]
1385	47103+477	0	10688	1	1312453at2759|WKLE02002663_1|+|51|2.695e-08|1|47103|47579|47103[47103]:47579[47579]:477[477]
1426	2585-441	0	56615	-1	621827at2759|WKLE02003975_1|-|87|3.922e-19|1|2145|2585|2585[2585]:2145[2145]:441[441]
1540	25842-858	0	10580	-1	261328at2759|WKLE02000680_1|-|188|1.547e-49|1|24985|25842|25842[25842]:24985[24985]:858[858]
1540	5801-198	0	12521	-1	179362at2759|WKLE02000680_1|-|38|0.0002208|1|5604|5801|5801[5801]:5604[5604]:198[198]
1540	26223-513	0	38844	-1	261328at2759|WKLE02000680_1|-|106|7.481e-25|1|25711|26223|26223[26223]:25711[25711]:513[513]
1546	10419-759	0	35094	-1	1001705at2759|WKLE02000872_1|-|164|2.595e-42|1|9661|10419|10419[10419]:9661[9661]:759[759]
1548	73889-285	0	27720	-1	1312453at2759|WKLE02000936_1|-|75|1.606e-15|1|73605|73889|73889[73889]:73605[73605]:285[285]
1560	5100-864	0	41954	-1	1049599at2759|WKLE02001320_1|-|56|8.422e-10|1|4237|5100|5100[5100]:4237[4237]:864[864]
1589	33903-411	0	55998	-1	1049599at2759|WKLE02002248_1|-|41|2.76e-05|1|33493|33903|33903[33903]:33493[33493]:411[411]
1595	25878+546	0	8354	1	1312453at2759|WKLE02002440_1|+|45|1.725e-06|1|25878|26423|25878[25878]:26423[26423]:546[546]
1596	6567+804	0	22091	1	911863at2759|WKLE02002472_1|+|71|2.57e-14|1|6567|7370|6567[6567]:7370[7370]:804[804]
1600	20121+459	0	8354	1	1312453at2759|WKLE02002600_1|+|66|8.225e-13|1|20121|20579|20121[20121]:20579[20579]:459[459]
1636	13721-420	0	52769	-1	1588798at2759|WKLE02003752_1|-|40|5.52e-05|1|13302|13721|13721[13721]:13302[13302]:420[420]
1664	3274+642	0	8354	1	1312453at2759|WKLE02004648_1|+|90|4.902e-20|1|3274|3915|3274[3274]:3915[3915]:642[642]
1664	13826-672	0	15729	-1	1588798at2759|WKLE02004648_1|-|69|1.028e-13|1|13155|13826|13826[13826]:13155[13155]:672[672]
1664	11247+285	0	27720	1	1312453at2759|WKLE02004648_1|+|49|1.078e-07|1|11247|11531|11247[11247]:11531[11531]:285[285]
1702	13575-642	0	8354	-1	1312453at2759|WKLE02005864_1|-|107|3.74e-25|1|12934|13575|13575[13575]:12934[12934]:642[642]
1702	17903-801	0	48308	-1	1030907at2759|WKLE02005864_1|-|48|2.156e-07|1|17103|17903|17903[17903]:17103[17103]:801[801]
1739	19610-435	0	16221	-1	142542at2759|WKLE02000105_1|-|51|2.695e-08|1|19176|19610|19610[19610]:19176[19176]:435[435]
1753	3348-924	0	40170	-1	271586at2759|WKLE02000553_1|-|50|5.39e-08|1|2425|3348|3348[3348]:2425[2425]:924[924]
1759	1197-840	0	12038	-1	1049599at2759|WKLE02000745_1|-|46|8.624e-07|1|358|1197|1197[1197]:358[358]:840[840]
1768	8906-360	0	24333	-1	1049599at2759|WKLE02001033_1|-|44|3.45e-06|1|8547|8906|8906[8906]:8547[8547]:360[360]
1777	15399-354	0	4492	-1	142542at2759|WKLE02001321_1|-|54|3.369e-09|1|15046|15399|15399[15399]:15046[15046]:354[354]
1777	16492-171	0	8767	-1	142542at2759|WKLE02001321_1|-|43|6.9e-06|1|16322|16492|16492[16492]:16322[16322]:171[171]
1777	15309-615	0	13091	-1	142542at2759|WKLE02001321_1|-|84|3.138e-18|1|14695|15309|15309[15309]:14695[14695]:615[615]
1777	14387-168	0	15518	-1	142542at2759|WKLE02001321_1|-|54|3.369e-09|1|14220|14387|14387[14387]:14220[14220]:168[168]
1777	13745-264	0	26829	-1	142542at2759|WKLE02001321_1|-|47|4.312e-07|1|13482|13745|13745[13745]:13482[13482]:264[264]
1787	11991+879	0	8354	1	1312453at2759|WKLE02001641_1|+|61|2.632e-11|1|11991|12869|11991[11991]:12869[12869]:879[879]
1808	10468-714	0	19169	-1	1440961at2759|WKLE02002313_1|-|103|5.984e-24|1|9755|10468|10468[10468]:9755[9755]:714[714]
1858	12894+189	0	12850	1	1398309at2759|WKLE02003913_1|+|60|5.264e-11|1|12894|13082|12894[12894]:13082[13082]:189[189]
1862	7352-789	0	8883	-1	1049599at2759|WKLE02004041_1|-|114|2.922e-27|1|6564|7352|7352[7352]:6564[6564]:789[789]
1883	10547+339	0	29760	1	1001705at2759|WKLE02004713_1|+|48|2.156e-07|1|10547|10885|10547[10547]:10885[10885]:339[339]
1894	1282-219	0	3722	-1	621827at2759|WKLE02005065_1|-|48|2.156e-07|1|1064|1282|1282[1282]:1064[1064]:219[219]
1894	3070-894	0	8883	-1	1049599at2759|WKLE02005065_1|-|61|2.632e-11|1|2177|3070|3070[3070]:2177[2177]:894[894]
1898	1741-372	0	43936	-1	911863at2759|WKLE02005193_1|-|57|4.211e-10|1|1370|1741|1741[1741]:1370[1370]:372[372]
1962	35168+495	0	19621	1	1358374at2759|WKLE02000298_1|+|36|0.0008831|1|35168|35662|35168[35168]:35662[35662]:495[495]
1962	31655-2685	0	47522	-1	1442062at2759|WKLE02000298_1|-|443|2.672e-126|1|28971|31655|31655[31655]:28971[28971]:2685[2685]
1963	4286+354	0	10688	1	1312453at2759|WKLE02000330_1|+|59|1.053e-10|1|4286|4639|4286[4286]:4639[4639]:354[354]
1968	20994+519	0	1157	1	1398309at2759|WKLE02000490_1|+|196|6.043e-52|1|20994|21512|20994[20994]:21512[21512]:519[519]
1968	25019+426	0	8354	1	1312453at2759|WKLE02000490_1|+|74|3.213e-15|1|25019|25444|25019[25019]:25444[25444]:426[426]
1971	18884+822	0	29837	1	734666at2759|WKLE02000586_1|+|69|1.028e-13|1|18884|19705|18884[18884]:19705[19705]:822[822]
1973	1815+2635	0	47522	1	1442062at2759|WKLE02000650_1|+|492|4.746e-141|2|1815|4449|1815[1815]:3563[3563]:1749[1749]|3607[3607]:4449[4449]:843[843]
1974	192+858	0	10580	1	261328at2759|WKLE02000682_1|+|199|7.553e-53|1|192|1049|192[192]:1049[1049]:858[858]
1986	12530+660	0	24408	1	1593937at2759|WKLE02001066_1|+|44|3.45e-06|1|12530|13189|12530[12530]:13189[13189]:660[660]
1986	2353+3009	0	47522	1	1442062at2759|WKLE02001066_1|+|536|2.698e-154|1|2353|5361|2353[2353]:5361[5361]:3009[3009]
1993	26115+819	0	48496	1	621827at2759|WKLE02001290_1|+|47|4.312e-07|1|26115|26933|26115[26115]:26933[26933]:819[819]
2019	1644-186	0	18806	-1	1526152at2759|WKLE02002122_1|-|37|0.0004416|1|1459|1644|1644[1644]:1459[1459]:186[186]
2023	2107+819	0	2351	1	1563319at2759|WKLE02002250_1|+|60|5.264e-11|1|2107|2925|2107[2107]:2925[2925]:819[819]
2024	4947+669	0	8354	1	1312453at2759|WKLE02002282_1|+|112|1.169e-26|1|4947|5615|4947[4947]:5615[5615]:669[669]
2046	11351+1092	0	38219	1	271586at2759|WKLE02002986_1|+|38|0.0002208|1|11351|12442|11351[11351]:12442[12442]:1092[1092]
2068	54021-423	0	8354	-1	1312453at2759|WKLE02003690_1|-|72|1.285e-14|1|53599|54021|54021[54021]:53599[53599]:423[423]
2069	6737-1092	0	2614	-1	331411at2759|WKLE02003722_1|-|259|6.552e-71|1|5646|6737|6737[6737]:5646[5646]:1092[1092]
2100	1685+417	0	51256	1	937275at2759|WKLE02004714_1|+|59|1.053e-10|1|1685|2101|1685[1685]:2101[2101]:417[417]
2112	4955+435	0	10688	1	1312453at2759|WKLE02005098_1|+|85|1.569e-18|1|4955|5389|4955[4955]:5389[5389]:435[435]
2184	47958-657	0	24156	-1	1049599at2759|WKLE02000459_1|-|69|1.028e-13|1|47302|47958|47958[47958]:47302[47302]:657[657]
2184	8186+765	0	46242	1	1001705at2759|WKLE02000459_1|+|205|1.18e-54|1|8186|8950|8186[8186]:8950[8950]:765[765]
2186	19447+432	0	10688	1	1312453at2759|WKLE02000523_1|+|50|5.39e-08|1|19447|19878|19447[19447]:19878[19878]:432[432]
2191	8012-822	0	4798	-1	1312453at2759|WKLE02000683_1|-|82|1.255e-17|1|7191|8012|8012[8012]:7191[7191]:822[822]
2191	38793-558	0	10688	-1	1312453at2759|WKLE02000683_1|-|66|8.225e-13|1|38236|38793|38793[38793]:38236[38236]:558[558]
2194	8198+714	0	44952	1	1001705at2759|WKLE02000779_1|+|55|1.684e-09|1|8198|8911|8198[8198]:8911[8911]:714[714]
2207	67394-444	0	8354	-1	1312453at2759|WKLE02001195_1|-|44|3.45e-06|1|66951|67394|67394[67394]:66951[66951]:444[444]
2211	12894+801	0	51506	1	621827at2759|WKLE02001323_1|+|41|2.76e-05|1|12894|13694|12894[12894]:13694[13694]:801[801]
2215	25863-984	0	47267	-1	261328at2759|WKLE02001451_1|-|74|3.213e-15|1|24880|25863|25863[25863]:24880[24880]:984[984]
2238	4414+417	0	51886	1	1563319at2759|WKLE02002187_1|+|37|0.0004416|1|4414|4830|4414[4414]:4830[4830]:417[417]
2245	3279-417	0	10688	-1	1312453at2759|WKLE02002411_1|-|66|8.225e-13|1|2863|3279|3279[3279]:2863[2863]:417[417]
2270	14661-1818	0	6363	-1	331411at2759|WKLE02003211_1|-|235|1.099e-63|1|12844|14661|14661[14661]:12844[12844]:1818[1818]
2270	16240+441	0	45929	1	621827at2759|WKLE02003211_1|+|44|3.45e-06|1|16240|16680|16240[16240]:16680[16680]:441[441]
2369	13066+303	0	9431	1	271586at2759|WKLE02006379_1|+|42|1.38e-05|1|13066|13368|13066[13066]:13368[13368]:303[303]
2369	11092+699	0	19169	1	1440961at2759|WKLE02006379_1|+|99|9.575e-23|1|11092|11790|11092[11092]:11790[11790]:699[699]
2382	482-456	0	8354	-1	1312453at2759|WKLE02006795_1|-|49|1.078e-07|1|27|482|482[482]:27[27]:456[456]
2419	21315+648	0	38068	1	271586at2759|WKLE02001068_1|+|38|0.0002208|1|21315|21962|21315[21315]:21962[21962]:648[648]
2429	29239-480	0	16221	-1	142542at2759|WKLE02001388_1|-|72|1.285e-14|1|28760|29239|29239[29239]:28760[28760]:480[480]
2435	18625+753	0	8667	1	621827at2759|WKLE02001580_1|+|109|9.351e-26|1|18625|19377|18625[18625]:19377[19377]:753[753]
2445	4483-591	0	8354	-1	1312453at2759|WKLE02001900_1|-|75|1.606e-15|1|3893|4483|4483[4483]:3893[3893]:591[591]
2485	31493+867	0	54850	1	996662at2759|WKLE02003180_1|+|83|6.275e-18|1|31493|32359|31493[31493]:32359[32359]:867[867]
2608	8400+645	0	8354	1	1312453at2759|WKLE02000205_1|+|78|2.008e-16|1|8400|9044|8400[8400]:9044[9044]:645[645]
2613	3138-786	0	10874	-1	621827at2759|WKLE02000365_1|-|91|2.451e-20|1|2353|3138|3138[3138]:2353[2353]:786[786]
2617	27520-723	0	35836	-1	261419at2759|WKLE02000493_1|-|221|1.801e-59|2|26798|27520|27520[27520]:27395[27395]:126[126]|27304[27289]:26798[26798]:507[492]
2664	7957+567	0	10688	1	1312453at2759|WKLE02001997_1|+|96|7.66e-22|1|7957|8523|7957[7957]:8523[8523]:567[567]
2670	14491-432	0	10688	-1	1312453at2759|WKLE02002189_1|-|63|6.58e-12|1|14060|14491|14491[14491]:14060[14060]:432[432]
2672	3862-720	0	21786	-1	911863at2759|WKLE02002253_1|-|38|0.0002208|1|3143|3862|3862[3862]:3143[3143]:720[720]
2678	48374+501	0	10688	1	1312453at2759|WKLE02002445_1|+|53|6.738e-09|1|48374|48874|48374[48374]:48874[48874]:501[501]
2678	61638+1356	0	55807	1	937275at2759|WKLE02002445_1|+|216|5.763e-58|1|61638|62993|61638[61638]:62993[62993]:1356[1356]
2690	28494-978	0	4798	-1	1312453at2759|WKLE02002829_1|-|88|1.961e-19|1|27517|28494|28494[28494]:27517[27517]:978[978]
2690	14374-794	0	8354	-1	1312453at2759|WKLE02002829_1|-|124|2.854e-30|2|13581|14374|14374[14374]:13955[13955]:420[420]|13829[13829]:13581[13581]:249[249]
2690	15444-2791	0	38584	-1	1312453at2759|WKLE02002829_1|-|59|1.053e-10|2|12654|15444|15444[15444]:15415[15415]:30[30]|12956[12956]:12654[12654]:303[303]
2702	7410-366	0	10688	-1	1312453at2759|WKLE02003213_1|-|89|9.805e-20|1|7045|7410|7410[7410]:7045[7045]:366[366]
2733	22742+273	0	15518	1	142542at2759|WKLE02004205_1|+|57|4.211e-10|1|22742|23014|22742[22742]:23014[23014]:273[273]
2735	24005-483	0	15995	-1	179362at2759|WKLE02004269_1|-|40|5.52e-05|1|23523|24005|24005[24005]:23523[23523]:483[483]
2740	2520+426	0	10688	1	1312453at2759|WKLE02004429_1|+|81|2.51e-17|1|2520|2945|2520[2520]:2945[2945]:426[426]
2758	49010-1380	0	38148	-1	1428265at2759|WKLE02005005_1|-|338|1.084e-94|1|47631|49010|49010[49010]:47631[47631]:1380[1380]
2778	2882-411	0	10688	-1	1312453at2759|WKLE02005645_1|-|67|4.112e-13|1|2472|2882|2882[2882]:2472[2472]:411[411]
2786	1753+693	0	27720	1	1312453at2759|WKLE02005901_1|+|68|2.056e-13|2|1753|2445|1753[1753]:2157[2157]:405[405]|2299[2299]:2445[2445]:147[147]
2801	622+834	0	5245	1	621827at2759|WKLE02006381_1|+|147|3.402e-37|1|622|1455|622[622]:1455[1455]:834[834]
2801	211+399	0	27665	1	621827at2759|WKLE02006381_1|+|95|1.532e-21|1|211|609|211[211]:609[609]:399[399]
2821	28826-408	0	10688	-1	1312453at2759|WKLE02000110_1|-|59|1.053e-10|1|28419|28826|28826[28826]:28419[28419]:408[408]
2826	19263+624	0	10688	1	1312453at2759|WKLE02000270_1|+|36|0.0008831|1|19263|19886|19263[19263]:19886[19886]:624[624]
2831	2266-1116	0	19196	-1	271586at2759|WKLE02000430_1|-|107|3.74e-25|1|1151|2266|2266[2266]:1151[1151]:1116[1116]
2832	5595+525	0	10688	1	1312453at2759|WKLE02000462_1|+|61|2.632e-11|1|5595|6119|5595[5595]:6119[6119]:525[525]
2832	34536-1104	0	24964	-1	1001705at2759|WKLE02000462_1|-|37|0.0004416|1|33433|34536|34536[34536]:33433[33433]:1104[1104]
2842	2603+441	0	10688	1	1312453at2759|WKLE02000782_1|+|88|1.961e-19|1|2603|3043|2603[2603]:3043[3043]:441[441]
2852	12871-846	0	27867	-1	1049599at2759|WKLE02001102_1|-|60|5.264e-11|1|12026|12871|12871[12871]:12026[12026]:846[846]
2863	14985+747	0	22501	1	261328at2759|WKLE02001454_1|+|81|2.51e-17|1|14985|15731|14985[14985]:15731[15731]:747[747]
2892	3+420	0	35094	1	1001705at2759|WKLE02002382_1|+|114|2.922e-27|1|3|422|3[3]:422[422]:420[420]
2920	2693+630	0	45142	1	1312453at2759|WKLE02003278_1|+|44|3.45e-06|1|2693|3322|2693[2693]:3322[3322]:630[630]
2926	33955-225	0	15518	-1	142542at2759|WKLE02003470_1|-|61|2.632e-11|1|33731|33955|33955[33955]:33731[33731]:225[225]
2926	19613-819	0	24156	-1	1049599at2759|WKLE02003470_1|-|125|1.427e-30|1|18795|19613|19613[19613]:18795[18795]:819[819]
2978	9096+567	0	10688	1	1312453at2759|WKLE02005134_1|+|41|2.76e-05|1|9096|9662|9096[9096]:9662[9662]:567[567]
3036	48624+990	0	4586	1	1049599at2759|WKLE02000079_1|+|143|5.443e-36|1|48624|49613|48624[48624]:49613[49613]:990[990]
3036	28610+870	0	32854	1	621827at2759|WKLE02000079_1|+|243|4.294e-66|1|28610|29479|28610[28610]:29479[29479]:870[870]
3041	12859-726	0	15729	-1	1588798at2759|WKLE02000239_1|-|63|6.58e-12|1|12134|12859|12859[12859]:12134[12134]:726[726]
3049	21687-498	0	9743	-1	1588798at2759|WKLE02000495_1|-|42|1.38e-05|1|21190|21687|21687[21687]:21190[21190]:498[498]
3055	18448+930	0	4586	1	1049599at2759|WKLE02000687_1|+|213|4.61e-57|1|18448|19377|18448[18448]:19377[19377]:930[930]
3071	31575+795	0	44846	1	621827at2759|WKLE02001199_1|+|154|2.658e-39|1|31575|32369|31575[31575]:32369[32369]:795[795]
3080	5599+252	0	9431	1	271586at2759|WKLE02001487_1|+|37|0.0004416|1|5599|5850|5599[5599]:5850[5850]:252[252]
3101	7917+891	0	10580	1	261328at2759|WKLE02002159_1|+|136|6.967e-34|1|7917|8807|7917[7917]:8807[8807]:891[891]
3107	80556-576	0	8354	-1	1312453at2759|WKLE02002351_1|-|66|8.225e-13|1|79981|80556|80556[80556]:79981[79981]:576[576]
3107	12020-615	0	52782	-1	911863at2759|WKLE02002351_1|-|43|6.9e-06|1|11406|12020|12020[12020]:11406[11406]:615[615]
3156	28532-225	0	24050	-1	142542at2759|WKLE02003919_1|-|56|8.422e-10|1|28308|28532|28532[28532]:28308[28308]:225[225]
3217	11698-465	0	23549	-1	464990at2759|WKLE02005871_1|-|66|8.225e-13|1|11234|11698|11698[11698]:11234[11234]:465[465]
3219	462+1023	0	46892	1	1358374at2759|WKLE02005935_1|+|112|1.169e-26|2|462|1484|462[462]:767[767]:306[306]|1059[1059]:1484[1484]:426[426]
3255	1431+516	0	8354	1	1312453at2759|WKLE02000176_1|+|49|1.078e-07|1|1431|1946|1431[1431]:1946[1946]:516[516]
3256	2265-456	0	42584	-1	621827at2759|WKLE02000208_1|-|40|5.52e-05|1|1810|2265|2265[2265]:1810[1810]:456[456]
3261	26637-591	0	42584	-1	621827at2759|WKLE02000368_1|-|38|0.0002208|1|26047|26637|26637[26637]:26047[26047]:591[591]
3283	24225-777	0	15687	-1	261328at2759|WKLE02001072_1|-|66|8.225e-13|1|23449|24225|24225[24225]:23449[23449]:777[777]
3318	21957+576	0	4389	1	1312453at2759|WKLE02002192_1|+|39|0.0001104|1|21957|22532|21957[21957]:22532[22532]:576[576]
3319	6820+885	0	50625	1	1049599at2759|WKLE02002224_1|+|80|5.02e-17|1|6820|7704|6820[6820]:7704[7704]:885[885]
3325	37573-354	0	422	-1	1339553at2759|WKLE02002416_1|-|36|0.0008831|1|37220|37573|37573[37573]:37220[37220]:354[354]
3325	1631-786	0	19579	-1	331411at2759|WKLE02002416_1|-|43|6.9e-06|1|846|1631|1631[1631]:846[846]:786[786]
3325	3155-324	0	46277	-1	331411at2759|WKLE02002416_1|-|37|0.0004416|1|2832|3155|3155[3155]:2832[2832]:324[324]
3343	34265-816	0	3807	-1	271586at2759|WKLE02002992_1|-|93|6.128e-21|1|33450|34265|34265[34265]:33450[33450]:816[816]
3359	2882-2844	0	47522	-1	1442062at2759|WKLE02003504_1|-|512|4.526e-147|1|39|2882|2882[2882]:39[39]:2844[2844]
3399	20818+912	0	31615	1	621827at2759|WKLE02004784_1|+|71|2.57e-14|1|20818|21729|20818[20818]:21729[21729]:912[912]
3401	23018-975	0	33160	-1	1440961at2759|WKLE02004848_1|-|315|9.092e-88|1|22044|23018|23018[23018]:22044[22044]:975[975]
3401	4841+735	0	46868	1	911863at2759|WKLE02004848_1|+|45|1.725e-06|1|4841|5575|4841[4841]:5575[5575]:735[735]
3413	16229+771	0	35381	1	261328at2759|WKLE02005232_1|+|95|1.532e-21|1|16229|16999|16229[16229]:16999[16999]:771[771]
3472	40506-441	0	2122	-1	1269244at2759|WKLE02000209_1|-|42|1.38e-05|1|40066|40506|40506[40506]:40066[40066]:441[441]
3472	6801+1065	0	9430	1	271586at2759|WKLE02000209_1|+|55|1.684e-09|1|6801|7865|6801[6801]:7865[7865]:1065[1065]
3472	1787-1293	0	55929	-1	271586at2759|WKLE02000209_1|-|47|4.312e-07|1|495|1787|1787[1787]:495[495]:1293[1293]
3474	10900-549	0	20637	-1	911863at2759|WKLE02000273_1|-|46|8.624e-07|1|10352|10900|10900[10900]:10352[10352]:549[549]
3479	31883-819	0	1504	-1	621827at2759|WKLE02000433_1|-|115|1.461e-27|1|31065|31883|31883[31883]:31065[31065]:819[819]
3479	47766+339	0	46782	1	621827at2759|WKLE02000433_1|+|76|8.032e-16|1|47766|48104|47766[47766]:48104[48104]:339[339]
3479	29830+816	0	53792	1	1364586at2759|WKLE02000433_1|+|169|8.11e-44|1|29830|30645|29830[29830]:30645[30645]:816[816]
3487	36465-291	0	3722	-1	621827at2759|WKLE02000689_1|-|99|9.575e-23|1|36175|36465|36465[36465]:36175[36175]:291[291]
3487	48552-225	0	8767	-1	142542at2759|WKLE02000689_1|-|64|3.29e-12|1|48328|48552|48552[48552]:48328[48328]:225[225]
3487	45144+186	0	12521	1	179362at2759|WKLE02000689_1|+|38|0.0002208|1|45144|45329|45144[45144]:45329[45329]:186[186]
3487	43725+936	0	13301	1	179362at2759|WKLE02000689_1|+|81|2.51e-17|1|43725|44660|43725[43725]:44660[44660]:936[936]
3492	24855+540	0	8354	1	1312453at2759|WKLE02000849_1|+|98|1.915e-22|1|24855|25394|24855[24855]:25394[25394]:540[540]
3492	20728-801	0	19169	-1	1440961at2759|WKLE02000849_1|-|73|6.426e-15|1|19928|20728|20728[20728]:19928[19928]:801[801]
3493	1712+699	0	35094	1	1001705at2759|WKLE02000881_1|+|94|3.064e-21|1|1712|2410|1712[1712]:2410[2410]:699[699]
3502	47373+1815	0	1442	1	464990at2759|WKLE02001169_1|+|395|7.521e-112|1|47373|49187|47373[47373]:49187[49187]:1815[1815]
3507	10594+687	0	8354	1	1312453at2759|WKLE02001329_1|+|54|3.369e-09|1|10594|11280|10594[10594]:11280[11280]:687[687]
3511	358+312	0	24050	1	142542at2759|WKLE02001457_1|+|58|2.106e-10|1|358|669|358[358]:669[669]:312[312]
3517	2227-246	0	16160	-1	142542at2759|WKLE02001649_1|-|53|6.738e-09|1|1982|2227|2227[2227]:1982[1982]:246[246]
3519	81+591	0	35094	1	1001705at2759|WKLE02001713_1|+|141|2.177e-35|1|81|671|81[81]:671[671]:591[591]
3525	5916+426	0	15518	1	142542at2759|WKLE02001905_1|+|162|1.038e-41|2|5916|6341|5916[5916]:6098[6098]:183[183]|6264[6267]:6341[6341]:78[75]
3525	13054+306	0	16938	1	142542at2759|WKLE02001905_1|+|53|6.738e-09|1|13054|13359|13054[13054]:13359[13359]:306[306]
3525	11950+315	0	24050	1	142542at2759|WKLE02001905_1|+|49|1.078e-07|1|11950|12264|11950[11950]:12264[12264]:315[315]
3537	7065+550	0	10065	1	261419at2759|WKLE02002289_1|+|56|8.422e-10|2|7065|7614|7065[7065]:7223[7223]:159[159]|7435[7435]:7614[7614]:180[180]
3558	35203-453	0	1998	-1	1312453at2759|WKLE02002961_1|-|41|2.76e-05|1|34751|35203|35203[35203]:34751[34751]:453[453]
3568	22366-540	0	6240	-1	911863at2759|WKLE02003281_1|-|37|0.0004416|1|21827|22366|22366[22366]:21827[21827]:540[540]
3584	7132+441	0	27720	1	1312453at2759|WKLE02003793_1|+|66|8.225e-13|1|7132|7572|7132[7132]:7572[7572]:441[441]
3594	27211+504	0	10688	1	1312453at2759|WKLE02004113_1|+|79|1.004e-16|1|27211|27714|27211[27211]:27714[27714]:504[504]
3665	3578+612	0	8354	1	1312453at2759|WKLE02006385_1|+|95|1.532e-21|1|3578|4189|3578[3578]:4189[4189]:612[612]
3679	1+468	0	10688	1	1312453at2759|WKLE02006833_1|+|38|0.0002208|1|1|468|1[1]:468[468]:468[468]
3687	15900+528	0	42837	1	261328at2759|WKLE02000178_1|+|68|2.056e-13|1|15900|16427|15900[15900]:16427[16427]:528[528]
3694	41080+801	0	34471	1	1346432at2759|WKLE02000402_1|+|40|5.52e-05|1|41080|41880|41080[41080]:41880[41880]:801[801]
3696	37457+264	0	12850	1	1398309at2759|WKLE02000466_1|+|94|3.064e-21|1|37457|37720|37457[37457]:37720[37720]:264[264]
3706	24733-1473	0	50609	-1	261328at2759|WKLE02000786_1|-|113|5.844e-27|2|23261|24733|24733[24733]:23873[23873]:861[861]|23371[23371]:23261[23261]:111[111]
3721	3885-1467	0	42188	-1	1593937at2759|WKLE02001266_1|-|122|1.141e-29|1|2419|3885|3885[3885]:2419[2419]:1467[1467]
3743	1779-558	0	8354	-1	1312453at2759|WKLE02001970_1|-|136|6.967e-34|1|1222|1779|1779[1779]:1222[1222]:558[558]
3769	3959+747	0	45501	1	1053181at2759|WKLE02002802_1|+|97|3.83e-22|2|3959|4705|3959[3959]:4192[4192]:234[234]|4382[4382]:4705[4705]:324[324]
3775	1830-591	0	8354	-1	1312453at2759|WKLE02002994_1|-|124|2.854e-30|1|1240|1830|1830[1830]:1240[1240]:591[591]
3800	6101-969	0	47662	-1	911863at2759|WKLE02003794_1|-|37|0.0004416|1|5133|6101|6101[6101]:5133[5133]:969[969]
3832	12713-762	0	41273	-1	911863at2759|WKLE02004818_1|-|45|1.725e-06|1|11952|12713|12713[12713]:11952[11952]:762[762]
3873	5850+951	0	20600	1	1049599at2759|WKLE02006130_1|+|73|6.426e-15|1|5850|6800|5850[5850]:6800[6800]:951[951]
3874	1957-1449	0	13301	-1	179362at2759|WKLE02006162_1|-|61|2.632e-11|1|509|1957|1957[1957]:509[509]:1449[1449]
3901	21586+615	0	8354	1	1312453at2759|WKLE02000115_1|+|73|6.426e-15|1|21586|22200|21586[21586]:22200[22200]:615[615]
3901	11336+624	0	10688	1	1312453at2759|WKLE02000115_1|+|72|1.285e-14|1|11336|11959|11336[11336]:11959[11959]:624[624]
3901	42845+747	0	26615	1	1049599at2759|WKLE02000115_1|+|96|7.66e-22|1|42845|43591|42845[42845]:43591[43591]:747[747]
3903	36898-510	0	8354	-1	1312453at2759|WKLE02000179_1|-|79|1.004e-16|1|36389|36898|36898[36898]:36389[36389]:510[510]
3910	14140+507	0	8354	1	1312453at2759|WKLE02000403_1|+|93|6.128e-21|1|14140|14646|14140[14140]:14646[14646]:507[507]
3910	7912-5544	0	54496	-1	142542at2759|WKLE02000403_1|-|1228|0|4|2369|7912|7912[7912]:7763[7763]:150[150]|7676[7673]:5430[5430]:2247[2244]|5334[5334]:4720[4720]:615[615]|4588[4588]:2369[2369]:2220[2220]
3922	87931-462	0	35094	-1	1001705at2759|WKLE02000787_1|-|43|6.9e-06|1|87470|87931|87931[87931]:87470[87470]:462[462]
3922	37842+1239	0	41827	1	271586at2759|WKLE02000787_1|+|48|2.156e-07|1|37842|39080|37842[37842]:39080[39080]:1239[1239]
3928	13121-258	0	8767	-1	142542at2759|WKLE02000979_1|-|61|2.632e-11|1|12864|13121|13121[13121]:12864[12864]:258[258]
3949	12035+162	0	8767	1	142542at2759|WKLE02001651_1|+|44|3.45e-06|1|12035|12196|12035[12035]:12196[12196]:162[162]
3959	25217-420	0	10688	-1	1312453at2759|WKLE02001971_1|-|59|1.053e-10|1|24798|25217|25217[25217]:24798[24798]:420[420]
3975	7984-834	0	8354	-1	1312453at2759|WKLE02002483_1|-|65|1.645e-12|1|7151|7984|7984[7984]:7151[7151]:834[834]
3975	11719+489	0	27720	1	1312453at2759|WKLE02002483_1|+|65|1.645e-12|1|11719|12207|11719[11719]:12207[12207]:489[489]
4012	4368-3017	0	47522	-1	1442062at2759|WKLE02003667_1|-|455|6.523e-130|2|1352|4368|4368[4368]:2497[2497]:1872[1872]|2431[2431]:1352[1352]:1080[1080]
4024	5535-762	0	24408	-1	1593937at2759|WKLE02004051_1|-|46|8.624e-07|1|4774|5535|5535[5535]:4774[4774]:762[762]
4035	17979-825	0	2614	-1	331411at2759|WKLE02004403_1|-|92|1.226e-20|1|17155|17979|17979[17979]:17155[17155]:825[825]
4053	15720+321	0	15185	1	1407446at2759|WKLE02004979_1|+|42|1.38e-05|1|15720|16040|15720[15720]:16040[16040]:321[321]
4063	1324-615	0	8416	-1	911863at2759|WKLE02005299_1|-|56|8.422e-10|1|710|1324|1324[1324]:710[710]:615[615]
4101	4168-255	0	24050	-1	142542at2759|WKLE02006515_1|-|52|1.348e-08|1|3914|4168|4168[4168]:3914[3914]:255[255]
4116	3682-588	0	30949	-1	271586at2759|WKLE02000084_1|-|43|6.9e-06|1|3095|3682|3682[3682]:3095[3095]:588[588]
4125	86645+456	0	10688	1	1312453at2759|WKLE02000372_1|+|58|2.106e-10|1|86645|87100|86645[86645]:87100[87100]:456[456]
4156	41234-1482	0	2761	-1	331411at2759|WKLE02001364_1|-|40|5.52e-05|1|39753|41234|41234[41234]:39753[39753]:1482[1482]
4166	75270+1050	0	49414	1	271586at2759|WKLE02001684_1|+|78|2.008e-16|1|75270|76319|75270[75270]:76319[76319]:1050[1050]
4207	16364-243	0	24333	-1	1049599at2759|WKLE02002996_1|-|41|2.76e-05|1|16122|16364|16364[16364]:16122[16122]:243[243]
4208	5401-561	0	36994	-1	1049599at2759|WKLE02003028_1|-|55|1.684e-09|1|4841|5401|5401[5401]:4841[4841]:561[561]
4320	9073-471	0	10688	-1	1312453at2759|WKLE02006612_1|-|59|1.053e-10|1|8603|9073|9073[9073]:8603[8603]:471[471]
4335	17209+522	0	8354	1	1312453at2759|WKLE02000181_1|+|69|1.028e-13|1|17209|17730|17209[17209]:17730[17730]:522[522]
4335	21241-309	0	27720	-1	1312453at2759|WKLE02000181_1|-|42|1.38e-05|1|20933|21241|21241[21241]:20933[20933]:309[309]
4341	2599-564	0	10688	-1	1312453at2759|WKLE02000373_1|-|74|3.213e-15|1|2036|2599|2599[2599]:2036[2036]:564[564]
4364	9782-572	0	8354	-1	1312453at2759|WKLE02001109_1|-|108|1.87e-25|2|9211|9782|9782[9782]:9432[9432]:351[351]|9279[9279]:9211[9211]:69[69]
4370	8206-1113	0	39092	-1	1364586at2759|WKLE02001301_1|-|49|1.078e-07|1|7094|8206|8206[8206]:7094[7094]:1113[1113]
4386	31105+477	0	8354	1	1312453at2759|WKLE02001813_1|+|58|2.106e-10|1|31105|31581|31105[31105]:31581[31581]:477[477]
4386	33587-579	0	35836	-1	261419at2759|WKLE02001813_1|-|218|1.441e-58|1|33009|33587|33587[33587]:33009[33009]:579[579]
4387	1499+474	0	16221	1	142542at2759|WKLE02001845_1|+|41|2.76e-05|1|1499|1972|1499[1499]:1972[1972]:474[474]
4391	3988+1242	0	49414	1	271586at2759|WKLE02001973_1|+|179|7.92e-47|1|3988|5229|3988[3988]:5229[5229]:1242[1242]
4394	106980+396	0	52408	1	911863at2759|WKLE02002069_1|+|63|6.58e-12|1|106980|107375|106980[106980]:107375[107375]:396[396]
4399	12527+468	0	10688	1	1312453at2759|WKLE02002229_1|+|83|6.275e-18|1|12527|12994|12527[12527]:12994[12994]:468[468]
4404	13395-426	0	10688	-1	1312453at2759|WKLE02002389_1|-|78|2.008e-16|1|12970|13395|13395[13395]:12970[12970]:426[426]
4420	10843-1032	0	8883	-1	1049599at2759|WKLE02002901_1|-|136|6.967e-34|1|9812|10843|10843[10843]:9812[9812]:1032[1032]
4423	24777+801	0	17074	1	1049599at2759|WKLE02002997_1|+|89|9.805e-20|1|24777|25577|24777[24777]:25577[25577]:801[801]
4423	41815+300	0	25829	1	142542at2759|WKLE02002997_1|+|74|3.213e-15|1|41815|42114|41815[41815]:42114[42114]:300[300]
4424	23807+282	0	3722	1	621827at2759|WKLE02003029_1|+|140|4.354e-35|1|23807|24088|23807[23807]:24088[24088]:282[282]
4434	22948+465	0	4940	1	142542at2759|WKLE02003349_1|+|98|1.915e-22|2|22948|23412|22948[22948]:23124[23124]:177[177]|23242[23242]:23412[23412]:171[171]
4464	32318-846	0	8354	-1	1312453at2759|WKLE02004309_1|-|66|8.225e-13|1|31473|32318|32318[32318]:31473[31473]:846[846]
4464	1528+360	0	10688	1	1312453at2759|WKLE02004309_1|+|65|1.645e-12|1|1528|1887|1528[1528]:1887[1887]:360[360]
4550	3247-831	0	35094	-1	1001705at2759|WKLE02000150_1|-|137|3.483e-34|1|2417|3247|3247[3247]:2417[2417]:831[831]
4560	42884+498	0	8354	1	1312453at2759|WKLE02000470_1|+|62|1.316e-11|1|42884|43381|42884[42884]:43381[43381]:498[498]
4560	34293-588	0	8354	-1	1312453at2759|WKLE02000470_1|-|118|1.826e-28|1|33706|34293|34293[34293]:33706[33706]:588[588]
4570	14602-1257	0	49414	-1	271586at2759|WKLE02000790_1|-|91|2.451e-20|1|13346|14602|14602[14602]:13346[13346]:1257[1257]
4588	19549+522	0	10688	1	1312453at2759|WKLE02001366_1|+|74|3.213e-15|1|19549|20070|19549[19549]:20070[20070]:522[522]
4594	35705+900	0	52251	1	1428265at2759|WKLE02001558_1|+|330|2.775e-92|2|35705|36604|35705[35705]:35863[35863]:159[159]|35951[35966]:36604[36604]:654[639]
4637	18551-1023	0	22725	-1	1076134at2759|WKLE02002934_1|-|103|5.984e-24|2|17529|18551|18551[18551]:18354[18354]:198[198]|18062[18062]:17529[17529]:534[534]
4638	3286-546	0	8354	-1	1312453at2759|WKLE02002966_1|-|98|1.915e-22|1|2741|3286|3286[3286]:2741[2741]:546[546]
4653	42146-1413	0	22630	-1	383503at2759|WKLE02003446_1|-|504|1.159e-144|1|40734|42146|42146[42146]:40734[40734]:1413[1413]
4693	7896-933	0	31858	-1	911863at2759|WKLE02004726_1|-|48|2.156e-07|1|6964|7896|7896[7896]:6964[6964]:933[933]
4705	311-312	0	30967	-1	621827at2759|WKLE02005110_1|-|55|1.684e-09|1|0|311|311[311]:0[0]:312[312]
4731	1807+339	0	6589	1	1001705at2759|WKLE02005942_1|+|43|6.9e-06|1|1807|2145|1807[1807]:2145[2145]:339[339]
4738	38774-435	0	27720	-1	1312453at2759|WKLE02006166_1|-|59|1.053e-10|1|38340|38774|38774[38774]:38340[38340]:435[435]
4743	1462+3123	0	2935	1	671846at2759|WKLE02006326_1|+|464|1.274e-132|1|1462|4584|1462[1462]:4584[4584]:3123[3123]
4754	1206+789	0	22725	1	1076134at2759|WKLE02006678_1|+|48|2.156e-07|1|1206|1994|1206[1206]:1994[1994]:789[789]
4786	12328-699	0	8354	-1	1312453at2759|WKLE02000791_1|-|94|3.064e-21|1|11630|12328|12328[12328]:11630[11630]:699[699]
4793	2911+711	0	51862	1	450058at2759|WKLE02001015_1|+|48|2.156e-07|1|2911|3621|2911[2911]:3621[3621]:711[711]
4825	10035-534	0	15788	-1	1358374at2759|WKLE02002039_1|-|37|0.0004416|1|9502|10035|10035[10035]:9502[9502]:534[534]
4880	31134-618	0	8354	-1	1312453at2759|WKLE02003799_1|-|116|7.305e-28|1|30517|31134|31134[31134]:30517[30517]:618[618]
4880	34580+513	0	16221	1	142542at2759|WKLE02003799_1|+|41|2.76e-05|1|34580|35092|34580[34580]:35092[35092]:513[513]
4892	11080-306	0	33054	-1	1312453at2759|WKLE02004183_1|-|39|0.0001104|1|10775|11080|11080[11080]:10775[10775]:306[306]
4921	12279-465	0	10688	-1	1312453at2759|WKLE02005111_1|-|115|1.461e-27|1|11815|12279|12279[12279]:11815[11815]:465[465]
4928	2344+648	0	8354	1	1312453at2759|WKLE02005335_1|+|136|6.967e-34|2|2344|2991|2344[2344]:2655[2655]:312[312]|2797[2797]:2991[2991]:195[195]
4928	1060+429	0	27720	1	1312453at2759|WKLE02005335_1|+|64|3.29e-12|1|1060|1488|1060[1060]:1488[1488]:429[429]
4982	81889+627	0	3072	1	179362at2759|WKLE02000152_1|+|300|2.979e-83|1|81889|82515|81889[81889]:82515[82515]:627[627]
4982	86688+237	0	52969	1	179362at2759|WKLE02000152_1|+|57|4.211e-10|1|86688|86924|86688[86688]:86924[86924]:237[237]
4990	3173+660	0	24408	1	1593937at2759|WKLE02000408_1|+|36|0.0008831|1|3173|3832|3173[3173]:3832[3832]:660[660]
4994	47675-1287	0	28900	-1	1041560at2759|WKLE02000536_1|-|462|5.096e-132|2|46389|47675|47675[47675]:46905[46905]:771[771]|46616[46613]:46389[46389]:228[225]
4999	7304-1458	0	53688	-1	734666at2759|WKLE02000696_1|-|213|4.61e-57|1|5847|7304|7304[7304]:5847[5847]:1458[1458]
5006	16931-3900	0	47384	-1	142542at2759|WKLE02000920_1|-|629|2.724e-182|1|13032|16931|16931[16931]:13032[13032]:3900[3900]
5020	2680-351	0	4492	-1	142542at2759|WKLE02001368_1|-|57|4.211e-10|1|2330|2680|2680[2680]:2330[2330]:351[351]
5020	4489-213	0	8767	-1	142542at2759|WKLE02001368_1|-|69|1.028e-13|1|4277|4489|4489[4489]:4277[4277]:213[213]
5043	22249+456	0	16221	1	142542at2759|WKLE02002104_1|+|64|3.29e-12|1|22249|22704|22249[22249]:22704[22704]:456[456]
5094	46262+177	0	52969	1	179362at2759|WKLE02003736_1|+|36|0.0008831|1|46262|46438|46262[46262]:46438[46438]:177[177]
5105	938-354	0	10688	-1	1312453at2759|WKLE02004088_1|-|63|6.58e-12|1|585|938|938[938]:585[585]:354[354]
5106	2337+2940	0	47522	1	1442062at2759|WKLE02004120_1|+|499|3.708e-143|1|2337|5276|2337[2337]:5276[5276]:2940[2940]
5111	23056-357	0	10688	-1	1312453at2759|WKLE02004280_1|-|76|8.032e-16|1|22700|23056|23056[23056]:22700[22700]:357[357]
5122	9012+1809	0	53615	1	271586at2759|WKLE02004632_1|+|89|9.805e-20|1|9012|10820|9012[9012]:10820[10820]:1809[1809]
5194	20660-834	0	51004	-1	1049599at2759|WKLE02000025_1|-|84|3.138e-18|1|19827|20660|20660[20660]:19827[19827]:834[834]
5198	4346+555	0	27665	1	621827at2759|WKLE02000153_1|+|68|2.056e-13|1|4346|4900|4346[4346]:4900[4900]:555[555]
5200	4153+270	0	9111	1	1049599at2759|WKLE02000217_1|+|36|0.0008831|1|4153|4422|4153[4153]:4422[4422]:270[270]
5203	362+1124	0	43828	1	457861at2759|WKLE02000313_1|+|327|2.22e-91|2|362|1485|362[362]:1153[1153]:792[792]|1264[1276]:1485[1485]:222[210]
5215	4653-630	0	29485	-1	911863at2759|WKLE02000697_1|-|47|4.312e-07|1|4024|4653|4653[4653]:4024[4024]:630[630]
5229	30038-516	0	8354	-1	1312453at2759|WKLE02001145_1|-|57|4.211e-10|1|29523|30038|30038[30038]:29523[29523]:516[516]
5245	2860+669	0	8354	1	1312453at2759|WKLE02001657_1|+|71|2.57e-14|1|2860|3528|2860[2860]:3528[3528]:669[669]
5257	57496+561	0	8354	1	1312453at2759|WKLE02002041_1|+|121|2.283e-29|1|57496|58056|57496[57496]:58056[58056]:561[561]
5267	20245+510	0	8883	1	1049599at2759|WKLE02002361_1|+|63|6.58e-12|1|20245|20754|20245[20245]:20754[20754]:510[510]
5267	18835+597	0	29301	1	261419at2759|WKLE02002361_1|+|94|3.064e-21|1|18835|19431|18835[18835]:19431[19431]:597[597]
5298	2126+522	0	4074	1	621827at2759|WKLE02003353_1|+|59|1.053e-10|1|2126|2647|2126[2126]:2647[2647]:522[522]
5298	36246+180	0	26971	1	261328at2759|WKLE02003353_1|+|50|5.39e-08|1|36246|36425|36246[36246]:36425[36425]:180[180]
5298	2809+279	0	51256	1	937275at2759|WKLE02003353_1|+|130|4.459e-32|1|2809|3087|2809[2809]:3087[3087]:279[279]
5298	7538-549	0	51258	-1	261328at2759|WKLE02003353_1|-|45|1.725e-06|1|6990|7538|7538[7538]:6990[6990]:549[549]
5309	14838-946	0	4798	-1	1312453at2759|WKLE02003705_1|-|104|2.992e-24|2|13893|14838|14838[14838]:14509[14509]:330[330]|14357[14357]:13893[13893]:465[465]
5313	4453+408	0	10688	1	1312453at2759|WKLE02003833_1|+|87|3.922e-19|1|4453|4860|4453[4453]:4860[4860]:408[408]
5345	8599-648	0	3168	-1	1076134at2759|WKLE02004857_1|-|87|3.922e-19|1|7952|8599|8599[8599]:7952[7952]:648[648]
5345	16113-5132	0	25193	-1	1001705at2759|WKLE02004857_1|-|288|1.22e-79|3|10982|16113|16113[16113]:16015[16015]:99[99]|15886[15886]:14690[14690]:1197[1197]|14425[14425]:10982[10982]:3444[3444]
5365	7510+819	0	47267	1	261328at2759|WKLE02005497_1|+|88|1.961e-19|1|7510|8328|7510[7510]:8328[8328]:819[819]
5380	6755-483	0	49420	-1	1588798at2759|WKLE02005977_1|-|36|0.0008831|1|6273|6755|6755[6755]:6273[6273]:483[483]
5391	10681-1368	0	19196	-1	271586at2759|WKLE02006329_1|-|57|4.211e-10|1|9314|10681|10681[10681]:9314[9314]:1368[1368]
5393	10644+672	0	8354	1	1312453at2759|WKLE02006393_1|+|111|2.338e-26|1|10644|11315|10644[10644]:11315[11315]:672[672]
5393	19109-606	0	19169	-1	1440961at2759|WKLE02006393_1|-|74|3.213e-15|1|18504|19109|19109[19109]:18504[18504]:606[606]
5415	37073+2004	0	11825	1	464990at2759|WKLE02000186_1|+|499|3.708e-143|1|37073|39076|37073[37073]:39076[39076]:2004[2004]
5417	11415-1670	0	13301	-1	179362at2759|WKLE02000250_1|-|211|1.844e-56|2|9746|11415|11415[11415]:10885[10885]:531[531]|10768[10762]:9746[9746]:1023[1017]
5418	7955+888	0	4798	1	1312453at2759|WKLE02000282_1|+|67|4.112e-13|1|7955|8842|7955[7955]:8842[8842]:888[888]
5427	48440-252	0	8767	-1	142542at2759|WKLE02000570_1|-|71|2.57e-14|1|48189|48440|48440[48440]:48189[48189]:252[252]
5427	4200+1160	0	31503	1	1428265at2759|WKLE02000570_1|+|54|3.369e-09|2|4200|5359|4200[4200]:4892[4892]:693[693]|5084[5084]:5359[5359]:276[276]
5427	84587+342	0	55837	1	1053181at2759|WKLE02000570_1|+|81|2.51e-17|1|84587|84928|84587[84587]:84928[84928]:342[342]
5438	6454+624	0	44126	1	1563319at2759|WKLE02000922_1|+|106|7.481e-25|1|6454|7077|6454[6454]:7077[7077]:624[624]
5458	9253-546	0	27720	-1	1312453at2759|WKLE02001562_1|-|51|2.695e-08|1|8708|9253|9253[9253]:8708[8708]:546[546]
5483	1813-879	0	18233	-1	1001705at2759|WKLE02002362_1|-|90|4.902e-20|1|935|1813|1813[1813]:935[935]:879[879]
5486	6355+648	0	24408	1	1593937at2759|WKLE02002458_1|+|36|0.0008831|1|6355|7002|6355[6355]:7002[7002]:648[648]
5509	33724-669	0	8354	-1	1312453at2759|WKLE02003194_1|-|68|2.056e-13|1|33056|33724|33724[33724]:33056[33056]:669[669]
5509	47014+672	0	24156	1	1049599at2759|WKLE02003194_1|+|67|4.112e-13|1|47014|47685|47014[47014]:47685[47685]:672[672]
5554	506+747	0	8354	1	1312453at2759|WKLE02004634_1|+|61|2.632e-11|1|506|1252|506[506]:1252[1252]:747[747]
5604	11461-1776	0	13301	-1	179362at2759|WKLE02006234_1|-|136|6.967e-34|1|9686|11461|11461[11461]:9686[9686]:1776[1776]
5641	14936+630	0	27996	1	1563319at2759|WKLE02000507_1|+|37|0.0004416|1|14936|15565|14936[14936]:15565[15565]:630[630]
5641	31388-555	0	38906	-1	911863at2759|WKLE02000507_1|-|51|2.695e-08|1|30834|31388|31388[31388]:30834[30834]:555[555]
5644	456+492	0	15687	1	261328at2759|WKLE02000603_1|+|37|0.0004416|1|456|947|456[456]:947[947]:492[492]
5662	33711-456	0	8354	-1	1312453at2759|WKLE02001179_1|-|70|5.141e-14|1|33256|33711|33711[33711]:33256[33256]:456[456]
5676	15424+5504	0	50940	1	142542at2759|WKLE02001627_1|+|1503|0|4|15424|20927|15424[15424]:17706[17706]:2283[2283]|17825[17828]:17974[17974]:150[147]|18081[18081]:19601[19601]:1521[1521]|19695[19695]:20927[20927]:1233[1233]
5686	27113-348	0	49943	-1	142542at2759|WKLE02001947_1|-|57|4.211e-10|1|26766|27113|27113[27113]:26766[26766]:348[348]
5691	16300-876	0	52601	-1	261328at2759|WKLE02002107_1|-|94|3.064e-21|1|15425|16300|16300[16300]:15425[15425]:876[876]
5724	3875-507	0	24408	-1	1593937at2759|WKLE02003163_1|-|39|0.0001104|1|3369|3875|3875[3875]:3369[3369]:507[507]
5768	3125-3054	0	47522	-1	1442062at2759|WKLE02004571_1|-|519|3.536e-149|2|72|3125|3125[3125]:1158[1158]:1968[1968]|1154[1154]:72[72]:1083[1083]
5793	9113+565	0	24142	1	1251252at2759|WKLE02005371_1|+|91|2.451e-20|2|9113|9677|9113[9113]:9556[9556]:444[444]|9642[9645]:9677[9677]:36[33]
5793	34244-1446	0	32868	-1	271586at2759|WKLE02005371_1|-|48|2.156e-07|1|32799|34244|34244[34244]:32799[32799]:1446[1446]
5793	32578-1221	0	45070	-1	271586at2759|WKLE02005371_1|-|51|2.695e-08|1|31358|32578|32578[32578]:31358[31358]:1221[1221]
5793	35789-471	0	48078	-1	271586at2759|WKLE02005371_1|-|37|0.0004416|1|35319|35789|35789[35789]:35319[35319]:471[471]
5826	2400+2928	0	47522	1	1442062at2759|WKLE02006427_1|+|419|4.483e-119|1|2400|5327|2400[2400]:5327[5327]:2928[2928]
5851	40711-654	0	8354	-1	1312453at2759|WKLE02000316_1|-|80|5.02e-17|1|40058|40711|40711[40711]:40058[40058]:654[654]
5862	44929-276	0	3722	-1	621827at2759|WKLE02000668_1|-|115|1.461e-27|1|44654|44929|44929[44929]:44654[44654]:276[276]
5869	19637+726	0	38627	1	937275at2759|WKLE02000892_1|+|78|2.008e-16|1|19637|20362|19637[19637]:20362[20362]:726[726]
5895	16868+5826	0	49299	1	1312453at2759|WKLE02001724_1|+|1158|0|5|16868|22693|16868[16868]:19546[19546]:2679[2679]|19803[19803]:19874[19874]:72[72]|20438[20438]:20626[20626]:189[189]|20953[20953]:21519[21519]:567[567]|21680[21680]:22693[22693]:1014[1014]
5945	7432+852	0	8987	1	1049599at2759|WKLE02003324_1|+|39|0.0001104|1|7432|8283|7432[7432]:8283[8283]:852[852]
5978	56518-1323	0	18937	-1	887370at2759|WKLE02004380_1|-|173|5.069e-45|1|55196|56518|56518[56518]:55196[55196]:1323[1323]
5978	38117+468	0	43936	1	911863at2759|WKLE02004380_1|+|57|4.211e-10|1|38117|38584|38117[38117]:38584[38584]:468[468]
5979	14455+1365	0	4009	1	1269244at2759|WKLE02004412_1|+|222|9.004e-60|2|14455|15819|14455[14455]:14877[14877]:423[423]|15352[15352]:15819[15819]:468[468]
5979	15361+306	0	10655	1	1269244at2759|WKLE02004412_1|+|42|1.38e-05|1|15361|15666|15361[15361]:15666[15666]:306[306]
5996	247+798	0	40601	1	261328at2759|WKLE02004956_1|+|82|1.255e-17|1|247|1044|247[247]:1044[1044]:798[798]
6007	612+333	0	10688	1	1312453at2759|WKLE02005308_1|+|52|1.348e-08|1|612|944|612[612]:944[944]:333[333]
6051	0+1200	0	2182	1	457861at2759|WKLE02006716_1|+|96|7.66e-22|1|0|1199|0[0]:1199[1199]:1200[1200]
6059	19128+975	0	52601	1	261328at2759|WKLE02000061_1|+|85|1.569e-18|1|19128|20102|19128[19128]:20102[20102]:975[975]
6061	42100+999	0	40409	1	996662at2759|WKLE02000125_1|+|392|6.017e-111|1|42100|43098|42100[42100]:43098[43098]:999[999]
6066	18718-450	0	27720	-1	1312453at2759|WKLE02000285_1|-|62|1.316e-11|1|18269|18718|18718[18718]:18269[18269]:450[450]
6066	30275+981	0	52344	1	261328at2759|WKLE02000285_1|+|84|3.138e-18|1|30275|31255|30275[30275]:31255[31255]:981[981]
6074	29396-819	0	8883	-1	1049599at2759|WKLE02000541_1|-|70|5.141e-14|1|28578|29396|29396[29396]:28578[28578]:819[819]
6087	41589+312	0	27720	1	1312453at2759|WKLE02000957_1|+|55|1.684e-09|1|41589|41900|41589[41589]:41900[41900]:312[312]
6114	20461+849	0	4946	1	1049599at2759|WKLE02001821_1|+|64|3.29e-12|1|20461|21309|20461[20461]:21309[21309]:849[849]
6114	19164+219	0	24333	1	1049599at2759|WKLE02001821_1|+|49|1.078e-07|1|19164|19382|19164[19164]:19382[19382]:219[219]
6114	3303-2952	0	43966	-1	887370at2759|WKLE02001821_1|-|432|5.472e-123|3|352|3303|3303[3303]:1684[1684]:1620[1620]|1670[1670]:1401[1401]:270[270]|834[834]:352[352]:483[483]
6139	8766-2811	0	47522	-1	1442062at2759|WKLE02002621_1|-|531|8.633e-153|1|5956|8766|8766[8766]:5956[5956]:2811[2811]
6140	45011-29386	0	20922	-1	1428265at2759|WKLE02002653_1|-|93|6.128e-21|2|15626|45011|45011[45011]:44952[44952]:60[60]|16573[16573]:15626[15626]:948[948]
6161	3776-1712	0	42188	-1	1593937at2759|WKLE02003325_1|-|129|8.917e-32|2|2065|3776|3776[3776]:2451[2451]:1326[1326]|2448[2448]:2065[2065]:384[384]
6185	10724-411	0	10688	-1	1312453at2759|WKLE02004093_1|-|63|6.58e-12|1|10314|10724|10724[10724]:10314[10314]:411[411]
6202	8103-189	0	15518	-1	142542at2759|WKLE02004637_1|-|46|8.624e-07|1|7915|8103|8103[8103]:7915[7915]:189[189]
6202	10450-318	0	29265	-1	1001705at2759|WKLE02004637_1|-|49|1.078e-07|1|10133|10450|10450[10450]:10133[10133]:318[318]
6214	26841-990	0	4496	-1	1428265at2759|WKLE02005021_1|-|68|2.056e-13|1|25852|26841|26841[26841]:25852[25852]:990[990]
6214	13493+1809	0	40272	1	621827at2759|WKLE02005021_1|+|652|3.248e-189|1|13493|15301|13493[13493]:15301[15301]:1809[1809]
6230	3465+807	0	56363	1	261328at2759|WKLE02005533_1|+|87|3.922e-19|1|3465|4271|3465[3465]:4271[4271]:807[807]
6260	1195+861	0	24925	1	1049599at2759|WKLE02006493_1|+|132|1.115e-32|1|1195|2055|1195[1195]:2055[2055]:861[861]
6266	16159+1230	0	43576	1	1428265at2759|WKLE02006685_1|+|297|2.383e-82|1|16159|17388|16159[16159]:17388[17388]:1230[1230]
6288	50657+909	0	464	1	621827at2759|WKLE02000478_1|+|46|8.624e-07|1|50657|51565|50657[50657]:51565[51565]:909[909]
6295	109201+501	0	8354	1	1312453at2759|WKLE02000702_1|+|51|2.695e-08|1|109201|109701|109201[109201]:109701[109701]:501[501]
6295	123108-333	0	27720	-1	1312453at2759|WKLE02000702_1|-|42|1.38e-05|1|122776|123108|123108[123108]:122776[122776]:333[333]
6309	31632+636	0	8354	1	1312453at2759|WKLE02001150_1|+|136|6.967e-34|1|31632|32267|31632[31632]:32267[32267]:636[636]
6309	3675-495	0	8354	-1	1312453at2759|WKLE02001150_1|-|48|2.156e-07|1|3181|3675|3675[3675]:3181[3181]:495[495]
6309	18865+549	0	10688	1	1312453at2759|WKLE02001150_1|+|91|2.451e-20|1|18865|19413|18865[18865]:19413[19413]:549[549]
6309	22394-918	0	17288	-1	1364586at2759|WKLE02001150_1|-|117|3.653e-28|1|21477|22394|22394[22394]:21477[21477]:918[918]
6324	14439+534	0	34699	1	1440961at2759|WKLE02001630_1|+|39|0.0001104|1|14439|14972|14439[14439]:14972[14972]:534[534]
6335	54384+669	0	35836	1	261419at2759|WKLE02001982_1|+|154|2.658e-39|2|54384|55052|54384[54384]:54638[54638]:255[255]|54717[54726]:55052[55052]:336[327]
6335	62278-642	0	46009	-1	621827at2759|WKLE02001982_1|-|84|3.138e-18|1|61637|62278|62278[62278]:61637[61637]:642[642]
6356	20846-837	0	46824	-1	1049599at2759|WKLE02002654_1|-|47|4.312e-07|1|20010|20846|20846[20846]:20010[20010]:837[837]
6359	61448+711	0	15687	1	261328at2759|WKLE02002750_1|+|167|3.244e-43|1|61448|62158|61448[61448]:62158[62158]:711[711]
6368	4242-555	0	8354	-1	1312453at2759|WKLE02003038_1|-|66|8.225e-13|1|3688|4242|4242[4242]:3688[3688]:555[555]
6370	17166-678	0	15729	-1	1588798at2759|WKLE02003102_1|-|80|5.02e-17|1|16489|17166|17166[17166]:16489[16489]:678[678]
6389	30749+441	0	27720	1	1312453at2759|WKLE02003710_1|+|64|3.29e-12|1|30749|31189|30749[30749]:31189[31189]:441[441]
6445	10178+468	0	8426	1	1001705at2759|WKLE02005502_1|+|82|1.255e-17|1|10178|10645|10178[10178]:10645[10645]:468[468]
6469	1219-366	0	6859	-1	1312453at2759|WKLE02006270_1|-|43|6.9e-06|1|854|1219|1219[1219]:854[854]:366[366]
6494	22585+831	0	31294	1	1049599at2759|WKLE02000159_1|+|88|1.961e-19|1|22585|23415|22585[22585]:23415[23415]:831[831]
6504	1164-651	0	19169	-1	1440961at2759|WKLE02000479_1|-|91|2.451e-20|1|514|1164|1164[1164]:514[514]:651[651]
6507	649-459	0	8354	-1	1312453at2759|WKLE02000575_1|-|41|2.76e-05|1|191|649|649[649]:191[191]:459[459]
6547	7052+1515	0	3775	1	142542at2759|WKLE02001855_1|+|202|9.442e-54|2|7052|8566|7052[7052]:7897[7897]:846[846]|8078[8078]:8566[8566]:489[489]
6547	1772-579	0	10688	-1	1312453at2759|WKLE02001855_1|-|60|5.264e-11|1|1194|1772|1772[1772]:1194[1194]:579[579]
6566	9996-675	0	45743	-1	1588798at2759|WKLE02002463_1|-|222|9.004e-60|1|9322|9996|9996[9996]:9322[9322]:675[675]
6580	26690+1806	0	42187	1	1049599at2759|WKLE02002911_1|+|373|3.154e-105|1|26690|28495|26690[26690]:28495[28495]:1806[1806]
6582	418+741	0	15687	1	261328at2759|WKLE02002975_1|+|105|1.496e-24|1|418|1158|418[418]:1158[1158]:741[741]
6603	19869-471	0	35094	-1	1001705at2759|WKLE02003647_1|-|41|2.76e-05|1|19399|19869|19869[19869]:19399[19399]:471[471]
6613	19197+2877	0	20011	1	331411at2759|WKLE02003967_1|+|643|1.663e-186|1|19197|22073|19197[19197]:22073[22073]:2877[2877]
6630	24939+357	0	52408	1	911863at2759|WKLE02004511_1|+|44|3.45e-06|1|24939|25295|24939[24939]:25295[25295]:357[357]
6672	1+453	0	10688	1	1312453at2759|WKLE02005855_1|+|66|8.225e-13|1|1|453|1[1]:453[453]:453[453]
6698	34120+570	0	35304	1	261328at2759|WKLE02006687_1|+|98|1.915e-22|1|34120|34689|34120[34120]:34689[34689]:570[570]
6717	3+450	0	42837	1	261328at2759|WKLE02000384_1|+|98|1.915e-22|1|3|452|3[3]:452[452]:450[450]
6727	14245-525	0	645	-1	1563319at2759|WKLE02000704_1|-|60|5.264e-11|1|13721|14245|14245[14245]:13721[13721]:525[525]
6730	7580-756	0	15729	-1	1588798at2759|WKLE02000800_1|-|64|3.29e-12|1|6825|7580|7580[7580]:6825[6825]:756[756]
6732	12290-639	0	30385	-1	270107at2759|WKLE02000864_1|-|48|2.156e-07|1|11652|12290|12290[12290]:11652[11652]:639[639]
6738	3646+516	0	8354	1	1312453at2759|WKLE02001056_1|+|110|4.675e-26|1|3646|4161|3646[3646]:4161[4161]:516[516]
6758	13370+732	0	36994	1	1049599at2759|WKLE02001696_1|+|66|8.225e-13|1|13370|14101|13370[13370]:14101[14101]:732[732]
6759	28819-441	0	27720	-1	1312453at2759|WKLE02001728_1|-|65|1.645e-12|1|28379|28819|28819[28819]:28379[28379]:441[441]
6825	1874+4463	0	27360	1	722805at2759|WKLE02003840_1|+|693|1.477e-201|3|1874|6336|1874[1874]:4213[4213]:2340[2340]|4302[4302]:5555[5555]:1254[1254]|5659[5659]:6336[6336]:678[678]
6825	5800+567	0	43553	1	722805at2759|WKLE02003840_1|+|49|1.078e-07|1|5800|6366|5800[5800]:6366[6366]:567[567]
6828	3745+348	0	55966	1	271586at2759|WKLE02003936_1|+|39|0.0001104|1|3745|4092|3745[3745]:4092[4092]:348[348]
6832	29563-1071	0	4798	-1	1312453at2759|WKLE02004064_1|-|78|2.008e-16|2|28493|29563|29563[29563]:29333[29333]:231[231]|29206[29206]:28493[28493]:714[714]
6840	25247-1587	0	36013	-1	734666at2759|WKLE02004320_1|-|567|1.256e-163|1|23661|25247|25247[25247]:23661[23661]:1587[1587]
6849	4087+378	0	10688	1	1312453at2759|WKLE02004608_1|+|50|5.39e-08|1|4087|4464|4087[4087]:4464[4464]:378[378]
6867	17841-276	0	34251	-1	937275at2759|WKLE02005184_1|-|74|3.213e-15|1|17566|17841|17841[17841]:17566[17566]:276[276]
