4	1263+573	0	15028	1	911863at2759|JAACSZ010000642_1|+|41|4.245e-05|1|1263|1835|1263[1263]:1835[1835]:573[573]
7	37267+198	0	4718	1	687505at2759|JAACSZ010000670_1|+|58|3.238e-10|1|37267|37464|37267[37267]:37464[37464]:198[198]
7	3295-465	0	67354	-1	1312453at2759|JAACSZ010000670_1|-|37|0.0006791|1|2831|3295|3295[3295]:2831[2831]:465[465]
11	22398-606	0	632	-1	1014314at2759|JAACSZ010000718_1|-|44|5.306e-06|1|21793|22398|22398[22398]:21793[21793]:606[606]
11	20424+651	0	20513	1	1504863at2759|JAACSZ010000718_1|+|50|8.29e-08|1|20424|21074|20424[20424]:21074[21074]:651[651]
17	8643+681	0	13889	1	1014314at2759|JAACSZ010000792_1|+|45|2.653e-06|1|8643|9323|8643[8643]:9323[9323]:681[681]
28	14607+510	0	21292	1	1049599at2759|JAACSZ010000237_1|+|66|1.265e-12|1|14607|15116|14607[14607]:15116[15116]:510[510]
28	17476-693	0	46789	-1	1128607at2759|JAACSZ010000237_1|-|121|3.511e-29|1|16784|17476|17476[17476]:16784[16784]:693[693]
35	11296+449	0	53120	1	1538526at2759|JAACSZ010000389_1|+|101|3.682e-23|2|11296|11744|11296[11296]:11550[11550]:255[255]|11673[11673]:11744[11744]:72[72]
35	1231+777	0	59173	1	1312453at2759|JAACSZ010000389_1|+|87|6.032e-19|1|1231|2007|1231[1231]:2007[2007]:777[777]
39	2836-333	0	20051	-1	687505at2759|JAACSZ010001052_1|-|67|6.325e-13|1|2504|2836|2836[2836]:2504[2504]:333[333]
58	2531-1104	0	24650	-1	261328at2759|JAACSZ010001285_1|-|103|9.204e-24|1|1428|2531|2531[2531]:1428[1428]:1104[1104]
63	26494-225	0	59805	-1	142542at2759|JAACSZ010001468_1|-|63|1.012e-11|1|26270|26494|26494[26494]:26270[26270]:225[225]
65	34064+912	0	40154	1	1364586at2759|JAACSZ010001485_1|+|92|1.885e-20|1|34064|34975|34064[34064]:34975[34975]:912[912]
67	7318+588	0	67354	1	1312453at2759|JAACSZ010000435_1|+|65|2.53e-12|1|7318|7905|7318[7318]:7905[7905]:588[588]
68	16797-390	0	37723	-1	621827at2759|JAACSZ010001501_1|-|41|4.245e-05|1|16408|16797|16797[16797]:16408[16408]:390[390]
83	12690-343	0	86524	-1	142542at2759|JAACSZ010000651_1|-|149|1.308e-37|2|12348|12690|12690[12690]:12505[12505]:186[186]|12428[12422]:12348[12348]:81[75]
89	249+2453	0	29546	1	142542at2759|JAACSZ010000719_1|+|289|9.384e-80|2|249|2701|249[249]:1121[1121]:873[873]|1211[1217]:2701[2701]:1491[1485]
91	1323+471	0	10941	1	1312453at2759|JAACSZ010002121_1|+|70|7.906e-14|1|1323|1793|1323[1323]:1793[1793]:471[471]
96	17331-1224	0	18933	-1	160593at2759|JAACSZ010000807_1|-|44|5.306e-06|1|16108|17331|17331[17331]:16108[16108]:1224[1224]
102	1131+526	0	10941	1	1312453at2759|JAACSZ010000162_1|+|87|6.032e-19|2|1131|1656|1131[1131]:1262[1262]:132[132]|1396[1396]:1656[1656]:261[261]
109	1897-237	0	26942	-1	1421503at2759|JAACSZ010000305_1|-|37|0.0006791|1|1661|1897|1897[1897]:1661[1661]:237[237]
109	13257+615	0	75569	1	1593937at2759|JAACSZ010000305_1|+|55|2.591e-09|1|13257|13871|13257[13257]:13871[13871]:615[615]
112	50033+3042	0	6420	1	1182451at2759|JAACSZ010001376_1|+|76|1.235e-15|1|50033|53074|50033[50033]:53074[53074]:3042[3042]
115	1419+264	0	20918	1	1407446at2759|JAACSZ010001012_1|+|41|4.245e-05|1|1419|1682|1419[1419]:1682[1682]:264[264]
116	10036+528	0	67354	1	1312453at2759|JAACSZ010001031_1|+|70|7.906e-14|1|10036|10563|10036[10036]:10563[10563]:528[528]
120	14694-615	0	40958	-1	905026at2759|JAACSZ010001397_1|-|44|5.306e-06|1|14080|14694|14694[14694]:14080[14080]:615[615]
120	1855-594	0	67354	-1	1312453at2759|JAACSZ010001397_1|-|48|3.316e-07|1|1262|1855|1855[1855]:1262[1262]:594[594]
125	4312+1455	0	80043	1	1504863at2759|JAACSZ010001764_1|+|145|2.093e-36|1|4312|5766|4312[4312]:5766[5766]:1455[1455]
130	3362+822	0	47729	1	1014314at2759|JAACSZ010001880_1|+|228|2.164e-61|1|3362|4183|3362[3362]:4183[4183]:822[822]
131	34195-510	0	84571	-1	331411at2759|JAACSZ010001428_1|-|48|3.316e-07|1|33686|34195|34195[34195]:33686[33686]:510[510]
135	9487-540	0	22076	-1	1251252at2759|JAACSZ010001447_1|-|76|1.235e-15|1|8948|9487|9487[9487]:8948[8948]:540[540]
143	36462+270	0	86524	1	142542at2759|JAACSZ010001486_1|+|61|4.048e-11|1|36462|36731|36462[36462]:36731[36731]:270[270]
144	20392-513	0	10941	-1	1312453at2759|JAACSZ010001493_1|-|42|2.122e-05|1|19880|20392|20392[20392]:19880[19880]:513[513]
149	4516+1077	0	46789	1	1128607at2759|JAACSZ010002185_1|+|156|1.022e-39|1|4516|5592|4516[4516]:5592[5592]:1077[1077]
150	6939+495	0	10941	1	1312453at2759|JAACSZ010002205_1|+|67|6.325e-13|1|6939|7433|6939[6939]:7433[7433]:495[495]
151	2555+204	0	20961	1	1049599at2759|JAACSZ010002227_1|+|45|2.653e-06|1|2555|2758|2555[2555]:2758[2758]:204[204]
151	1238+1665	0	26318	1	1049599at2759|JAACSZ010002227_1|+|398|1.446e-112|2|1238|2902|1238[1238]:2443[2443]:1206[1206]|2540[2540]:2902[2902]:363[363]
151	5952-642	0	61767	-1	1076134at2759|JAACSZ010002227_1|-|205|1.815e-54|1|5311|5952|5952[5952]:5311[5311]:642[642]
157	25532+654	0	38878	1	1382842at2759|JAACSZ010000618_1|+|104|4.602e-24|1|25532|26185|25532[25532]:26185[26185]:654[654]
159	2261-663	0	46789	-1	1128607at2759|JAACSZ010001645_1|-|155|2.044e-39|1|1599|2261|2261[2261]:1599[1599]:663[663]
163	510+201	0	4251	1	687505at2759|JAACSZ010000671_1|+|44|5.306e-06|1|510|710|510[510]:710[710]:201[201]
171	3301+747	0	75761	1	1076134at2759|JAACSZ010000144_1|+|78|3.088e-16|1|3301|4047|3301[3301]:4047[4047]:747[747]
194	3072-426	0	67354	-1	1312453at2759|JAACSZ010001032_1|-|58|3.238e-10|1|2647|3072|3072[3072]:2647[2647]:426[426]
217	9200-657	0	9779	-1	325552at2759|JAACSZ010000515_1|-|65|2.53e-12|1|8544|9200|9200[9200]:8544[8544]:657[657]
219	35273+636	0	46789	1	1128607at2759|JAACSZ010001469_1|+|111|3.595e-26|1|35273|35908|35273[35273]:35908[35908]:636[636]
228	3185+636	0	67354	1	1312453at2759|JAACSZ010002206_1|+|113|8.988e-27|1|3185|3820|3185[3185]:3820[3820]:636[636]
229	23678+669	0	67354	1	1312453at2759|JAACSZ010001538_1|+|84|4.826e-18|1|23678|24346|23678[23678]:24346[24346]:669[669]
230	27933+1089	0	42191	1	331411at2759|JAACSZ010001550_1|+|291|2.346e-80|1|27933|29021|27933[27933]:29021[29021]:1089[1089]
251	31730-1076	0	40154	-1	1364586at2759|JAACSZ010000793_1|-|116|1.124e-27|2|30655|31730|31730[31730]:31149[31149]:582[582]|30960[30960]:30655[30655]:306[306]
256	12986-210	0	3028	-1	1421503at2759|JAACSZ010000873_1|-|55|2.591e-09|1|12777|12986|12986[12986]:12777[12777]:210[210]
256	13434-231	0	70016	-1	1421503at2759|JAACSZ010000873_1|-|64|5.06e-12|1|13204|13434|13434[13434]:13204[13204]:231[231]
265	14514-420	0	10941	-1	1312453at2759|JAACSZ010000307_1|-|51|4.145e-08|1|14095|14514|14514[14514]:14095[14095]:420[420]
266	8225+897	0	40958	1	905026at2759|JAACSZ010001372_1|+|171|3.118e-44|1|8225|9121|8225[8225]:9121[9121]:897[897]
268	16547-267	0	39751	-1	1421503at2759|JAACSZ010000369_1|-|42|2.122e-05|1|16281|16547|16547[16547]:16281[16281]:267[267]
271	7576-507	0	11248	-1	142542at2759|JAACSZ010001014_1|-|40|8.489e-05|1|7070|7576|7576[7576]:7070[7070]:507[507]
275	12548-1443	0	4500	-1	457861at2759|JAACSZ010001100_1|-|215|1.773e-57|1|11106|12548|12548[12548]:11106[11106]:1443[1443]
276	29507-360	0	23105	-1	1129824at2759|JAACSZ010001119_1|-|39|0.0001698|1|29148|29507|29507[29507]:29148[29148]:360[360]
278	10535-579	0	10941	-1	1312453at2759|JAACSZ010001167_1|-|53|1.036e-08|1|9957|10535|10535[10535]:9957[9957]:579[579]
279	737+516	0	76680	1	1445102at2759|JAACSZ010001190_1|+|45|2.653e-06|1|737|1252|737[737]:1252[1252]:516[516]
289	12707+693	0	28884	1	911863at2759|JAACSZ010001226_1|+|49|1.658e-07|1|12707|13399|12707[12707]:13399[13399]:693[693]
291	34040-366	0	55380	-1	1421503at2759|JAACSZ010001448_1|-|48|3.316e-07|1|33675|34040|34040[34040]:33675[33675]:366[366]
304	2146+903	0	40154	1	1364586at2759|JAACSZ010002163_1|+|79|1.544e-16|1|2146|3048|2146[2146]:3048[3048]:903[903]
305	32025+834	0	74135	1	1014314at2759|JAACSZ010001520_1|+|63|1.012e-11|1|32025|32858|32025[32025]:32858[32858]:834[834]
309	31326-537	0	11248	-1	142542at2759|JAACSZ010001558_1|-|40|8.489e-05|1|30790|31326|31326[31326]:30790[30790]:537[537]
316	12483-843	0	76830	-1	687505at2759|JAACSZ010000643_1|-|244|3.302e-66|1|11641|12483|12483[12483]:11641[11641]:843[843]
321	10420+318	0	2703	1	1421503at2759|JAACSZ010000695_1|+|46|1.326e-06|1|10420|10737|10420[10420]:10737[10737]:318[318]
321	10825+252	0	4776	1	1421503at2759|JAACSZ010000695_1|+|46|1.326e-06|1|10825|11076|10825[10825]:11076[11076]:252[252]
321	9490+246	0	32280	1	1421503at2759|JAACSZ010000695_1|+|50|8.29e-08|1|9490|9735|9490[9490]:9735[9735]:246[246]
324	12829+556	0	67354	1	1312453at2759|JAACSZ010000732_1|+|93|9.425e-21|2|12829|13384|12829[12829]:13137[13137]:309[309]|13244[13244]:13384[13384]:141[141]
327	21011+441	0	75169	1	996662at2759|JAACSZ010000765_1|+|41|4.245e-05|1|21011|21451|21011[21011]:21451[21451]:441[441]
331	21869-2115	0	51505	-1	679187at2759|JAACSZ010000824_1|-|145|2.093e-36|1|19755|21869|21869[21869]:19755[19755]:2115[2115]
361	5185-786	0	12771	-1	1049599at2759|JAACSZ010001814_1|-|42|2.122e-05|1|4400|5185|5185[5185]:4400[4400]:786[786]
361	6652+219	0	33578	1	975557at2759|JAACSZ010001814_1|+|51|4.145e-08|1|6652|6870|6652[6652]:6870[6870]:219[219]
367	31954-924	0	64316	-1	261328at2759|JAACSZ010001436_1|-|90|7.54e-20|1|31031|31954|31954[31954]:31031[31031]:924[924]
369	4805-282	0	33666	-1	1421503at2759|JAACSZ010001267_1|-|45|2.653e-06|1|4524|4805|4805[4805]:4524[4524]:282[282]
373	4205-258	0	45526	-1	1421503at2759|JAACSZ010000517_1|-|50|8.29e-08|1|3948|4205|4205[4205]:3948[3948]:258[258]
383	3523+1010	0	42867	1	1284731at2759|JAACSZ010002187_1|+|87|6.032e-19|2|3523|4532|3523[3523]:3876[3876]:354[354]|3981[3981]:4532[4532]:552[552]
383	7723-1062	0	59041	-1	1107630at2759|JAACSZ010002187_1|-|297|3.666e-82|1|6662|7723|7723[7723]:6662[6662]:1062[1062]
402	9274+1041	0	81103	1	1445102at2759|JAACSZ010000733_1|+|153|8.175e-39|2|9274|10314|9274[9274]:9843[9843]:570[570]|9991[9991]:10314[10314]:324[324]
409	3038+243	0	50782	1	975557at2759|JAACSZ010000825_1|+|58|3.238e-10|1|3038|3280|3038[3038]:3280[3280]:243[243]
437	7705+1098	0	78129	1	1085752at2759|JAACSZ010001768_1|+|286|7.507e-79|1|7705|8802|7705[7705]:8802[8802]:1098[1098]
453	3791-288	0	77967	-1	1312453at2759|JAACSZ010000566_1|-|59|1.619e-10|1|3504|3791|3791[3791]:3504[3504]:288[288]
457	31561+345	0	77967	1	1312453at2759|JAACSZ010001498_1|+|40|8.489e-05|1|31561|31905|31561[31561]:31905[31905]:345[345]
457	6781-501	0	85079	-1	1182451at2759|JAACSZ010001498_1|-|37|0.0006791|1|6281|6781|6781[6781]:6281[6281]:501[501]
465	6399+516	0	67354	1	1312453at2759|JAACSZ010001559_1|+|115|2.247e-27|1|6399|6914|6399[6399]:6914[6914]:516[516]
471	5995-795	0	45165	-1	911863at2759|JAACSZ010001649_1|-|51|4.145e-08|1|5201|5995|5995[5995]:5201[5201]:795[795]
482	22738+543	0	65778	1	1038775at2759|JAACSZ010000753_1|+|42|2.122e-05|1|22738|23280|22738[22738]:23280[23280]:543[543]
483	9933-1214	0	28613	-1	687505at2759|JAACSZ010000766_1|-|294|2.933e-81|2|8720|9933|9933[9933]:9829[9829]:105[105]|9733[9733]:8720[8720]:1014[1014]
490	15070-603	0	11248	-1	142542at2759|JAACSZ010000875_1|-|59|1.619e-10|1|14468|15070|15070[15070]:14468[14468]:603[603]
499	8291-681	0	22589	-1	1014314at2759|JAACSZ010000309_1|-|46|1.326e-06|1|7611|8291|8291[8291]:7611[7611]:681[681]
501	71+3213	0	64494	1	598949at2759|JAACSZ010000351_1|+|814|8.544e-238|1|71|3283|71[71]:3283[3283]:3213[3213]
507	9475+498	0	10941	1	1312453at2759|JAACSZ010001055_1|+|53|1.036e-08|1|9475|9972|9475[9475]:9972[9972]:498[498]
507	7535-759	0	67354	-1	1312453at2759|JAACSZ010001055_1|-|55|2.591e-09|1|6777|7535|7535[7535]:6777[6777]:759[759]
507	1204+1689	0	70088	1	1049599at2759|JAACSZ010001055_1|+|53|1.036e-08|1|1204|2892|1204[1204]:2892[2892]:1689[1689]
520	11518+141	0	39525	1	87842at2759|JAACSZ010001885_1|+|41|4.245e-05|1|11518|11658|11518[11518]:11658[11658]:141[141]
521	6675-252	0	41096	-1	1421503at2759|JAACSZ010001907_1|-|43|1.061e-05|1|6424|6675|6675[6675]:6424[6424]:252[252]
521	7095-318	0	61274	-1	1421503at2759|JAACSZ010001907_1|-|44|5.306e-06|1|6778|7095|7095[7095]:6778[6778]:318[318]
539	8246-273	0	82533	-1	1014314at2759|JAACSZ010002189_1|-|42|2.122e-05|1|7974|8246|8246[8246]:7974[7974]:273[273]
542	26188-852	0	32067	-1	1445102at2759|JAACSZ010001551_1|-|68|3.162e-13|1|25337|26188|26188[26188]:25337[25337]:852[852]
549	54337-639	0	3067	-1	271586at2759|JAACSZ010000633_1|-|65|2.53e-12|1|53699|54337|54337[54337]:53699[53699]:639[639]
549	51475+528	0	67354	1	1312453at2759|JAACSZ010000633_1|+|111|3.595e-26|1|51475|52002|51475[51475]:52002[52002]:528[528]
549	11343+429	0	77967	1	1312453at2759|JAACSZ010000633_1|+|51|4.145e-08|1|11343|11771|11343[11343]:11771[11771]:429[429]
565	21184-294	0	1610	-1	1312453at2759|JAACSZ010000826_1|-|37|0.0006791|1|20891|21184|21184[21184]:20891[20891]:294[294]
576	25254-882	0	67354	-1	1312453at2759|JAACSZ010000285_1|-|132|1.714e-32|3|24373|25254|25254[25254]:24850[24850]:405[405]|24696[24696]:24568[24568]:129[129]|24438[24438]:24373[24373]:66[66]
588	41105+663	0	4926	1	1421503at2759|JAACSZ010001398_1|+|160|6.387e-41|1|41105|41767|41105[41105]:41767[41767]:663[663]
588	42117+702	0	72201	1	1107630at2759|JAACSZ010001398_1|+|156|1.022e-39|2|42117|42818|42117[42117]:42476[42476]:360[360]|42588[42588]:42818[42818]:231[231]
595	5578-780	0	68166	-1	1049599at2759|JAACSZ010001816_1|-|45|2.653e-06|1|4799|5578|5578[5578]:4799[4799]:780[780]
601	9123+858	0	67453	1	1049599at2759|JAACSZ010001227_1|+|94|4.712e-21|1|9123|9980|9123[9123]:9980[9980]:858[858]
603	15945-762	0	58251	-1	911863at2759|JAACSZ010001269_1|-|65|2.53e-12|1|15184|15945|15945[15945]:15184[15184]:762[762]
607	7480-882	0	46789	-1	1128607at2759|JAACSZ010000519_1|-|326|6.828e-91|1|6599|7480|7480[7480]:6599[6599]:882[882]
607	12806-803	0	67354	-1	1312453at2759|JAACSZ010000519_1|-|99|1.473e-22|2|12004|12806|12806[12806]:12480[12480]:327[327]|12306[12306]:12004[12004]:303[303]
609	35509+366	0	10941	1	1312453at2759|JAACSZ010001471_1|+|77|6.177e-16|1|35509|35874|35509[35509]:35874[35874]:366[366]
614	3325-978	0	53231	-1	687505at2759|JAACSZ010001502_1|-|155|2.044e-39|1|2348|3325|3325[3325]:2348[2348]:978[978]
614	10052-507	0	67354	-1	1312453at2759|JAACSZ010001502_1|-|94|4.712e-21|1|9546|10052|10052[10052]:9546[9546]:507[507]
614	34092-684	0	74078	-1	1173229at2759|JAACSZ010001502_1|-|55|2.591e-09|1|33409|34092|34092[34092]:33409[33409]:684[684]
618	14360+540	0	10941	1	1312453at2759|JAACSZ010001531_1|+|87|6.032e-19|1|14360|14899|14360[14360]:14899[14899]:540[540]
618	46605-1047	0	41605	-1	923657at2759|JAACSZ010001531_1|-|186|9.517e-49|2|45559|46605|46605[46605]:46087[46087]:519[519]|45888[45888]:45559[45559]:330[330]
618	19240+273	0	53913	1	179362at2759|JAACSZ010001531_1|+|40|8.489e-05|1|19240|19512|19240[19240]:19512[19512]:273[273]
618	1384-315	0	80200	-1	341721at2759|JAACSZ010001531_1|-|61|4.048e-11|1|1070|1384|1384[1384]:1070[1070]:315[315]
631	18207+528	0	10941	1	1312453at2759|JAACSZ010000685_1|+|97|5.891e-22|1|18207|18734|18207[18207]:18734[18734]:528[528]
631	25546+1263	0	45806	1	271586at2759|JAACSZ010000685_1|+|45|2.653e-06|1|25546|26808|25546[25546]:26808[26808]:1263[1263]
631	21688+5254	0	63248	1	1575179at2759|JAACSZ010000685_1|+|51|4.145e-08|2|21688|26941|21688[21688]:21813[21813]:126[126]|26891[26891]:26941[26941]:51[51]
631	2660+696	0	81676	1	621827at2759|JAACSZ010000685_1|+|45|2.653e-06|1|2660|3355|2660[2660]:3355[3355]:696[696]
637	1256-474	0	10519	-1	261328at2759|JAACSZ010000132_1|-|92|1.885e-20|1|783|1256|1256[1256]:783[783]:474[474]
638	6736+453	0	10941	1	1312453at2759|JAACSZ010000768_1|+|75|2.471e-15|1|6736|7188|6736[6736]:7188[7188]:453[453]
638	23181-456	0	10941	-1	1312453at2759|JAACSZ010000768_1|-|79|1.544e-16|1|22726|23181|23181[23181]:22726[22726]:456[456]
641	12096-1935	0	1773	-1	464990at2759|JAACSZ010000810_1|-|563|3.092e-162|1|10162|12096|12096[12096]:10162[10162]:1935[1935]
641	6692-189	0	4857	-1	179362at2759|JAACSZ010000810_1|-|38|0.0003396|1|6504|6692|6692[6692]:6504[6504]:189[189]
649	4016+1324	0	77602	1	1428265at2759|JAACSZ010000205_1|+|208|2.269e-55|2|4016|5339|4016[4016]:4594[4594]:579[579]|4740[4740]:5339[5339]:600[600]
655	15187+993	0	61278	1	905026at2759|JAACSZ010000331_1|+|39|0.0001698|1|15187|16179|15187[15187]:16179[16179]:993[993]
666	4773-396	0	10941	-1	1312453at2759|JAACSZ010001147_1|-|43|1.061e-05|1|4378|4773|4773[4773]:4378[4378]:396[396]
668	11440+300	0	42502	1	975557at2759|JAACSZ010001194_1|+|46|1.326e-06|1|11440|11739|11440[11440]:11739[11739]:300[300]
671	1204+768	0	40539	1	905026at2759|JAACSZ010002288_1|+|50|8.29e-08|1|1204|1971|1204[1204]:1971[1971]:768[768]
676	7055+264	0	39011	1	271586at2759|JAACSZ010001909_1|+|45|2.653e-06|1|7055|7318|7055[7055]:7318[7318]:264[264]
679	16864-563	0	67354	-1	1312453at2759|JAACSZ010001251_1|-|120|7.022e-29|2|16302|16864|16864[16864]:16619[16619]:246[246]|16514[16502]:16302[16302]:213[201]
683	227+1095	0	78977	1	687505at2759|JAACSZ010001339_1|+|94|4.712e-21|1|227|1321|227[227]:1321[1321]:1095[1095]
685	8727-504	0	67354	-1	1312453at2759|JAACSZ010000545_1|-|102|1.841e-23|1|8224|8727|8727[8727]:8224[8224]:504[504]
686	10701+762	0	54236	1	1049599at2759|JAACSZ010000568_1|+|93|9.425e-21|1|10701|11462|10701[10701]:11462[11462]:762[762]
694	24850+363	0	69477	1	911863at2759|JAACSZ010001521_1|+|70|7.906e-14|1|24850|25212|24850[24850]:25212[25212]:363[363]
697	5600+2154	0	82970	1	331411at2759|JAACSZ010000013_1|+|522|6.798e-150|1|5600|7753|5600[5600]:7753[7753]:2154[2154]
704	11660-1883	0	25858	-1	179362at2759|JAACSZ010000644_1|-|147|5.232e-37|3|9778|11660|11660[11660]:11142[11142]:519[519]|11000[11000]:10851[10851]:150[150]|10449[10449]:9778[9778]:672[672]
709	8312-489	0	74735	-1	1053181at2759|JAACSZ010000897_1|-|87|6.032e-19|1|7824|8312|8312[8312]:7824[7824]:489[489]
713	6831-837	0	17494	-1	1173229at2759|JAACSZ010000744_1|-|40|8.489e-05|1|5995|6831|6831[6831]:5995[5995]:837[837]
713	19727-1615	0	25858	-1	179362at2759|JAACSZ010000744_1|-|125|2.194e-30|2|18113|19727|19727[19727]:19206[19206]:522[522]|19024[19024]:18113[18113]:912[912]
714	3062+552	0	51868	1	905026at2759|JAACSZ010000754_1|+|117|5.618e-28|1|3062|3613|3062[3062]:3613[3613]:552[552]
716	16019+780	0	77883	1	160593at2759|JAACSZ010000785_1|+|168|2.495e-43|1|16019|16798|16019[16019]:16798[16798]:780[780]
719	4064-969	0	25858	-1	179362at2759|JAACSZ010002056_1|-|94|4.712e-21|1|3096|4064|4064[4064]:3096[3096]:969[969]
738	1471+378	0	10941	1	1312453at2759|JAACSZ010001035_1|+|54|5.181e-09|1|1471|1848|1471[1471]:1848[1848]:378[378]
738	12059+576	0	53013	1	621827at2759|JAACSZ010001035_1|+|74|4.941e-15|1|12059|12634|12059[12059]:12634[12634]:576[576]
740	7184+474	0	10941	1	1312453at2759|JAACSZ010001081_1|+|78|3.088e-16|1|7184|7657|7184[7184]:7657[7657]:474[474]
749	9465+276	0	26001	1	911863at2759|JAACSZ010001818_1|+|42|2.122e-05|1|9465|9740|9465[9465]:9740[9740]:276[276]
750	40839+1515	0	34711	1	687505at2759|JAACSZ010001416_1|+|81|3.86e-17|1|40839|42353|40839[40839]:42353[42353]:1515[1515]
754	903-147	0	4718	-1	687505at2759|JAACSZ010001936_1|-|46|1.326e-06|1|757|903|903[903]:757[757]:147[147]
761	8763+1116	0	19422	1	1428265at2759|JAACSZ010000521_1|+|326|6.828e-91|1|8763|9878|8763[8763]:9878[9878]:1116[1116]
764	5495-246	0	80611	-1	687505at2759|JAACSZ010000589_1|-|71|3.953e-14|1|5250|5495|5495[5495]:5250[5250]:246[246]
765	3957-2967	0	63890	-1	450058at2759|JAACSZ010001487_1|-|636|3.273e-184|1|991|3957|3957[3957]:991[991]:2967[2967]
765	16284+792	0	73761	1	1014314at2759|JAACSZ010001487_1|+|68|3.162e-13|1|16284|17075|16284[16284]:17075[17075]:792[792]
766	21170-837	0	67354	-1	1312453at2759|JAACSZ010001494_1|-|55|2.591e-09|1|20334|21170|21170[21170]:20334[20334]:837[837]
776	27903-636	0	72201	-1	1107630at2759|JAACSZ010001568_1|-|181|3.045e-47|1|27268|27903|27903[27903]:27268[27268]:636[636]
781	16130-399	0	27781	-1	1284731at2759|JAACSZ010000645_1|-|40|8.489e-05|1|15732|16130|16130[16130]:15732[15732]:399[399]
788	10708+705	0	16976	1	1014314at2759|JAACSZ010000723_1|+|54|5.181e-09|1|10708|11412|10708[10708]:11412[11412]:705[705]
788	22447+1035	0	80772	1	1107630at2759|JAACSZ010000723_1|+|130|6.858e-32|1|22447|23481|22447[22447]:23481[23481]:1035[1035]
789	3104+270	0	73031	1	1421503at2759|JAACSZ010002107_1|+|50|8.29e-08|1|3104|3373|3104[3104]:3373[3373]:270[270]
791	6009+858	0	25858	1	179362at2759|JAACSZ010000755_1|+|66|1.265e-12|1|6009|6866|6009[6009]:6866[6866]:858[858]
791	4127+531	0	42894	1	160593at2759|JAACSZ010000755_1|+|264|3.149e-72|1|4127|4657|4127[4127]:4657[4657]:531[531]
792	9451+246	0	50782	1	975557at2759|JAACSZ010000769_1|+|51|4.145e-08|1|9451|9696|9451[9451]:9696[9696]:246[246]
793	22895-624	0	67354	-1	1312453at2759|JAACSZ010000786_1|-|117|5.618e-28|1|22272|22895|22895[22895]:22272[22272]:624[624]
798	20782-654	0	53942	-1	905026at2759|JAACSZ010000856_1|-|45|2.653e-06|1|20129|20782|20782[20782]:20129[20129]:654[654]
806	870+327	0	2340	1	1312453at2759|JAACSZ010002145_1|+|40|8.489e-05|1|870|1196|870[870]:1196[1196]:327[327]
807	17813-489	0	9757	-1	160593at2759|JAACSZ010000287_1|-|172|1.559e-44|1|17325|17813|17813[17813]:17325[17325]:489[489]
815	8203-525	0	24971	-1	261419at2759|JAACSZ010001036_1|-|82|1.93e-17|1|7679|8203|8203[8203]:7679[7679]:525[525]
819	2099-264	0	28991	-1	1421503at2759|JAACSZ010001124_1|-|44|5.306e-06|1|1836|2099|2099[2099]:1836[1836]:264[264]
820	11508+945	0	1347	1	956854at2759|JAACSZ010001149_1|+|55|2.591e-09|1|11508|12452|11508[11508]:12452[12452]:945[945]
825	3420-1692	0	54316	-1	598949at2759|JAACSZ010001797_1|-|149|1.308e-37|1|1729|3420|3420[3420]:1729[1729]:1692[1692]
832	32231+645	0	67354	1	1312453at2759|JAACSZ010001438_1|+|108|2.876e-25|1|32231|32875|32231[32231]:32875[32875]:645[645]
832	43258-720	0	67354	-1	1312453at2759|JAACSZ010001438_1|-|94|4.712e-21|2|42539|43258|43258[43258]:42779[42779]:480[480]|42640[42640]:42539[42539]:102[102]
834	89734+261	0	23	1	87842at2759|JAACSZ010001449_1|+|50|8.29e-08|1|89734|89994|89734[89734]:89994[89994]:261[261]
834	43124+1243	0	48347	1	1128607at2759|JAACSZ010001449_1|+|342|1.042e-95|2|43124|44366|43124[43124]:43603[43603]:480[480]|43797[43797]:44366[44366]:570[570]
834	9996+228	0	65907	1	1284731at2759|JAACSZ010001449_1|+|40|8.489e-05|1|9996|10223|9996[9996]:10223[10223]:228[228]
843	8360+174	0	62171	1	179362at2759|JAACSZ010000419_1|+|37|0.0006791|1|8360|8533|8360[8360]:8533[8533]:174[174]
844	8332-621	0	67354	-1	1312453at2759|JAACSZ010000442_1|-|74|4.941e-15|1|7712|8332|8332[8332]:7712[7712]:621[621]
876	3049-1116	0	45806	-1	271586at2759|JAACSZ010002030_1|-|64|5.06e-12|1|1934|3049|3049[3049]:1934[1934]:1116[1116]
885	5341-948	0	59173	-1	1312453at2759|JAACSZ010001370_1|-|93|9.425e-21|1|4394|5341|5341[5341]:4394[4394]:948[948]
898	6365+429	0	10941	1	1312453at2759|JAACSZ010001174_1|+|50|8.29e-08|1|6365|6793|6365[6365]:6793[6793]:429[429]
900	2978+831	0	21508	1	1049599at2759|JAACSZ010001745_1|+|88|3.016e-19|1|2978|3808|2978[2978]:3808[3808]:831[831]
900	2144+639	0	26073	1	325552at2759|JAACSZ010001745_1|+|131|3.429e-32|1|2144|2782|2144[2144]:2782[2782]:639[639]
906	15027-651	0	67354	-1	1312453at2759|JAACSZ010001424_1|-|117|5.618e-28|1|14377|15027|15027[15027]:14377[14377]:651[651]
916	30665+549	0	72201	1	1107630at2759|JAACSZ010001465_1|+|144|4.186e-36|1|30665|31213|30665[30665]:31213[31213]:549[549]
918	7149+963	0	42867	1	1284731at2759|JAACSZ010000590_1|+|93|9.425e-21|1|7149|8111|7149[7149]:8111[8111]:963[963]
920	2108+519	0	11248	1	142542at2759|JAACSZ010000420_1|+|60|8.096e-11|1|2108|2626|2108[2108]:2626[2626]:519[519]
926	29731+486	0	10941	1	1312453at2759|JAACSZ010001532_1|+|120|7.022e-29|1|29731|30216|29731[29731]:30216[30216]:486[486]
929	2964+642	0	67354	1	1312453at2759|JAACSZ010000033_1|+|98|2.945e-22|1|2964|3605|2964[2964]:3605[3605]:642[642]
940	23057-501	0	67354	-1	1312453at2759|JAACSZ010000700_1|-|66|1.265e-12|1|22557|23057|23057[23057]:22557[22557]:501[501]
951	5583-780	0	24971	-1	261419at2759|JAACSZ010000840_1|-|207|4.538e-55|2|4804|5583|5583[5583]:5509[5509]:75[75]|5388[5382]:4804[4804]:585[579]
953	13836-213	0	17484	-1	1421503at2759|JAACSZ010000879_1|-|45|2.653e-06|1|13624|13836|13836[13836]:13624[13624]:213[213]
953	14238-222	0	31977	-1	1421503at2759|JAACSZ010000879_1|-|55|2.591e-09|1|14017|14238|14238[14238]:14017[14017]:222[222]
953	10788-762	0	52093	-1	1014314at2759|JAACSZ010000879_1|-|63|1.012e-11|1|10027|10788|10788[10788]:10027[10027]:762[762]
959	14303+981	0	24076	1	1284731at2759|JAACSZ010000241_1|+|88|3.016e-19|1|14303|15283|14303[14303]:15283[15283]:981[981]
967	6801-564	0	22488	-1	464990at2759|JAACSZ010000995_1|-|61|4.048e-11|1|6238|6801|6801[6801]:6238[6238]:564[564]
969	4594+708	0	67354	1	1312453at2759|JAACSZ010001037_1|+|95|2.356e-21|1|4594|5301|4594[4594]:5301[5301]:708[708]
970	15188+357	0	4747	1	1014314at2759|JAACSZ010001059_1|+|65|2.53e-12|1|15188|15544|15188[15188]:15544[15544]:357[357]
970	14408+1155	0	52950	1	1049599at2759|JAACSZ010001059_1|+|163|7.983e-42|1|14408|15562|14408[14408]:15562[15562]:1155[1155]
984	18921+1446	0	62478	1	598949at2759|JAACSZ010001913_1|+|145|2.093e-36|1|18921|20366|18921[18921]:20366[20366]:1446[1446]
985	1783-828	0	60858	-1	814241at2759|JAACSZ010002306_1|-|57|6.477e-10|1|956|1783|1783[1783]:956[956]:828[828]
987	4042+381	0	20051	1	687505at2759|JAACSZ010001443_1|+|74|4.941e-15|1|4042|4422|4042[4042]:4422[4422]:381[381]
988	5418-612	0	67354	-1	1312453at2759|JAACSZ010001273_1|-|136|1.071e-33|1|4807|5418|5418[5418]:4807[4807]:612[612]
1010	698+555	0	52132	1	911863at2759|JAACSZ010002008_1|+|42|2.122e-05|1|698|1252|698[698]:1252[1252]:555[555]
1013	660+339	0	63552	1	687505at2759|JAACSZ010001693_1|+|40|8.489e-05|1|660|998|660[660]:998[998]:339[339]
1039	8721-750	0	37267	-1	905026at2759|JAACSZ010000313_1|-|59|1.619e-10|1|7972|8721|8721[8721]:7972[7972]:750[750]
1050	50848-1398	0	25858	-1	179362at2759|JAACSZ010001399_1|-|57|6.477e-10|1|49451|50848|50848[50848]:49451[49451]:1398[1398]
1050	6700-363	0	69477	-1	911863at2759|JAACSZ010001399_1|-|40|8.489e-05|1|6338|6700|6700[6700]:6338[6338]:363[363]
1059	6716-510	0	40425	-1	261328at2759|JAACSZ010001862_1|-|57|6.477e-10|1|6207|6716|6716[6716]:6207[6207]:510[510]
1071	3638+696	0	67354	1	1312453at2759|JAACSZ010001473_1|+|108|2.876e-25|1|3638|4333|3638[3638]:4333[4333]:696[696]
1073	769+216	0	19714	1	1398309at2759|JAACSZ010001489_1|+|93|9.425e-21|1|769|984|769[769]:984[984]:216[216]
1081	15149-288	0	16608	-1	142542at2759|JAACSZ010001543_1|-|49|1.658e-07|1|14862|15149|15149[15149]:14862[14862]:288[288]
1081	15842-408	0	24791	-1	142542at2759|JAACSZ010001543_1|-|38|0.0003396|1|15435|15842|15842[15842]:15435[15435]:408[408]
1081	17587-555	0	30989	-1	142542at2759|JAACSZ010001543_1|-|47|6.632e-07|1|17033|17587|17587[17587]:17033[17033]:555[555]
1081	16447-225	0	86524	-1	142542at2759|JAACSZ010001543_1|-|52|2.073e-08|1|16223|16447|16447[16447]:16223[16223]:225[225]
1088	7479+783	0	76606	1	911863at2759|JAACSZ010000635_1|+|56|1.295e-09|1|7479|8261|7479[7479]:8261[8261]:783[783]
1111	35600+168	0	86524	1	142542at2759|JAACSZ010001365_1|+|40|8.489e-05|1|35600|35767|35600[35600]:35767[35767]:168[168]
1116	7564+237	0	3351	1	1593937at2759|JAACSZ010001371_1|+|37|0.0006791|1|7564|7800|7564[7564]:7800[7800]:237[237]
1116	17900-501	0	10941	-1	1312453at2759|JAACSZ010001371_1|-|53|1.036e-08|1|17400|17900|17900[17900]:17400[17400]:501[501]
1116	21605+831	0	67354	1	1312453at2759|JAACSZ010001371_1|+|86|1.206e-18|1|21605|22435|21605[21605]:22435[22435]:831[831]
1116	18493-324	0	77967	-1	1312453at2759|JAACSZ010001371_1|-|40|8.489e-05|1|18170|18493|18493[18493]:18170[18170]:324[324]
1117	7459+669	0	40425	1	261328at2759|JAACSZ010001374_1|+|90|7.54e-20|1|7459|8127|7459[7459]:8127[8127]:669[669]
1117	45186-32622	0	82330	-1	1014314at2759|JAACSZ010001374_1|-|74|4.941e-15|2|12565|45186|45186[45186]:44497[44497]:690[690]|12639[12639]:12565[12565]:75[75]
1124	12075-921	0	40154	-1	1364586at2759|JAACSZ010001060_1|-|65|2.53e-12|1|11155|12075|12075[12075]:11155[11155]:921[921]
1129	1455+663	0	67354	1	1312453at2759|JAACSZ010002245_1|+|122|1.756e-29|1|1455|2117|1455[1455]:2117[2117]:663[663]
1135	2409+4117	0	39952	1	722805at2759|JAACSZ010001844_1|+|938|4.017e-275|2|2409|6525|2409[2409]:4736[4736]:2328[2328]|4828[4828]:6525[6525]:1698[1698]
1136	1966+279	0	20961	1	1049599at2759|JAACSZ010001863_1|+|38|0.0003396|1|1966|2244|1966[1966]:2244[2244]:279[279]
1136	19364-678	0	53408	-1	261328at2759|JAACSZ010001863_1|-|92|1.885e-20|1|18687|19364|19364[19364]:18687[18687]:678[678]
1138	7700-324	0	22025	-1	1014314at2759|JAACSZ010001430_1|-|47|6.632e-07|1|7377|7700|7700[7700]:7377[7377]:324[324]
1139	11011-513	0	18996	-1	621827at2759|JAACSZ010001939_1|-|48|3.316e-07|1|10499|11011|11011[11011]:10499[10499]:513[513]
1142	17282+393	0	67354	1	1312453at2759|JAACSZ010001450_1|+|54|5.181e-09|1|17282|17674|17282[17282]:17674[17674]:393[393]
1153	7130-312	0	58704	-1	142542at2759|JAACSZ010000467_1|-|57|6.477e-10|1|6819|7130|7130[7130]:6819[6819]:312[312]
1161	3025+1791	0	15410	1	887370at2759|JAACSZ010001572_1|+|166|9.979e-43|1|3025|4815|3025[3025]:4815[4815]:1791[1791]
1161	20786+612	0	72201	1	1107630at2759|JAACSZ010001572_1|+|63|1.012e-11|1|20786|21397|20786[20786]:21397[21397]:612[612]
1170	3373+684	0	31879	1	621827at2759|JAACSZ010000108_1|+|50|8.29e-08|1|3373|4056|3373[3373]:4056[4056]:684[684]
1172	16415+210	0	4718	1	687505at2759|JAACSZ010000711_1|+|56|1.295e-09|1|16415|16624|16415[16415]:16624[16624]:210[210]
1172	21006+651	0	81421	1	1312453at2759|JAACSZ010000711_1|+|276|7.688e-76|1|21006|21656|21006[21006]:21656[21656]:651[651]
1173	12365-210	0	4718	-1	687505at2759|JAACSZ010000724_1|-|53|1.036e-08|1|12156|12365|12365[12365]:12156[12156]:210[210]
1174	13390+285	0	33578	1	975557at2759|JAACSZ010000735_1|+|48|3.316e-07|1|13390|13674|13390[13390]:13674[13674]:285[285]
1177	11741+879	0	22515	1	1428265at2759|JAACSZ010000771_1|+|270|4.92e-74|1|11741|12619|11741[11741]:12619[12619]:879[879]
1180	15246+3823	0	45406	1	142542at2759|JAACSZ010000814_1|+|510|2.785e-146|2|15246|19068|15246[15246]:17054[17054]:1809[1809]|17140[17149]:19068[19068]:1929[1920]
1182	18068-942	0	67288	-1	687505at2759|JAACSZ010000843_1|-|150|6.54e-38|1|17127|18068|18068[18068]:17127[17127]:942[942]
1183	9394-201	0	26904	-1	1049599at2759|JAACSZ010000859_1|-|40|8.489e-05|1|9194|9394|9394[9394]:9194[9194]:201[201]
1187	3192-1389	0	25858	-1	179362at2759|JAACSZ010002080_1|-|107|5.753e-25|3|1804|3192|3192[3192]:2623[2623]:570[570]|2511[2511]:2482[2482]:30[30]|2328[2328]:1804[1804]:525[525]
1196	5532+615	0	67354	1	1312453at2759|JAACSZ010000377_1|+|99|1.473e-22|1|5532|6146|5532[5532]:6146[6146]:615[615]
1203	44942+1131	0	81103	1	1445102at2759|JAACSZ010001392_1|+|169|1.247e-43|1|44942|46072|44942[44942]:46072[46072]:1131[1131]
1204	2526-420	0	67354	-1	1312453at2759|JAACSZ010001128_1|-|101|3.682e-23|1|2107|2526|2526[2526]:2107[2107]:420[420]
1210	3207+819	0	46789	1	1128607at2759|JAACSZ010001800_1|+|221|2.77e-59|1|3207|4025|3207[3207]:4025[4025]:819[819]
1216	8407-831	0	40958	-1	905026at2759|JAACSZ010001433_1|-|158|2.555e-40|1|7577|8407|8407[8407]:7577[7577]:831[831]
1216	16362-417	0	67354	-1	1312453at2759|JAACSZ010001433_1|-|52|2.073e-08|1|15946|16362|16362[16362]:15946[15946]:417[417]
1220	38065-594	0	10941	-1	1312453at2759|JAACSZ010001453_1|-|63|1.012e-11|1|37472|38065|38065[38065]:37472[37472]:594[594]
1220	20596+714	0	74369	1	905026at2759|JAACSZ010001453_1|+|63|1.012e-11|1|20596|21309|20596[20596]:21309[21309]:714[714]
1221	9143+783	0	27563	1	911863at2759|JAACSZ010001318_1|+|59|1.619e-10|1|9143|9925|9143[9143]:9925[9925]:783[783]
1222	12129-258	0	76040	-1	1421503at2759|JAACSZ010000501_1|-|38|0.0003396|1|11872|12129|12129[12129]:11872[11872]:258[258]
1225	27175-933	0	7228	-1	1014314at2759|JAACSZ010001474_1|-|250|5.159e-68|1|26243|27175|27175[27175]:26243[26243]:933[933]
1226	2371+675	0	67354	1	1312453at2759|JAACSZ010000592_1|+|116|1.124e-27|2|2371|3045|2371[2371]:2700[2700]:330[330]|2830[2830]:3045[3045]:216[216]
1227	6952-225	0	86524	-1	142542at2759|JAACSZ010000402_1|-|60|8.096e-11|1|6728|6952|6952[6952]:6728[6728]:225[225]
1238	7969-468	0	67354	-1	1312453at2759|JAACSZ010001573_1|-|50|8.29e-08|1|7502|7969|7969[7969]:7502[7502]:468[468]
1241	21360-594	0	67354	-1	1312453at2759|JAACSZ010000625_1|-|76|1.235e-15|1|20767|21360|21360[21360]:20767[20767]:594[594]
1249	15596+357	0	69949	1	1421503at2759|JAACSZ010000712_1|+|187|4.758e-49|1|15596|15952|15596[15596]:15952[15952]:357[357]
1255	3877-495	0	67354	-1	1312453at2759|JAACSZ010001618_1|-|55|2.591e-09|1|3383|3877|3877[3877]:3383[3383]:495[495]
1258	11011+510	0	69477	1	911863at2759|JAACSZ010000831_1|+|76|1.235e-15|1|11011|11520|11011[11011]:11520[11520]:510[510]
1258	22188-1458	0	70262	-1	898782at2759|JAACSZ010000831_1|-|112|1.798e-26|1|20731|22188|22188[22188]:20731[20731]:1458[1458]
1259	1047+1524	0	34711	1	687505at2759|JAACSZ010000844_1|+|145|2.093e-36|1|1047|2570|1047[1047]:2570[2570]:1524[1524]
1261	20900-1161	0	42840	-1	598949at2759|JAACSZ010000880_1|-|60|8.096e-11|1|19740|20900|20900[20900]:19740[19740]:1161[1161]
1262	10815+177	0	46825	1	261328at2759|JAACSZ010000157_1|+|49|1.658e-07|1|10815|10991|10815[10815]:10991[10991]:177[177]
1262	16210-321	0	48697	-1	1538526at2759|JAACSZ010000157_1|-|52|2.073e-08|1|15890|16210|16210[16210]:15890[15890]:321[321]
1267	16056-2957	0	67222	-1	671846at2759|JAACSZ010000245_1|-|483|3.737e-138|2|13100|16056|16056[16056]:14062[14062]:1995[1995]|13948[13948]:13100[13100]:849[849]
1271	8611+1440	0	41603	1	1339553at2759|JAACSZ010000335_1|+|243|6.604e-66|2|8611|10050|8611[8611]:9276[9276]:666[666]|9451[9451]:10050[10050]:600[600]
1276	3911+3242	0	33423	1	179362at2759|JAACSZ010001385_1|+|473|3.827e-135|4|3911|7152|3911[3911]:4027[4027]:117[117]|4242[4242]:4430[4430]:189[189]|4522[4534]:5667[5667]:1146[1134]|5779[5779]:7152[7152]:1374[1374]
1276	23926+759	0	59173	1	1312453at2759|JAACSZ010001385_1|+|71|3.953e-14|1|23926|24684|23926[23926]:24684[24684]:759[759]
1276	7370+1384	0	80104	1	179362at2759|JAACSZ010001385_1|+|293|5.865e-81|2|7370|8753|7370[7370]:8494[8494]:1125[1125]|8577[8577]:8753[8753]:177[177]
1281	13147-567	0	67354	-1	1312453at2759|JAACSZ010001129_1|-|122|1.756e-29|1|12581|13147|13147[13147]:12581[12581]:567[567]
1284	1990+408	0	10941	1	1312453at2759|JAACSZ010001202_1|+|53|1.036e-08|1|1990|2397|1990[1990]:2397[2397]:408[408]
1290	6326-753	0	67354	-1	1312453at2759|JAACSZ010001864_1|-|60|8.096e-11|1|5574|6326|6326[6326]:5574[5574]:753[753]
1294	2028+330	0	10941	1	1312453at2759|JAACSZ010001235_1|+|40|8.489e-05|1|2028|2357|2028[2028]:2357[2357]:330[330]
1294	9875-1020	0	40958	-1	905026at2759|JAACSZ010001235_1|-|153|8.175e-39|1|8856|9875|9875[9875]:8856[8856]:1020[1020]
1300	2925-636	0	67354	-1	1312453at2759|JAACSZ010000528_1|-|111|3.595e-26|1|2290|2925|2925[2925]:2290[2290]:636[636]
1305	5859+165	0	4718	1	687505at2759|JAACSZ010000423_1|+|45|2.653e-06|1|5859|6023|5859[5859]:6023[6023]:165[165]
1305	4673-1689	0	50859	-1	1440961at2759|JAACSZ010000423_1|-|321|2.185e-89|1|2985|4673|4673[4673]:2985[2985]:1689[1689]
1308	2686-642	0	67354	-1	1312453at2759|JAACSZ010000493_1|-|89|1.508e-19|1|2045|2686|2686[2686]:2045[2045]:642[642]
1320	1543+459	0	10941	1	1312453at2759|JAACSZ010001677_1|+|76|1.235e-15|1|1543|2001|1543[1543]:2001[2001]:459[459]
1323	17332-210	0	4718	-1	687505at2759|JAACSZ010000677_1|-|53|1.036e-08|1|17123|17332|17332[17332]:17123[17123]:210[210]
1324	4941-441	0	30772	-1	1053181at2759|JAACSZ010000110_1|-|51|4.145e-08|1|4501|4941|4941[4941]:4501[4501]:441[441]
1334	6935-828	0	1344	-1	1049599at2759|JAACSZ010000816_1|-|39|0.0001698|1|6108|6935|6935[6935]:6108[6108]:828[828]
1334	15138+489	0	10941	1	1312453at2759|JAACSZ010000816_1|+|38|0.0003396|1|15138|15626|15138[15138]:15626[15626]:489[489]
1336	13429-543	0	67354	-1	1312453at2759|JAACSZ010000845_1|-|84|4.826e-18|1|12887|13429|13429[13429]:12887[12887]:543[543]
1341	3064-249	0	23	-1	87842at2759|JAACSZ010002081_1|-|51|4.145e-08|1|2816|3064|3064[3064]:2816[2816]:249[249]
1360	5688+363	0	10941	1	1312453at2759|JAACSZ010001178_1|+|55|2.591e-09|1|5688|6050|5688[5688]:6050[6050]:363[363]
1363	11873-393	0	67354	-1	1312453at2759|JAACSZ010001779_1|-|53|1.036e-08|1|11481|11873|11873[11873]:11481[11481]:393[393]
1367	16+1306	0	45048	1	160593at2759|JAACSZ010001865_1|+|215|1.773e-57|2|16|1321|16[16]:261[261]:246[246]|455[467]:1321[1321]:867[855]
1381	35441+543	0	10941	1	1312453at2759|JAACSZ010001490_1|+|57|6.477e-10|1|35441|35983|35441[35441]:35983[35983]:543[543]
1387	1019+657	0	54591	1	325552at2759|JAACSZ010001522_1|+|48|3.316e-07|1|1019|1675|1019[1019]:1675[1675]:657[657]
1402	9690-1086	0	14316	-1	687505at2759|JAACSZ010000702_1|-|94|4.712e-21|1|8605|9690|9690[9690]:8605[8605]:1086[1086]
1403	4004-675	0	67354	-1	1312453at2759|JAACSZ010000921_1|-|115|2.247e-27|1|3330|4004|4004[4004]:3330[3330]:675[675]
1405	28059+417	0	67354	1	1312453at2759|JAACSZ010000736_1|+|75|2.471e-15|1|28059|28475|28059[28059]:28475[28475]:417[417]
1420	15748-720	0	122	-1	1049599at2759|JAACSZ010000228_1|-|37|0.0006791|1|15029|15748|15748[15748]:15029[15029]:720[720]
1425	11337+369	0	43034	1	687505at2759|JAACSZ010000337_1|+|70|7.906e-14|1|11337|11705|11337[11337]:11705[11705]:369[369]
1428	7363+4244	0	45406	1	142542at2759|JAACSZ010000985_1|+|424|2.155e-120|3|7363|11606|7363[7363]:9576[9576]:2214[2214]|9827[9827]:11356[11356]:1530[1530]|11427[11433]:11606[11606]:180[174]
1431	3993-1812	0	72481	-1	331411at2759|JAACSZ010001388_1|-|209|1.134e-55|1|2182|3993|3993[3993]:2182[2182]:1812[1812]
1434	24983+1756	0	67420	1	722805at2759|JAACSZ010001394_1|+|44|5.306e-06|2|24983|26738|24983[24983]:25054[25054]:72[72]|26640[26640]:26738[26738]:99[99]
1442	9425+588	0	67354	1	1312453at2759|JAACSZ010001824_1|+|49|1.658e-07|1|9425|10012|9425[9425]:10012[10012]:588[588]
1445	758-342	0	48378	-1	1421503at2759|JAACSZ010001892_1|-|58|3.238e-10|1|417|758|758[758]:417[417]:342[342]
1452	5984+300	0	77967	1	1312453at2759|JAACSZ010001321_1|+|43|1.061e-05|1|5984|6283|5984[5984]:6283[6283]:300[300]
1456	3298-3146	0	7441	-1	160593at2759|JAACSZ010000575_1|-|1268|0|2|153|3298|3298[3298]:1559[1559]:1740[1740]|1259[1259]:153[153]:1107[1107]
1462	11727-804	0	32067	-1	1445102at2759|JAACSZ010001509_1|-|96|1.178e-21|1|10924|11727|11727[11727]:10924[10924]:804[804]
1468	3378+1108	0	47729	1	1014314at2759|JAACSZ010000038_1|+|128|2.743e-31|2|3378|4485|3378[3378]:4265[4265]:888[888]|4381[4390]:4485[4485]:105[96]
1476	20487-1009	0	67354	-1	1312453at2759|JAACSZ010000666_1|-|92|1.885e-20|2|19479|20487|20487[20487]:20044[20044]:444[444]|19676[19676]:19479[19479]:198[198]
1481	33450+435	0	10941	1	1312453at2759|JAACSZ010001356_1|+|61|4.048e-11|1|33450|33884|33450[33450]:33884[33884]:435[435]
1491	4135+441	0	75494	1	975557at2759|JAACSZ010000861_1|+|70|7.906e-14|1|4135|4575|4135[4135]:4575[4575]:441[441]
1494	6005-609	0	51868	-1	905026at2759|JAACSZ010000173_1|-|93|9.425e-21|1|5397|6005|6005[6005]:5397[5397]:609[609]
1496	11928-924	0	43685	-1	621827at2759|JAACSZ010000211_1|-|89|1.508e-19|1|11005|11928|11928[11928]:11005[11005]:924[924]
1496	2894-644	0	47973	-1	1284731at2759|JAACSZ010000211_1|-|137|5.357e-34|2|2251|2894|2894[2894]:2754[2754]:141[141]|2424[2424]:2251[2251]:174[174]
1497	23061+459	0	10941	1	1312453at2759|JAACSZ010000229_1|+|50|8.29e-08|1|23061|23519|23061[23061]:23519[23519]:459[459]
1497	12615-660	0	67354	-1	1312453at2759|JAACSZ010000229_1|-|109|1.438e-25|1|11956|12615|12615[12615]:11956[11956]:660[660]
1499	4832+435	0	10941	1	1312453at2759|JAACSZ010000270_1|+|87|6.032e-19|1|4832|5266|4832[4832]:5266[5266]:435[435]
1500	6065+909	0	46789	1	1128607at2759|JAACSZ010000294_1|+|442|8.219e-126|1|6065|6973|6065[6065]:6973[6973]:909[909]
1502	12796+195	0	39706	1	687505at2759|JAACSZ010000338_1|+|50|8.29e-08|1|12796|12990|12796[12796]:12990[12990]:195[195]
1505	23907+858	0	35587	1	996662at2759|JAACSZ010001380_1|+|61|4.048e-11|1|23907|24764|23907[23907]:24764[24764]:858[858]
1505	21275+20844	0	40737	1	1079130at2759|JAACSZ010001380_1|+|45|2.653e-06|2|21275|42118|21275[21275]:21319[21319]:45[45]|41927[41927]:42118[42118]:192[192]
1512	12106+3759	0	56313	1	388820at2759|JAACSZ010001400_1|+|1343|0|1|12106|15864|12106[12106]:15864[15864]:3759[3759]
1512	4979-570	0	77967	-1	1312453at2759|JAACSZ010001400_1|-|51|4.145e-08|1|4410|4979|4979[4979]:4410[4410]:570[570]
1516	18635+3054	0	18136	1	142542at2759|JAACSZ010001751_1|+|684|1.163e-198|1|18635|21688|18635[18635]:21688[21688]:3054[3054]
1518	1408+570	0	32823	1	1358374at2759|JAACSZ010002291_1|+|38|0.0003396|1|1408|1977|1408[1408]:1977[1977]:570[570]
1521	3102+2082	0	72675	1	621827at2759|JAACSZ010001867_1|+|645|6.393e-187|1|3102|5183|3102[3102]:5183[5183]:2082[2082]
1526	7523-894	0	40958	-1	905026at2759|JAACSZ010001259_1|-|145|2.093e-36|1|6630|7523|7523[7523]:6630[6630]:894[894]
1526	2088+912	0	68874	1	956854at2759|JAACSZ010001259_1|+|319|8.74e-89|1|2088|2999|2088[2088]:2999[2999]:912[912]
1535	25658-438	0	10941	-1	1312453at2759|JAACSZ010001491_1|-|64|5.06e-12|1|25221|25658|25658[25658]:25221[25221]:438[438]
1535	17989-993	0	17976	-1	325552at2759|JAACSZ010001491_1|-|45|2.653e-06|1|16997|17989|17989[17989]:16997[16997]:993[993]
1551	7278+297	0	77967	1	1312453at2759|JAACSZ010000647_1|+|40|8.489e-05|1|7278|7574|7278[7278]:7574[7574]:297[297]
1552	18313+694	0	67354	1	1312453at2759|JAACSZ010000655_1|+|135|2.143e-33|2|18313|19006|18313[18313]:18624[18624]:312[312]|18764[18764]:19006[19006]:243[243]
1552	14802-441	0	67354	-1	1312453at2759|JAACSZ010000655_1|-|55|2.591e-09|1|14362|14802|14802[14802]:14362[14362]:441[441]
1568	20765+549	0	10941	1	1312453at2759|JAACSZ010000862_1|+|84|4.826e-18|1|20765|21313|20765[20765]:21313[21313]:549[549]
1589	7553-621	0	10941	-1	1312453at2759|JAACSZ010001131_1|-|38|0.0003396|1|6933|7553|7553[7553]:6933[6933]:621[621]
1607	25918+441	0	67354	1	1312453at2759|JAACSZ010001458_1|+|56|1.295e-09|1|25918|26358|25918[25918]:26358[26358]:441[441]
1616	6539+690	0	67354	1	1312453at2759|JAACSZ010001510_1|+|115|2.247e-27|1|6539|7228|6539[6539]:7228[7228]:690[690]
1618	4176-399	0	67681	-1	1563319at2759|JAACSZ010002198_1|-|99|1.473e-22|1|3778|4176|4176[4176]:3778[3778]:399[399]
1622	10572-225	0	56527	-1	1421503at2759|JAACSZ010001561_1|-|43|1.061e-05|1|10348|10572|10572[10572]:10348[10348]:225[225]
1631	14302-276	0	82067	-1	621827at2759|JAACSZ010000678_1|-|135|2.143e-33|1|14027|14302|14302[14302]:14027[14027]:276[276]
1645	7030+681	0	10941	1	1312453at2759|JAACSZ010000863_1|+|70|7.906e-14|1|7030|7710|7030[7030]:7710[7710]:681[681]
1650	16263-852	0	45543	-1	1049599at2759|JAACSZ010000212_1|-|53|1.036e-08|1|15412|16263|16263[16263]:15412[15412]:852[852]
1651	6375-1047	0	30498	-1	687505at2759|JAACSZ010000231_1|-|262|1.26e-71|1|5329|6375|6375[6375]:5329[5329]:1047[1047]
1652	8133+1209	0	72286	1	341721at2759|JAACSZ010000248_1|+|41|4.245e-05|1|8133|9341|8133[8133]:9341[9341]:1209[1209]
1653	13936-363	0	77967	-1	1312453at2759|JAACSZ010000272_1|-|46|1.326e-06|1|13574|13936|13936[13936]:13574[13574]:363[363]
1655	732+789	0	84919	1	1049599at2759|JAACSZ010000318_1|+|89|1.508e-19|1|732|1520|732[732]:1520[1520]:789[789]
1664	9924+734	0	24971	1	261419at2759|JAACSZ010001091_1|+|154|4.087e-39|2|9924|10657|9924[9924]:10172[10172]:249[249]|10334[10334]:10657[10657]:324[324]
1667	1778+291	0	9547	1	1014314at2759|JAACSZ010001158_1|+|44|5.306e-06|1|1778|2068|1778[1778]:2068[2068]:291[291]
1667	1033+591	0	53408	1	261328at2759|JAACSZ010001158_1|+|58|3.238e-10|1|1033|1623|1033[1033]:1623[1623]:591[591]
1688	2223+504	0	10941	1	1312453at2759|JAACSZ010000596_1|+|57|6.477e-10|1|2223|2726|2223[2223]:2726[2726]:504[504]
1702	5043+390	0	10941	1	1312453at2759|JAACSZ010001989_1|+|88|3.016e-19|1|5043|5432|5043[5043]:5432[5432]:390[390]
1712	11561-249	0	80611	-1	687505at2759|JAACSZ010000725_1|-|49|1.658e-07|1|11313|11561|11561[11561]:11313[11313]:249[249]
1721	11646+810	0	59173	1	1312453at2759|JAACSZ010000847_1|+|89|1.508e-19|1|11646|12455|11646[11646]:12455[12455]:810[810]
1721	13966+321	0	59973	1	1312453at2759|JAACSZ010000847_1|+|40|8.489e-05|1|13966|14286|13966[13966]:14286[14286]:321[321]
1721	12799+624	0	67354	1	1312453at2759|JAACSZ010000847_1|+|123|8.778e-30|1|12799|13422|12799[12799]:13422[13422]:624[624]
1722	4648+864	0	25097	1	1504863at2759|JAACSZ010000864_1|+|96|1.178e-21|1|4648|5511|4648[4648]:5511[5511]:864[864]
1723	1114+444	0	51868	1	905026at2759|JAACSZ010000884_1|+|64|5.06e-12|1|1114|1557|1114[1114]:1557[1557]:444[444]
1727	4528+885	0	32067	1	1445102at2759|JAACSZ010000213_1|+|84|4.826e-18|1|4528|5412|4528[4528]:5412[5412]:885[885]
1728	6570-1041	0	623	-1	457861at2759|JAACSZ010000232_1|-|103|9.204e-24|1|5530|6570|6570[6570]:5530[5530]:1041[1041]
1729	3450+4639	0	45406	1	142542at2759|JAACSZ010000249_1|+|476|4.784e-136|2|3450|8088|3450[3450]:5096[5096]:1647[1647]|5236[5236]:8088[8088]:2853[2853]
1740	3999-870	0	40958	-1	905026at2759|JAACSZ010001067_1|-|149|1.308e-37|1|3130|3999|3999[3999]:3130[3130]:870[870]
1741	13637+578	0	68424	1	1526152at2759|JAACSZ010001092_1|+|102|1.841e-23|2|13637|14214|13637[13637]:13723[13723]:87[87]|13900[13900]:14214[14214]:315[315]
1742	4406-917	0	67787	-1	1014314at2759|JAACSZ010001111_1|-|116|1.124e-27|2|3490|4406|4406[4406]:3867[3867]:540[540]|3738[3738]:3490[3490]:249[249]
1747	13200-1939	0	34938	-1	464990at2759|JAACSZ010001754_1|-|380|3.79e-107|2|11262|13200|13200[13200]:12220[12220]:981[981]|12104[12098]:11262[11262]:843[837]
1753	14167+861	0	69210	1	1049599at2759|JAACSZ010001895_1|+|59|1.619e-10|1|14167|15027|14167[14167]:15027[15027]:861[861]
1767	4203-291	0	58700	-1	1421503at2759|JAACSZ010000429_1|-|46|1.326e-06|1|3913|4203|4203[4203]:3913[3913]:291[291]
1770	14068+1833	0	19516	1	271586at2759|JAACSZ010001511_1|+|85|2.413e-18|1|14068|15900|14068[14068]:15900[15900]:1833[1833]
1773	22894+870	0	67354	1	1312453at2759|JAACSZ010001534_1|+|125|2.194e-30|3|22894|23763|22894[22894]:23034[23034]:141[141]|23214[23229]:23423[23423]:210[195]|23518[23518]:23763[23763]:246[246]
1773	5973-1317	0	80043	-1	1504863at2759|JAACSZ010001534_1|-|128|2.743e-31|1|4657|5973|5973[5973]:4657[4657]:1317[1317]
1798	25740+684	0	75587	1	996662at2759|JAACSZ010000848_1|+|64|5.06e-12|1|25740|26423|25740[25740]:26423[26423]:684[684]
1799	14017+663	0	28263	1	1129824at2759|JAACSZ010000865_1|+|91|3.77e-20|1|14017|14679|14017[14017]:14679[14679]:663[663]
1803	2249-483	0	11248	-1	142542at2759|JAACSZ010001941_1|-|38|0.0003396|1|1767|2249|2249[2249]:1767[1767]:483[483]
1812	1515+3402	0	79782	1	331411at2759|JAACSZ010000382_1|+|579|4.717e-167|1|1515|4916|1515[1515]:4916[4916]:3402[3402]
1813	11067+2019	0	44330	1	325552at2759|JAACSZ010000988_1|+|758|6.156e-221|1|11067|13085|11067[11067]:13085[13085]:2019[2019]
1816	2733+9119	0	32140	1	1575179at2759|JAACSZ010001044_1|+|41|4.245e-05|2|2733|11851|2733[2733]:2843[2843]:111[111]|11810[11810]:11851[11851]:42[42]
1818	1437-198	0	4718	-1	687505at2759|JAACSZ010001093_1|-|54|5.181e-09|1|1240|1437|1437[1437]:1240[1240]:198[198]
1818	2058+480	0	47777	1	1312453at2759|JAACSZ010001093_1|+|41|4.245e-05|1|2058|2537|2058[2058]:2537[2537]:480[480]
1819	892+474	0	67354	1	1312453at2759|JAACSZ010002238_1|+|109|1.438e-25|1|892|1365|892[892]:1365[1365]:474[474]
1821	3347-768	0	46789	-1	1128607at2759|JAACSZ010001401_1|-|192|1.487e-50|1|2580|3347|3347[3347]:2580[2580]:768[768]
1830	10486-477	0	10519	-1	261328at2759|JAACSZ010001896_1|-|69|1.581e-13|1|10010|10486|10486[10486]:10010[10010]:477[477]
1831	1657-363	0	27517	-1	142542at2759|JAACSZ010001923_1|-|66|1.265e-12|1|1295|1657|1657[1657]:1295[1295]:363[363]
1831	3805-213	0	59805	-1	142542at2759|JAACSZ010001923_1|-|65|2.53e-12|1|3593|3805|3805[3805]:3593[3593]:213[213]
1833	7663-219	0	4251	-1	687505at2759|JAACSZ010001240_1|-|44|5.306e-06|1|7445|7663|7663[7663]:7445[7445]:219[219]
1842	2110+249	0	18117	1	1538526at2759|JAACSZ010000597_1|+|50|8.29e-08|1|2110|2358|2110[2110]:2358[2358]:249[249]
1846	9273-288	0	80076	-1	905026at2759|JAACSZ010000475_1|-|42|2.122e-05|1|8986|9273|9273[9273]:8986[8986]:288[288]
1849	12053-636	0	72201	-1	1107630at2759|JAACSZ010001524_1|-|130|6.858e-32|1|11418|12053|12053[12053]:11418[11418]:636[636]
1851	18278-765	0	15230	-1	1049599at2759|JAACSZ010001546_1|-|49|1.658e-07|1|17514|18278|18278[18278]:17514[17514]:765[765]
1851	22932+435	0	67354	1	1312453at2759|JAACSZ010001546_1|+|64|5.06e-12|1|22932|23366|22932[22932]:23366[23366]:435[435]
1855	2960-582	0	84571	-1	331411at2759|JAACSZ010001973_1|-|48|3.316e-07|1|2379|2960|2960[2960]:2379[2379]:582[582]
1863	1713+1434	0	25858	1	179362at2759|JAACSZ010000689_1|+|128|2.743e-31|1|1713|3146|1713[1713]:3146[3146]:1434[1434]
1866	19720-1015	0	43654	-1	905026at2759|JAACSZ010000727_1|-|120|7.022e-29|2|18706|19720|19720[19720]:19202[19202]:519[519]|18846[18846]:18706[18706]:141[141]
1867	2764-1011	0	23085	-1	1014314at2759|JAACSZ010000738_1|-|46|1.326e-06|1|1754|2764|2764[2764]:1754[1754]:1011[1011]
1867	24820-528	0	80074	-1	1563319at2759|JAACSZ010000738_1|-|79|1.544e-16|1|24293|24820|24820[24820]:24293[24293]:528[528]
1876	3790+138	0	39525	1	87842at2759|JAACSZ010002024_1|+|42|2.122e-05|1|3790|3927|3790[3790]:3927[3927]:138[138]
1879	18478+819	0	40958	1	905026at2759|JAACSZ010000177_1|+|70|7.906e-14|1|18478|19296|18478[18478]:19296[19296]:819[819]
1883	24106+411	0	43034	1	687505at2759|JAACSZ010000250_1|+|55|2.591e-09|1|24106|24516|24106[24106]:24516[24516]:411[411]
1885	5297+1893	0	25858	1	179362at2759|JAACSZ010000298_1|+|127|5.486e-31|1|5297|7189|5297[5297]:7189[7189]:1893[1893]
1885	7931+216	0	40515	1	1421503at2759|JAACSZ010000298_1|+|64|5.06e-12|1|7931|8146|7931[7931]:8146[8146]:216[216]
1886	757-663	0	57344	-1	1049599at2759|JAACSZ010002014_1|-|56|1.295e-09|1|95|757|757[757]:95[95]:663[663]
1895	3488+882	0	37613	1	956854at2759|JAACSZ010001094_1|+|47|6.632e-07|1|3488|4369|3488[3488]:4369[4369]:882[882]
1898	50667-372	0	69477	-1	911863at2759|JAACSZ010001402_1|-|48|3.316e-07|1|50296|50667|50667[50667]:50296[50296]:372[372]
1903	2156-753	0	67354	-1	1312453at2759|JAACSZ010001806_1|-|67|6.325e-13|1|1404|2156|2156[2156]:1404[1404]:753[753]
1906	2971+186	0	51058	1	1182451at2759|JAACSZ010001871_1|+|64|5.06e-12|1|2971|3156|2971[2971]:3156[3156]:186[186]
1922	7293-501	0	81676	-1	621827at2759|JAACSZ010000454_1|-|57|6.477e-10|1|6793|7293|7293[7293]:6793[6793]:501[501]
1924	4204+1183	0	25097	1	1504863at2759|JAACSZ010001512_1|+|147|5.232e-37|2|4204|5386|4204[4204]:4302[4302]:99[99]|4376[4391]:5386[5386]:1011[996]
1924	31526+204	0	50782	1	975557at2759|JAACSZ010001512_1|+|52|2.073e-08|1|31526|31729|31526[31526]:31729[31729]:204[204]
1928	2176-288	0	39751	-1	1421503at2759|JAACSZ010000003_1|-|58|3.238e-10|1|1889|2176|2176[2176]:1889[1889]:288[288]
1932	9193+711	0	67354	1	1312453at2759|JAACSZ010000614_1|+|109|1.438e-25|1|9193|9903|9193[9193]:9903[9903]:711[711]
1932	29609+354	0	71032	1	687505at2759|JAACSZ010000614_1|+|72|1.977e-14|1|29609|29962|29609[29609]:29962[29962]:354[354]
1953	20720-159	0	25301	-1	1398309at2759|JAACSZ010000866_1|-|38|0.0003396|1|20562|20720|20720[20720]:20562[20562]:159[159]
1953	21470-546	0	53587	-1	1398309at2759|JAACSZ010000866_1|-|42|2.122e-05|1|20925|21470|21470[21470]:20925[20925]:546[546]
1955	2040+315	0	29212	1	911863at2759|JAACSZ010000972_1|+|39|0.0001698|1|2040|2354|2040[2040]:2354[2354]:315[315]
1957	46612+498	0	82088	1	1014314at2759|JAACSZ010001364_1|+|45|2.653e-06|1|46612|47109|46612[46612]:47109[47109]:498[498]
1961	15129-525	0	10941	-1	1312453at2759|JAACSZ010000274_1|-|64|5.06e-12|1|14605|15129|15129[15129]:14605[14605]:525[525]
1961	8606+570	0	67354	1	1312453at2759|JAACSZ010000274_1|+|53|1.036e-08|1|8606|9175|8606[8606]:9175[9175]:570[570]
1962	1697-378	0	33065	-1	1312453at2759|JAACSZ010000299_1|-|41|4.245e-05|1|1320|1697|1697[1697]:1320[1320]:378[378]
1971	4172+150	0	39525	1	87842at2759|JAACSZ010001069_1|+|40|8.489e-05|1|4172|4321|4172[4172]:4321[4321]:150[150]
1976	9030-1632	0	34710	-1	973442at2759|JAACSZ010001405_1|-|341|2.084e-95|2|7399|9030|9030[9030]:8716[8716]:315[315]|8607[8604]:7399[7399]:1209[1206]
1980	43404-456	0	67354	-1	1312453at2759|JAACSZ010001411_1|-|82|1.93e-17|1|42949|43404|43404[43404]:42949[42949]:456[456]
1992	9683-1038	0	59215	-1	1284731at2759|JAACSZ010000509_1|-|63|1.012e-11|1|8646|9683|9683[9683]:8646[8646]:1038[1038]
1994	972+1218	0	27927	1	1251252at2759|JAACSZ010000558_1|+|86|1.206e-18|1|972|2189|972[972]:2189[2189]:1218[1218]
2000	7372+390	0	10941	1	1312453at2759|JAACSZ010001505_1|+|61|4.048e-11|1|7372|7761|7372[7372]:7761[7761]:390[390]
2000	12839-954	0	75761	-1	1076134at2759|JAACSZ010001505_1|-|81|3.86e-17|2|11886|12839|12839[12839]:12249[12249]:591[591]|12059[12059]:11886[11886]:174[174]
2004	64326-393	0	67354	-1	1312453at2759|JAACSZ010001535_1|-|76|1.235e-15|1|63934|64326|64326[64326]:63934[63934]:393[393]
2006	17488-180	0	40805	-1	1284731at2759|JAACSZ010001555_1|-|41|4.245e-05|1|17309|17488|17488[17488]:17309[17309]:180[180]
2011	7329+444	0	47381	1	1358374at2759|JAACSZ010000630_1|+|72|1.977e-14|1|7329|7772|7329[7329]:7772[7772]:444[444]
2012	21279-438	0	10941	-1	1312453at2759|JAACSZ010000639_1|-|59|1.619e-10|1|20842|21279|21279[21279]:20842[20842]:438[438]
2013	294+516	0	11975	1	1038775at2759|JAACSZ010001682_1|+|156|1.022e-39|1|294|809|294[294]:809[809]:516[516]
2015	3671-1644	0	37685	-1	621827at2759|JAACSZ010000669_1|-|107|5.753e-25|1|2028|3671|3671[3671]:2028[2028]:1644[1644]
2017	18714-648	0	10941	-1	1312453at2759|JAACSZ010000691_1|-|49|1.658e-07|1|18067|18714|18714[18714]:18067[18067]:648[648]
2018	20890+897	0	40958	1	905026at2759|JAACSZ010000706_1|+|166|9.979e-43|1|20890|21786|20890[20890]:21786[21786]:897[897]
2021	3037-1011	0	65062	-1	598949at2759|JAACSZ010002117_1|-|76|1.235e-15|1|2027|3037|3037[3037]:2027[2027]:1011[1011]
2029	2263+543	0	10941	1	1312453at2759|JAACSZ010001592_1|+|91|3.77e-20|1|2263|2805|2263[2263]:2805[2805]:543[543]
2030	18646+279	0	4251	1	687505at2759|JAACSZ010000867_1|+|74|4.941e-15|1|18646|18924|18646[18646]:18924[18924]:279[279]
2043	4425-240	0	17801	-1	142542at2759|JAACSZ010000385_1|-|46|1.326e-06|1|4186|4425|4425[4425]:4186[4186]:240[240]
2043	5524-255	0	41218	-1	911863at2759|JAACSZ010000385_1|-|37|0.0006791|1|5270|5524|5524[5524]:5270[5270]:255[255]
2044	52481-13263	0	64225	-1	1398309at2759|JAACSZ010001381_1|-|59|1.619e-10|2|39219|52481|52481[52481]:52278[52278]:204[204]|39335[39326]:39219[39219]:117[108]
2044	60889+426	0	67354	1	1312453at2759|JAACSZ010001381_1|+|56|1.295e-09|1|60889|61314|60889[60889]:61314[61314]:426[426]
2044	11157-537	0	67354	-1	1312453at2759|JAACSZ010001381_1|-|111|3.595e-26|1|10621|11157|11157[11157]:10621[10621]:537[537]
2044	39678+531	0	86283	1	1014314at2759|JAACSZ010001381_1|+|45|2.653e-06|1|39678|40208|39678[39678]:40208[40208]:531[531]
2056	8375+357	0	42644	1	1173229at2759|JAACSZ010001786_1|+|37|0.0006791|1|8375|8731|8375[8375]:8731[8731]:357[357]
2065	8079-1263	0	623	-1	457861at2759|JAACSZ010001444_1|-|113|8.988e-27|1|6817|8079|8079[8079]:6817[6817]:1263[1263]
2065	36459+342	0	13208	1	956854at2759|JAACSZ010001444_1|+|38|0.0003396|1|36459|36800|36459[36459]:36800[36800]:342[342]
2069	26011+213	0	77416	1	1421503at2759|JAACSZ010001459_1|+|41|4.245e-05|1|26011|26223|26011[26011]:26223[26223]:213[213]
2072	20755+147	0	39525	1	87842at2759|JAACSZ010001477_1|+|38|0.0003396|1|20755|20901|20755[20755]:20901[20901]:147[147]
2075	5396-429	0	67354	-1	1312453at2759|JAACSZ010000432_1|-|43|1.061e-05|1|4968|5396|5396[5396]:4968[4968]:429[429]
2081	7539-1044	0	76969	-1	621827at2759|JAACSZ010002222_1|-|92|1.885e-20|1|6496|7539|7539[7539]:6496[6496]:1044[1044]
2103	4163+1614	0	25858	1	179362at2759|JAACSZ010000804_1|+|135|2.143e-33|1|4163|5776|4163[4163]:5776[5776]:1614[1614]
2107	15123+5112	0	23803	1	1312453at2759|JAACSZ010000868_1|+|1356|0|2|15123|20234|15123[15123]:17717[17717]:2595[2595]|17895[17895]:20234[20234]:2340[2340]
2108	5046-951	0	76969	-1	621827at2759|JAACSZ010000887_1|-|174|3.898e-45|1|4096|5046|5046[5046]:4096[4096]:951[951]
2122	6772-390	0	84571	-1	331411at2759|JAACSZ010001008_1|-|38|0.0003396|1|6383|6772|6772[6772]:6383[6383]:390[390]
2123	26377+348	0	68458	1	621827at2759|JAACSZ010001387_1|+|139|1.339e-34|1|26377|26724|26377[26377]:26724[26724]:348[348]
2129	6524+132	0	39525	1	87842at2759|JAACSZ010001162_1|+|40|8.489e-05|1|6524|6655|6524[6524]:6655[6655]:132[132]
2129	2925-129	0	39525	-1	87842at2759|JAACSZ010001162_1|-|38|0.0003396|1|2797|2925|2925[2925]:2797[2797]:129[129]
2133	2355+1953	0	47796	1	179362at2759|JAACSZ010001787_1|+|42|2.122e-05|1|2355|4307|2355[2355]:4307[4307]:1953[1953]
2156	21628-324	0	63552	-1	687505at2759|JAACSZ010001519_1|-|76|1.235e-15|1|21305|21628|21628[21628]:21305[21305]:324[324]
2186	8930+897	0	25097	1	1504863at2759|JAACSZ010000160_1|+|89|1.508e-19|1|8930|9826|8930[8930]:9826[9826]:897[897]
2187	17505+159	0	36511	1	975557at2759|JAACSZ010000179_1|+|49|1.658e-07|1|17505|17663|17505[17505]:17663[17663]:159[159]
2187	17773+324	0	79833	1	975557at2759|JAACSZ010000179_1|+|62|2.024e-11|1|17773|18096|17773[17773]:18096[18096]:324[324]
2187	1769+327	0	82067	1	621827at2759|JAACSZ010000179_1|+|93|9.425e-21|1|1769|2095|1769[1769]:2095[2095]:327[327]
2188	3844+498	0	10941	1	1312453at2759|JAACSZ010000195_1|+|46|1.326e-06|1|3844|4341|3844[3844]:4341[4341]:498[498]
2204	3452-468	0	10941	-1	1312453at2759|JAACSZ010001114_1|-|54|5.181e-09|1|2985|3452|3452[3452]:2985[2985]:468[468]
2206	11918+288	0	26942	1	1421503at2759|JAACSZ010001163_1|+|50|8.29e-08|1|11918|12205|11918[11918]:12205[12205]:288[288]
2213	4454+26363	0	24120	1	1445102at2759|JAACSZ010001418_1|+|57|6.477e-10|2|4454|30816|4454[4454]:4504[4504]:51[51]|30484[30484]:30816[30816]:333[333]
2217	20762+177	0	59805	1	142542at2759|JAACSZ010001435_1|+|64|5.06e-12|1|20762|20938|20762[20762]:20938[20938]:177[177]
2217	35571-660	0	67354	-1	1312453at2759|JAACSZ010001435_1|-|135|2.143e-33|1|34912|35571|35571[35571]:34912[34912]:660[660]
2218	4874-279	0	70791	-1	1421503at2759|JAACSZ010001242_1|-|45|2.653e-06|1|4596|4874|4874[4874]:4596[4596]:279[279]
2235	1868-876	0	42716	-1	905026at2759|JAACSZ010002224_1|-|38|0.0003396|1|993|1868|1868[1868]:993[993]:876[876]
2241	3796-846	0	59165	-1	621827at2759|JAACSZ010001996_1|-|38|0.0003396|1|2951|3796|3796[3796]:2951[2951]:846[846]
2248	1870+708	0	61768	1	1284731at2759|JAACSZ010000694_1|+|317|3.496e-88|1|1870|2577|1870[1870]:2577[2577]:708[708]
2261	10545+639	0	67354	1	1312453at2759|JAACSZ010000869_1|+|129|1.372e-31|1|10545|11183|10545[10545]:11183[11183]:639[639]
2265	10132+189	0	46836	1	1504863at2759|JAACSZ010000196_1|+|42|2.122e-05|1|10132|10320|10132[10132]:10320[10320]:189[189]
2272	13710+1191	0	4713	1	996662at2759|JAACSZ010000346_1|+|384|2.369e-108|2|13710|14900|13710[13710]:13988[13988]:279[279]|14109[14109]:14900[14900]:792[792]
2290	903+2265	0	29546	1	142542at2759|JAACSZ010001854_1|+|307|3.58e-85|2|903|3167|903[903]:1418[1418]:516[516]|1548[1548]:3167[3167]:1620[1620]
2292	9645-531	0	67354	-1	1312453at2759|JAACSZ010001900_1|-|80|7.721e-17|1|9115|9645|9645[9645]:9115[9115]:531[531]
2304	6928-822	0	8570	-1	271586at2759|JAACSZ010001484_1|-|83|9.651e-18|1|6107|6928|6928[6928]:6107[6107]:822[822]
2304	5010+813	0	9286	1	905026at2759|JAACSZ010001484_1|+|63|1.012e-11|1|5010|5822|5010[5010]:5822[5822]:813[813]
2304	2336-558	0	67354	-1	1312453at2759|JAACSZ010001484_1|-|106|1.151e-24|1|1779|2336|2336[2336]:1779[1779]:558[558]
2309	17990+489	0	67354	1	1312453at2759|JAACSZ010001513_1|+|47|6.632e-07|1|17990|18478|17990[17990]:18478[18478]:489[489]
2312	27136-582	0	8291	-1	1398309at2759|JAACSZ010001536_1|-|66|1.265e-12|1|26555|27136|27136[27136]:26555[26555]:582[582]
2312	11142-4096	0	17062	-1	87842at2759|JAACSZ010001536_1|-|1281|0|2|7047|11142|11142[11142]:7666[7666]:3477[3477]|7583[7583]:7047[7047]:537[537]
2318	18096+531	0	67354	1	1312453at2759|JAACSZ010000621_1|+|59|1.619e-10|1|18096|18626|18096[18096]:18626[18626]:531[531]
2321	16383+468	0	10941	1	1312453at2759|JAACSZ010000650_1|+|65|2.53e-12|1|16383|16850|16383[16383]:16850[16850]:468[468]
2321	4544+177	0	86524	1	142542at2759|JAACSZ010000650_1|+|44|5.306e-06|1|4544|4720|4544[4544]:4720[4720]:177[177]
2335	17964+495	0	10941	1	1312453at2759|JAACSZ010000822_1|+|85|2.413e-18|1|17964|18458|17964[17964]:18458[18458]:495[495]
2350	12820+237	0	58704	1	142542at2759|JAACSZ010000366_1|+|50|8.29e-08|1|12820|13056|12820[12820]:13056[13056]:237[237]
2357	11851+837	0	25243	1	1107630at2759|JAACSZ010001098_1|+|248|2.064e-67|1|11851|12687|11851[11851]:12687[12687]:837[837]
2358	13753-465	0	10941	-1	1312453at2759|JAACSZ010001116_1|-|50|8.29e-08|1|13289|13753|13753[13753]:13289[13289]:465[465]
2358	7196-261	0	58704	-1	142542at2759|JAACSZ010001116_1|-|43|1.061e-05|1|6936|7196|7196[7196]:6936[6936]:261[261]
2365	12568-1716	0	70262	-1	898782at2759|JAACSZ010001809_1|-|210|5.672e-56|1|10853|12568|12568[12568]:10853[10853]:1716[1716]
2370	8517+651	0	7388	1	1173229at2759|JAACSZ010001930_1|+|47|6.632e-07|1|8517|9167|8517[8517]:9167[9167]:651[651]
2371	6490+816	0	67354	1	1312453at2759|JAACSZ010001224_1|+|129|1.372e-31|2|6490|7305|6490[6490]:6939[6939]:450[450]|7129[7129]:7305[7305]:177[177]
2379	13674-540	0	67354	-1	1312453at2759|JAACSZ010001467_1|-|92|1.885e-20|1|13135|13674|13674[13674]:13135[13135]:540[540]
2396	25854-186	0	64785	-1	261328at2759|JAACSZ010000632_1|-|43|1.061e-05|1|25669|25854|25854[25854]:25669[25669]:186[186]
2405	17128-891	0	46789	-1	1128607at2759|JAACSZ010000728_1|-|153|8.175e-39|1|16238|17128|17128[17128]:16238[16238]:891[891]
2408	2458+537	0	4926	1	1421503at2759|JAACSZ010000141_1|+|145|2.093e-36|1|2458|2994|2458[2458]:2994[2994]:537[537]
2408	3566+557	0	72201	1	1107630at2759|JAACSZ010000141_1|+|138|2.679e-34|2|3566|4122|3566[3566]:3751[3751]:186[186]|3838[3838]:4122[4122]:285[285]
2409	2926+243	0	50782	1	975557at2759|JAACSZ010000778_1|+|68|3.162e-13|1|2926|3168|2926[2926]:3168[3168]:243[243]
2415	19952+480	0	10941	1	1312453at2759|JAACSZ010000870_1|+|59|1.619e-10|1|19952|20431|19952[19952]:20431[20431]:480[480]
2423	6765-789	0	20796	-1	1312453at2759|JAACSZ010000279_1|-|55|2.591e-09|1|5977|6765|6765[6765]:5977[5977]:789[789]
2428	2141+432	0	54374	1	1284731at2759|JAACSZ010001731_1|+|37|0.0006791|1|2141|2572|2141[2141]:2572[2572]:432[432]
2431	975+540	0	25076	1	1014314at2759|JAACSZ010001029_1|+|62|2.024e-11|1|975|1514|975[975]:1514[1514]:540[540]
2432	14769+492	0	11248	1	142542at2759|JAACSZ010001051_1|+|40|8.489e-05|1|14769|15260|14769[14769]:15260[15260]:492[492]
2432	7253-258	0	16608	-1	142542at2759|JAACSZ010001051_1|-|42|2.122e-05|1|6996|7253|7253[7253]:6996[6996]:258[258]
2433	8808-1059	0	12504	-1	1173229at2759|JAACSZ010001073_1|-|165|1.996e-42|1|7750|8808|8808[8808]:7750[7750]:1059[1059]
2442	11190-420	0	11340	-1	271586at2759|JAACSZ010001810_1|-|48|3.316e-07|1|10771|11190|11190[11190]:10771[10771]:420[420]
2450	47442-135	0	4718	-1	687505at2759|JAACSZ010001446_1|-|50|8.29e-08|1|47308|47442|47442[47442]:47308[47308]:135[135]
2451	41924-411	0	51052	-1	1364586at2759|JAACSZ010001451_1|-|70|7.906e-14|1|41514|41924|41924[41924]:41514[41514]:411[411]
2453	7912+1107	0	59215	1	1284731at2759|JAACSZ010001333_1|+|68|3.162e-13|1|7912|9018|7912[7912]:9018[9018]:1107[1107]
2459	3100-754	0	67354	-1	1312453at2759|JAACSZ010000412_1|-|128|2.743e-31|2|2347|3100|3100[3100]:2705[2705]:396[396]|2598[2598]:2347[2347]:252[252]
