127	26290-1071	0	943	-1	13832at33634_6|scaffold_4065|-|107|6.871e-27|1|25220|26290|26290[26290]:25220[25220]:1071[1071]
133	12273-1906	0	714	-1	3786at33634_7|scaffold_4257|-|436|6.283e-126|2|10368|12273|12273[12273]:11389[11389]:885[885]|11300[11300]:10368[10368]:933[933]
143	6804-967	0	98	-1	18429at33634_9|scaffold_4577|-|526|5.075e-153|2|5838|6804|6804[6804]:6718[6718]:87[87]|6635[6635]:5838[5838]:798[798]
150	19045-1954	0	454	-1	13819at33634|scaffold_4801|-|144|5e-38|2|17092|19045|19045[19045]:18581[18581]:465[465]|17730[17730]:17092[17092]:639[639]
167	3797-1112	0	1052	-1	25189at33634_3|scaffold_5345|-|290|5.605e-82|2|2686|3797|3797[3797]:3684[3684]:114[114]|2991[2988]:2686[2686]:306[303]
171	13073+1467	0	278	1	12382at33634_4|scaffold_5473|+|99|1.759e-24|1|13073|14539|13073[13073]:14539[14539]:1467[1467]
189	9156+1044	0	739	1	13832at33634_0|scaffold_6049|+|100|8.795e-25|1|9156|10199|9156[9156]:10199[10199]:1044[1044]
213	4218+1434	0	1038	1	9286at33634_5|scaffold_6817|+|810|1.633e-238|1|4218|5651|4218[4218]:5651[5651]:1434[1434]
221	6475+3595	0	225	1	6981at33634_7|scaffold_7073|+|1994|0|4|6475|10069|6475[6475]:6723[6723]:249[249]|6896[6899]:9247[9247]:2352[2349]|9320[9341]:9436[9436]:117[96]|9524[9524]:10069[10069]:546[546]
253	3900+1554	0	580	1	3834at33634_7|scaffold_8097|+|725|6.317e-213|1|3900|5453|3900[3900]:5453[5453]:1554[1554]
3772	58286-513	0	377	-1	27409at33634_5|scaffold_3874|-|297|4.379e-84|1|57774|58286|58286[58286]:57774[57774]:513[513]
3785	19524+2528	0	3	1	12382at33634|scaffold_4290|+|234|4.039e-65|3|19524|22051|19524[19524]:19700[19700]:177[177]|20944[20947]:21234[21234]:291[288]|21287[21317]:22051[22051]:765[735]
3807	15376+1158	0	208	1	12382at33634_2|scaffold_4994|+|237|5.048e-66|1|15376|16533|15376[15376]:16533[16533]:1158[1158]
3807	3403+555	0	358	1	20769at33634_7|scaffold_4994|+|323|6.525e-92|1|3403|3957|3403[3403]:3957[3957]:555[555]
3812	19695+249	0	307	1	27409at33634_3|scaffold_5154|+|48|3.961e-09|1|19695|19943|19695[19695]:19943[19943]:249[249]
3812	6621+1326	0	693	1	12249at33634|scaffold_5154|+|212|1.694e-58|3|6621|7946|6621[6621]:6854[6854]:234[234]|6982[6982]:7380[7380]:399[399]|7482[7482]:7946[7946]:465[465]
3908	33+2449	0	771	1	971at33634_7|scaffold_8226|+|317|4.176e-90|2|33|2481|33[33]:1307[1307]:1275[1275]|1420[1420]:2481[2481]:1062[1062]
3909	8340-492	0	616	-1	15177at33634_2|scaffold_8258|-|46|1.584e-08|1|7849|8340|8340[8340]:7849[7849]:492[492]
3974	493+870	0	743	1	22950at33634_8|scaffold_10338|+|136|1.28e-35|1|493|1362|493[493]:1362[1362]:870[870]
3976	19+1195	0	3	1	12382at33634|scaffold_10402|+|222|1.654e-61|2|19|1213|19[19]:513[513]:495[495]|599[611]:1213[1213]:615[603]
4110	0+1452	0	53	1	6684at33634_8|scaffold_14690|+|218|2.647e-60|1|0|1451|0[0]:1451[1451]:1452[1452]
7420	82468+553	0	39	1	26307at33634_9|scaffold_3779|+|270|5.877e-76|2|82468|83020|82468[82468]:82662[82662]:195[195]|82733[82754]:83020[83020]:288[267]
7456	19327+1101	0	364	1	6933at33634_9|scaffold_4931|+|194|4.441e-53|1|19327|20427|19327[19327]:20427[20427]:1101[1101]
7549	4436-1753	0	161	-1	14113at33634_7|scaffold_7907|-|920|1.258e-271|3|2684|4436|4436[4436]:3720[3720]:717[717]|3626[3623]:3525[3525]:102[99]|3454[3451]:2684[2684]:771[768]
7651	2098+1821	0	792	1	5964at33634_9|scaffold_11171|+|618|1.025e-180|2|2098|3918|2098[2098]:3000[3000]:903[903]|3103[3106]:3918[3918]:816[813]
11071	64089-1071	0	1020	-1	8842at33634_6|scaffold_3780|-|157|6.103e-42|1|63019|64089|64089[64089]:63019[63019]:1071[1071]
11073	20326+261	0	473	1	26441at33634_4|scaffold_3844|+|50|9.903e-10|1|20326|20586|20326[20326]:20586[20586]:261[261]
11079	19909-1845	0	840	-1	12562at33634_1|scaffold_4036|-|412|1.054e-118|1|18065|19909|19909[19909]:18065[18065]:1845[1845]
11080	34087-1623	0	980	-1	6684at33634_3|scaffold_4068|-|272|1.469e-76|2|32465|34087|34087[34087]:33455[33455]:633[633]|33325[33325]:32465[32465]:861[861]
11081	30761-1254	0	428	-1	9297at33634_1|scaffold_4100|-|46|1.584e-08|1|29508|30761|30761[30761]:29508[29508]:1254[1254]
11090	8917-974	0	474	-1	15242at33634_6|scaffold_4388|-|477|2.857e-138|2|7944|8917|8917[8917]:8351[8351]:567[567]|8240[8240]:7944[7944]:297[297]
11091	30080+819	0	607	1	22950at33634_4|scaffold_4420|+|472|9.143e-137|1|30080|30898|30080[30080]:30898[30898]:819[819]
11109	8585+862	0	884	1	8842at33634_2|scaffold_4996|+|118|3.355e-30|2|8585|9446|8585[8585]:8917[8917]:333[333]|9000[9000]:9446[9446]:447[447]
11158	10686+867	0	739	1	13832at33634_0|scaffold_6564|+|95|2.815e-23|2|10686|11552|10686[10686]:11318[11318]:633[633]|11478[11478]:11552[11552]:75[75]
11195	6450+1357	0	869	1	6436at33634_2|scaffold_7748|+|242|1.578e-67|2|6450|7806|6450[6450]:7535[7535]:1086[1086]|7588[7609]:7806[7806]:219[198]
11253	6865-2177	0	729	-1	6989at33634_9|scaffold_9604|-|302|1.368e-85|2|4689|6865|6865[6865]:6572[6572]:294[294]|6260[6257]:4689[4689]:1572[1569]
11315	4120-2462	0	576	-1	15242at33634_9|scaffold_11588|-|666|3.641e-195|5|1659|4120|4120[4120]:3707[3707]:414[414]|3624[3624]:3175[3175]:450[450]|2852[2852]:2586[2586]:267[267]|2500[2500]:2288[2288]:213[213]|2189[2189]:1659[1659]:531[531]
14724	43346+759	0	115	1	20182at33634_4|scaffold_3845|+|43|1.268e-07|1|43346|44104|43346[43346]:44104[44104]:759[759]
14736	3101+2140	0	747	1	3835at33634_6|scaffold_4229|+|1038|3.785e-307|2|3101|5240|3101[3101]:3886[3886]:786[786]|4077[4080]:5240[5240]:1164[1161]
14759	19183-882	0	243	-1	12382at33634_3|scaffold_4965|-|156|1.221e-41|1|18302|19183|19183[19183]:18302[18302]:882[882]
14793	12628-708	0	78	-1	9286at33634_9|scaffold_6053|-|62|2.418e-13|1|11921|12628|12628[12628]:11921[11921]:708[708]
14797	11688-1069	0	1020	-1	8842at33634_6|scaffold_6181|-|266|9.403e-75|2|10620|11688|11688[11688]:11362[11362]:327[327]|11243[11237]:10620[10620]:624[618]
14821	529+2752	0	389	1	3405at33634_9|scaffold_6949|+|1462|0|2|529|3280|529[529]:1632[1632]:1104[1104]|1709[1709]:3280[3280]:1572[1572]
14821	7059+1120	0	1011	1	13832at33634_8|scaffold_6949|+|277|4.591e-78|4|7059|8178|7059[7059]:7244[7244]:186[186]|7381[7381]:7539[7539]:159[159]|7713[7713]:8006[8006]:294[294]|8086[8095]:8178[8178]:93[84]
14846	1091+1692	0	757	1	6366at33634_6|scaffold_7749|+|963|1.43e-284|2|1091|2782|1091[1091]:1204[1204]:114[114]|1283[1283]:2782[2782]:1500[1500]
14849	4286+249	0	507	1	26441at33634_5|scaffold_7845|+|57|7.736e-12|1|4286|4534|4286[4286]:4534[4534]:249[249]
14956	4949-1871	0	748	-1	3786at33634_8|scaffold_11269|-|616|4.1e-180|2|3079|4949|4949[4949]:4209[4209]:741[741]|4131[4131]:3079[3079]:1053[1053]
15051	323+1656	0	402	1	13819at33634_6|scaffold_14309|+|739|3.856e-217|2|323|1978|323[323]:598[598]:276[276]|923[923]:1978[1978]:1056[1056]
15091	0+636	0	752	1	15177at33634_6|scaffold_15589|+|55|3.095e-11|1|0|635|0[0]:635[635]:636[636]
18378	37863+2006	0	165	1	5578at33634_5|scaffold_3942|+|924|7.862e-273|2|37863|39868|37863[37863]:37949[37949]:87[87]|38489[38492]:39868[39868]:1380[1377]
18472	529+2752	0	389	1	3405at33634_9|scaffold_6950|+|1462|0|2|529|3280|529[529]:1632[1632]:1104[1104]|1709[1709]:3280[3280]:1572[1572]
18472	7059+1120	0	1011	1	13832at33634_8|scaffold_6950|+|277|4.591e-78|4|7059|8178|7059[7059]:7244[7244]:186[186]|7381[7381]:7539[7539]:159[159]|7713[7713]:8006[8006]:294[294]|8086[8095]:8178[8178]:93[84]
18503	6362+1281	0	765	1	9201at33634_5|scaffold_7942|+|154|4.882e-41|1|6362|7642|6362[6362]:7642[7642]:1281[1281]
18518	4664+837	0	903	1	6436at33634_3|scaffold_8422|+|232|1.615e-64|2|4664|5500|4664[4664]:5149[5149]:486[486]|5240[5240]:5500[5500]:261[261]
18751	866+966	0	686	1	12249at33634_8|scaffold_15878|+|367|3.709e-105|2|866|1831|866[866]:1513[1513]:648[648]|1601[1607]:1831[1831]:231[225]
18812	234+462	0	505	1	22950at33634_1|scaffold_17830|+|81|4.611e-19|1|234|695|234[234]:695[695]:462[462]
19458	1+399	0	887	1	27411at33634_8|scaffold_38502|+|248|2.465e-69|1|1|399|1[1]:399[399]:399[399]
22029	1620+1338	0	208	1	12382at33634_2|scaffold_3943|+|214|4.235e-59|1|1620|2957|1620[1620]:2957[2957]:1338[1338]
22037	16449-696	0	24	-1	8842at33634_9|scaffold_4199|-|199|1.388e-54|1|15754|16449|16449[16449]:15754[15754]:696[696]
22043	14999+663	0	157	1	12069at33634_9|scaffold_4391|+|132|2.048e-34|1|14999|15661|14999[14999]:15661[15661]:663[663]
22055	8378+330	0	1027	1	9731at33634_0|scaffold_4775|+|73|1.18e-16|1|8378|8707|8378[8378]:8707[8707]:330[330]
22093	9834+2708	0	433	1	4148at33634_1|scaffold_5991|+|781|8.767e-230|2|9834|12541|9834[9834]:10931[10931]:1098[1098]|11078[11078]:12541[12541]:1464[1464]
22106	171+2331	0	104	1	18615at33634_1|scaffold_6407|+|187|5.684e-51|1|171|2501|171[171]:2501[2501]:2331[2331]
22130	6620-2520	0	581	-1	2880at33634_9|scaffold_7175|-|1410|0|1|4101|6620|6620[6620]:4101[4101]:2520[2520]
22172	6563-2857	0	634	-1	11504at33634_1|scaffold_8519|-|621|1.281e-181|4|3707|6563|6563[6563]:6219[6219]:345[345]|5903[5888]:5571[5571]:333[318]|5474[5468]:4971[4971]:504[498]|4936[4900]:3707[3707]:1230[1194]
22228	3326+522	0	489	1	15177at33634|scaffold_10311|+|69|1.889e-15|1|3326|3847|3326[3326]:3847[3847]:522[522]
25684	23705-20362	0	505	-1	22950at33634_1|scaffold_4072|-|138|3.2e-36|3|3344|23705|23705[23705]:23397[23397]:309[309]|22761[22761]:22483[22483]:279[279]|3409[3379]:3344[3344]:66[36]
25722	2533+931	0	816	1	8842at33634_0|scaffold_5288|+|149|1.562e-39|2|2533|3463|2533[2533]:2682[2682]:150[150]|2774[2780]:3463[3463]:690[684]
25752	9820+1830	0	780	1	5074at33634_5|scaffold_6248|+|848|5.94e-250|2|9820|11649|9820[9820]:11232[11232]:1413[1413]|11299[11314]:11649[11649]:351[336]
25761	4227+849	0	884	1	8842at33634_2|scaffold_6536|+|85|2.882e-20|1|4227|5075|4227[4227]:5075[5075]:849[849]
25784	4328-1604	0	278	-1	12382at33634_4|scaffold_7272|-|76|1.476e-17|2|2725|4328|4328[4328]:3783[3783]:546[546]|3147[3147]:2725[2725]:423[423]
25843	990+1907	0	714	1	3786at33634_7|scaffold_9160|+|551|1.513e-160|2|990|2896|990[990]:1673[1673]:684[684]|1739[1751]:2896[2896]:1158[1146]
25879	5084-618	0	850	-1	8842at33634_1|scaffold_10312|-|130|8.191e-34|1|4467|5084|5084[5084]:4467[4467]:618[618]
29328	62323-564	0	331	-1	21875at33634_2|scaffold_3849|-|115|2.684e-29|1|61760|62323|62323[62323]:61760[61760]:564[564]
29337	36404+2773	0	225	1	6981at33634_7|scaffold_4137|+|1575|0|2|36404|39176|36404[36404]:36652[36652]:249[249]|36825[36828]:39176[39176]:2352[2349]
29354	16727+785	0	24	1	8842at33634_9|scaffold_4681|+|189|1.421e-51|2|16727|17511|16727[16727]:17086[17086]:360[360]|17185[17191]:17511[17511]:327[321]
29354	15508+1014	0	816	1	8842at33634_0|scaffold_4681|+|175|2.328e-47|1|15508|16521|15508[15508]:16521[16521]:1014[1014]
29370	12229-684	0	1020	-1	8842at33634_6|scaffold_5193|-|102|2.199e-25|1|11546|12229|12229[12229]:11546[11546]:684[684]
29374	13595-1647	0	259	-1	6933at33634_6|scaffold_5321|-|801|8.36e-236|3|11949|13595|13595[13595]:13545[13545]:51[51]|13308[13299]:12721[12721]:588[579]|12605[12605]:11949[11949]:657[657]
29392	179+2132	0	941	1	1326at33634_2|scaffold_5897|+|235|2.019e-65|2|179|2310|179[179]:1606[1606]:1428[1428]|1858[1858]:2310[2310]:453[453]
29447	4671+249	0	507	1	26441at33634_5|scaffold_7657|+|57|7.736e-12|1|4671|4919|4671[4671]:4919[4919]:249[249]
29469	1404+2023	0	145	1	7485at33634_4|scaffold_8361|+|363|5.934e-104|3|1404|3426|1404[1404]:1688[1688]:285[285]|1762[1786]:2769[2769]:1008[984]|2848[2848]:3426[3426]:579[579]
29530	5084-618	0	850	-1	8842at33634_1|scaffold_10313|-|130|8.191e-34|1|4467|5084|5084[5084]:4467[4467]:618[618]
29543	403+1479	0	278	1	12382at33634_4|scaffold_10729|+|164|4.768e-44|1|403|1881|403[403]:1881[1881]:1479[1479]
29576	1779+880	0	986	1	8842at33634_5|scaffold_11785|+|124|5.242e-32|2|1779|2658|1779[1779]:2147[2147]:369[369]|2248[2248]:2658[2658]:411[411]
29581	81+417	0	253	1	20769at33634_4|scaffold_11945|+|34|6.49e-05|1|81|497|81[81]:497[497]:417[417]
32977	73081+1470	0	160	1	4166at33634_5|scaffold_3786|+|334|3.186e-95|3|73081|74550|73081[73081]:73296[73296]:216[216]|73347[73386]:74132[74132]:786[747]|74227[74227]:74550[74550]:324[324]
32978	23840+1656	0	1030	1	9939at33634_6|scaffold_3818|+|814|1.021e-239|2|23840|25495|23840[23840]:24412[24412]:573[573]|24506[24506]:25495[25495]:990[990]
32993	15528+669	0	899	1	15351at33634_4|scaffold_4298|+|396|6.908e-114|1|15528|16196|15528[15528]:16196[16196]:669[669]
33004	15+984	0	866	1	5960at33634_5|scaffold_4650|+|230|6.462e-64|1|15|998|15[15]:998[998]:984[984]
33021	767+698	0	251	1	28151at33634_9|scaffold_5194|+|128|3.277e-33|3|767|1464|767[767]:865[865]:99[99]|1009[1009]:1197[1197]:189[189]|1345[1345]:1464[1464]:120[120]
33250	408+1029	0	1025	1	12363at33634_6|scaffold_12522|+|470|3.657e-136|1|408|1436|408[408]:1436[1436]:1029[1029]
33267	386+1083	0	943	1	13832at33634_6|scaffold_13066|+|108|3.436e-27|1|386|1468|386[386]:1468[1468]:1083[1083]
33295	240+990	0	792	1	5964at33634_9|scaffold_13962|+|80|9.223e-19|1|240|1229|240[240]:1229[1229]:990[990]
36637	28823+720	0	909	1	13832at33634_5|scaffold_4075|+|80|9.223e-19|1|28823|29542|28823[28823]:29542[29542]:720[720]
36652	357+963	0	571	1	21875at33634_9|scaffold_4555|+|473|4.572e-137|1|357|1319|357[357]:1319[1319]:963[963]
36757	5494-1120	0	1011	-1	13832at33634_8|scaffold_7915|-|277|4.591e-78|4|4375|5494|5494[5494]:5309[5309]:186[186]|5172[5172]:5014[5014]:159[159]|4840[4840]:4547[4547]:294[294]|4467[4458]:4375[4375]:93[84]
36764	6460-1393	0	208	-1	12382at33634_2|scaffold_8139|-|157|6.103e-42|2|5068|6460|6460[6460]:5369[5369]:1092[1092]|5268[5268]:5068[5068]:201[201]
36782	6637+1500	0	53	1	6684at33634_8|scaffold_8715|+|233|8.077e-65|1|6637|8136|6637[6637]:8136[8136]:1500[1500]
36803	3336+672	0	884	1	8842at33634_2|scaffold_9387|+|127|6.553e-33|1|3336|4007|3336[3336]:4007[4007]:672[672]
36911	2424+1082	0	786	1	15177at33634_7|scaffold_12843|+|681|1.111e-199|2|2424|3505|2424[2424]:2642[2642]:219[219]|2732[2738]:3505[3505]:774[768]
36972	0+1452	0	53	1	6684at33634_8|scaffold_14795|+|218|2.647e-60|1|0|1451|0[0]:1451[1451]:1452[1452]
40280	29794-1008	0	304	-1	27268at33634_7|scaffold_3820|-|214|4.235e-59|1|28787|29794|29794[29794]:28787[28787]:1008[1008]
40281	11809+1137	0	87	1	12069at33634_7|scaffold_3852|+|611|1.312e-178|1|11809|12945|11809[11809]:12945[12945]:1137[1137]
40286	34513+729	0	1045	1	13832at33634_9|scaffold_4012|+|121|4.194e-31|1|34513|35241|34513[34513]:35241[35241]:729[729]
40291	34860-696	0	24	-1	8842at33634_9|scaffold_4172|-|161|3.814e-43|1|34165|34860|34860[34860]:34165[34165]:696[696]
40319	6124+1665	0	243	1	12382at33634_3|scaffold_5068|+|225|2.068e-62|3|6124|7788|6124[6124]:6441[6441]:318[318]|6932[6932]:7627[7627]:696[696]|7729[7738]:7788[7788]:60[51]
40335	12988+1385	0	668	1	11504at33634_2|scaffold_5580|+|159|1.526e-42|2|12988|14372|12988[12988]:14148[14148]:1161[1161]|14241[14247]:14372[14372]:132[126]
40343	2207+366	0	548	1	15177at33634_0|scaffold_5836|+|57|7.736e-12|1|2207|2572|2207[2207]:2572[2572]:366[366]
40376	10513+306	0	789	1	24919at33634_3|scaffold_6892|+|56|1.547e-11|1|10513|10818|10513[10513]:10818[10818]:306[306]
40621	738+834	0	1045	1	13832at33634_9|scaffold_14732|+|52|2.476e-10|1|738|1571|738[738]:1571[1571]:834[834]
43930	36564-456	0	63	-1	18429at33634_8|scaffold_3789|-|48|3.961e-09|1|36109|36564|36564[36564]:36109[36109]:456[456]
43940	28996+1308	0	510	1	3786at33634_1|scaffold_4109|+|181|3.638e-49|1|28996|30303|28996[28996]:30303[30303]:1308[1308]
43945	25623-183	0	335	-1	26441at33634_0|scaffold_4269|-|46|1.584e-08|1|25441|25623|25623[25623]:25441[25441]:183[183]
43956	2686-847	0	338	-1	17887at33634_6|scaffold_4621|-|399|8.635e-115|2|1840|2686|2686[2686]:2507[2507]:180[180]|2415[2415]:1840[1840]:576[576]
43963	16306+942	0	1054	1	8842at33634_7|scaffold_4845|+|292|1.401e-82|1|16306|17247|16306[16306]:17247[17247]:942[942]
44148	373+1479	0	278	1	12382at33634_4|scaffold_10765|+|164|4.768e-44|1|373|1851|373[373]:1851[1851]:1479[1479]
44248	223+1152	0	949	1	5145at33634_8|scaffold_13965|+|659|4.661e-193|1|223|1374|223[223]:1374[1374]:1152[1152]
47581	41830-3844	0	715	-1	693at33634_9|scaffold_3790|-|737|1.542e-216|5|37987|41830|41830[41830]:40520[40520]:1311[1311]|40397[40397]:39603[39603]:795[795]|39535[39523]:38873[38873]:663[651]|38794[38788]:38438[38438]:357[351]|38340[38340]:37987[37987]:354[354]
47586	6434-741	0	504	-1	13819at33634_9|scaffold_3950|-|101|4.398e-25|1|5694|6434|6434[6434]:5694[5694]:741[741]
47591	6414-1033	0	8	-1	9286at33634_7|scaffold_4110|-|271|2.938e-76|2|5382|6414|6414[6414]:6130[6130]:285[285]|5987[5987]:5382[5382]:606[606]
47608	11873+1354	0	383	1	12382at33634_7|scaffold_4654|+|148|3.125e-39|2|11873|13226|11873[11873]:12259[12259]:387[387]|12402[12405]:13226[13226]:825[822]
47636	6993+781	0	371	1	15242at33634_3|scaffold_5550|+|192|1.776e-52|2|6993|7773|6993[6993]:7070[7070]:78[78]|7294[7294]:7773[7773]:480[480]
47640	12624-732	0	383	-1	12382at33634_7|scaffold_5678|-|83|1.153e-19|1|11893|12624|12624[12624]:11893[11893]:732[732]
47660	4490+1608	0	1048	1	6684at33634_5|scaffold_6318|+|229|1.292e-63|1|4490|6097|4490[4490]:6097[6097]:1608[1608]
47687	6034-519	0	333	-1	13476at33634_6|scaffold_7182|-|107|6.871e-27|1|5516|6034|6034[6034]:5516[5516]:519[519]
47742	3737+393	0	374	1	27268at33634_9|scaffold_8942|+|31|0.0005192|1|3737|4129|3737[3737]:4129[4129]:393[393]
51232	55771-779	0	1054	-1	8842at33634_7|scaffold_3791|-|185|2.274e-50|2|54993|55771|55771[55771]:55415[55415]:357[357]|55319[55319]:54993[54993]:327[327]
51235	40771+861	0	949	1	5145at33634_8|scaffold_3887|+|64|6.044e-14|1|40771|41631|40771[40771]:41631[41631]:861[861]
51259	21319-483	0	131	-1	27410at33634_6|scaffold_4655|-|293|7.006e-83|1|20837|21319|21319[21319]:20837[20837]:483[483]
51269	12805+1352	0	9	1	6436at33634_9|scaffold_4975|+|235|2.019e-65|2|12805|14156|12805[12805]:13131[13131]:327[327]|13221[13233]:14156[14156]:936[924]
51308	5846-1653	0	409	-1	693at33634_0|scaffold_6223|-|261|3.009e-73|3|4194|5846|5846[5846]:5145[5145]:702[702]|5032[5032]:4901[4901]:132[132]|4751[4751]:4194[4194]:558[558]
51313	2134+834	0	1045	1	13832at33634_9|scaffold_6383|+|52|2.476e-10|1|2134|2967|2134[2134]:2967[2967]:834[834]
51322	756+1083	0	108	1	18615at33634|scaffold_6671|+|118|3.355e-30|1|756|1838|756[756]:1838[1838]:1083[1083]
51333	9792-369	0	789	-1	24919at33634_3|scaffold_7023|-|35|3.245e-05|1|9424|9792|9792[9792]:9424[9424]:369[369]
51421	1053+654	0	452	1	12382at33634_9|scaffold_9839|+|93|1.126e-22|1|1053|1706|1053[1053]:1706[1706]:654[654]
54882	1106+1385	0	359	1	21097at33634_9|scaffold_3760|+|584|1.761e-170|2|1106|2490|1106[1106]:1825[1825]:720[720]|1915[1918]:2490[2490]:576[573]
54882	101355+630	0	786	1	15177at33634_7|scaffold_3760|+|67|7.555e-15|1|101355|101984|101355[101355]:101984[101984]:630[630]
54882	110535+903	0	943	1	13832at33634_6|scaffold_3760|+|97|7.036e-24|1|110535|111437|110535[110535]:111437[111437]:903[903]
54897	7367+2185	0	1083	1	4406at33634_8|scaffold_4240|+|675|7.112e-198|2|7367|9551|7367[7367]:8464[8464]:1098[1098]|8610[8622]:9551[9551]:942[930]
54913	24341+1083	0	943	1	13832at33634_6|scaffold_4752|+|108|3.436e-27|1|24341|25423|24341[24341]:25423[25423]:1083[1083]
54946	14182+2908	0	392	1	723at33634_6|scaffold_5808|+|1519|0|5|14182|17089|14182[14182]:14241[14241]:60[60]|14376[14376]:14564[14564]:189[189]|14906[14909]:16072[16072]:1167[1164]|16161[16161]:16445[16445]:285[285]|16526[16532]:17089[17089]:564[558]
54954	3417+477	0	807	1	13832at33634_2|scaffold_6064|+|87|7.205e-21|1|3417|3893|3417[3417]:3893[3893]:477[477]
54970	6683-1002	0	1	-1	13102at33634|scaffold_6576|-|87|7.205e-21|1|5682|6683|6683[6683]:5682[5682]:1002[1002]
55001	2307+462	0	505	1	22950at33634_1|scaffold_7568|+|81|4.611e-19|1|2307|2768|2307[2307]:2768[2768]:462[462]
58532	26691+1605	0	313	1	12382at33634_5|scaffold_3761|+|219|1.323e-60|1|26691|28295|26691[26691]:28295[28295]:1605[1605]
58533	37177+723	0	255	1	20182at33634_8|scaffold_3793|+|83|1.153e-19|1|37177|37899|37177[37177]:37899[37899]:723[723]
58539	12865-1851	0	581	-1	2880at33634_9|scaffold_3985|-|331|2.549e-94|2|11015|12865|12865[12865]:12410[12410]:456[456]|12331[12331]:11015[11015]:1317[1317]
58550	8618+783	0	949	1	5145at33634_8|scaffold_4337|+|75|2.951e-17|1|8618|9400|8618[8618]:9400[9400]:783[783]
58554	15719-3626	0	771	-1	971at33634_7|scaffold_4465|-|1992|0|4|12094|15719|15719[15719]:15600[15600]:120[120]|15334[15331]:14159[14159]:1176[1173]|14106[14067]:12490[12490]:1617[1578]|12390[12390]:12094[12094]:297[297]
58557	13608+1377	0	1020	1	8842at33634_6|scaffold_4561|+|773|2.244e-227|2|13608|14984|13608[13608]:13925[13925]:318[318]|14037[14040]:14984[14984]:948[945]
58568	7949-816	0	505	-1	22950at33634_1|scaffold_4913|-|121|4.194e-31|1|7134|7949|7949[7949]:7134[7134]:816[816]
58657	6662-1420	0	383	-1	12382at33634_7|scaffold_7761|-|770|1.795e-226|3|5243|6662|6662[6662]:6258[6258]:405[405]|6186[6168]:5464[5464]:723[705]|5347[5347]:5243[5243]:105[105]
58675	61+2419	0	633	1	3528at33634_9|scaffold_8337|+|1180|0|3|61|2479|61[61]:858[858]:798[798]|959[962]:1786[1786]:828[825]|1901[1901]:2479[2479]:579[579]
62182	23236-1685	0	600	-1	11504at33634_0|scaffold_3762|-|219|1.323e-60|2|21552|23236|23236[23236]:22919[22919]:318[318]|22718[22712]:21552[21552]:1167[1161]
62220	1567-591	0	909	-1	13832at33634_5|scaffold_4978|-|72|2.361e-16|1|977|1567|1567[1567]:977[977]:591[591]
62221	20925+753	0	551	1	16248at33634_6|scaffold_5010|+|116|1.342e-29|1|20925|21677|20925[20925]:21677[21677]:753[753]
62273	518+1257	0	452	1	12382at33634_9|scaffold_6674|+|139|1.6e-36|1|518|1774|518[518]:1774[1774]:1257[1257]
62279	11908+660	0	884	1	8842at33634_2|scaffold_6866|+|70|9.444e-16|1|11908|12567|11908[11908]:12567[12567]:660[660]
62318	5148-888	0	351	-1	21875at33634|scaffold_8114|-|100|8.795e-25|1|4261|5148|5148[5148]:4261[4261]:888[888]
62344	374+372	0	1079	1	6981at33634_0|scaffold_8946|+|126|1.311e-32|1|374|745|374[374]:745[745]:372[372]
62359	3449-633	0	359	-1	21097at33634_9|scaffold_9426|-|89|1.801e-21|1|2817|3449|3449[3449]:2817[2817]:633[633]
62409	1429+1160	0	995	1	15969at33634_3|scaffold_11026|+|420|4.118e-121|2|1429|2588|1429[1429]:1743[1743]:315[315]|1818[1827]:2588[2588]:771[762]
62753	839-840	0	1048	-1	6684at33634_5|scaffold_22034|-|478|1.429e-138|1|0|839|839[839]:0[0]:840[840]
65836	33821+1693	0	733	1	12684at33634_8|scaffold_3891|+|608|1.05e-177|2|33821|35513|33821[33821]:34318[34318]:498[498]|34437[34437]:35513[35513]:1077[1077]
65836	19893+2203	0	905	1	17057at33634_7|scaffold_3891|+|881|6.916e-260|2|19893|22095|19893[19893]:20462[20462]:570[570]|20695[20698]:22095[22095]:1401[1398]
65855	12897-3717	0	630	-1	1102at33634_3|scaffold_4499|-|435|1.257e-125|1|9181|12897|12897[12897]:9181[9181]:3717[3717]
65859	23662-471	0	500	-1	23030at33634_1|scaffold_4627|-|31|0.0005192|1|23192|23662|23662[23662]:23192[23192]:471[471]
65902	8568+723	0	660	1	26150at33634_5|scaffold_6003|+|88|3.603e-21|1|8568|9290|8568[8568]:9290[9290]:723[723]
65908	240+990	0	792	1	5964at33634_9|scaffold_6195|+|80|9.223e-19|1|240|1229|240[240]:1229[1229]:990[990]
69495	36904-965	0	694	-1	26150at33634_6|scaffold_4180|-|371|2.318e-106|2|35940|36904|36904[36904]:36443[36443]:462[462]|36323[36323]:35940[35940]:384[384]
69570	293+1484	0	936	1	9286at33634_2|scaffold_6580|+|197|5.551e-54|2|293|1776|293[293]:823[823]:531[531]|940[943]:1776[1776]:837[834]
69594	9092+1200	0	760	1	4166at33634|scaffold_7348|+|428|1.608e-123|1|9092|10291|9092[9092]:10291[10291]:1200[1200]
73138	40784-1378	0	275	-1	9413at33634_8|scaffold_3957|-|607|2.099e-177|2|39407|40784|40784[40784]:40245[40245]:540[540]|40174[40150]:39407[39407]:768[744]
73140	38094+669	0	1020	1	8842at33634_6|scaffold_4021|+|160|7.629e-43|1|38094|38762|38094[38094]:38762[38762]:669[669]
73148	30519+1347	0	748	1	3786at33634_8|scaffold_4277|+|385|1.415e-110|1|30519|31865|30519[30519]:31865[31865]:1347[1347]
73171	5877-1887	0	680	-1	3786at33634_6|scaffold_5013|-|1129|0|1|3991|5877|5877[5877]:3991[3991]:1887[1887]
73205	3165+1581	0	930	1	5074at33634|scaffold_6101|+|557|2.363e-162|2|3165|4745|3165[3165]:3554[3554]:390[390]|3621[3627]:4745[4745]:1125[1119]
73220	293+1484	0	936	1	9286at33634_2|scaffold_6581|+|197|5.551e-54|2|293|1776|293[293]:823[823]:531[531]|940[943]:1776[1776]:837[834]
73236	4426+513	0	922	1	18429at33634_1|scaffold_7093|+|66|1.511e-14|1|4426|4938|4426[4426]:4938[4938]:513[513]
73307	5218+1086	0	745	1	5145at33634_2|scaffold_9365|+|89|1.801e-21|1|5218|6303|5218[5218]:6303[6303]:1086[1086]
73605	0+750	0	786	1	15177at33634_7|scaffold_18901|+|516|5.197e-150|1|0|749|0[0]:749[749]:750[750]
76782	25774+1191	0	1045	1	13832at33634_9|scaffold_3766|+|51|4.951e-10|2|25774|26964|25774[25774]:26004[26004]:231[231]|26152[26152]:26964[26964]:813[813]
76783	11096+225	0	335	1	26441at33634_0|scaffold_3798|+|51|4.951e-10|1|11096|11320|11096[11096]:11320[11320]:225[225]
76785	47777-1032	0	7	-1	18069at33634_5|scaffold_3862|-|400|4.318e-115|3|46746|47777|47777[47777]:47550[47550]:228[228]|47336[47336]:47088[47088]:249[249]|46961[46940]:46746[46746]:216[195]
76791	29308+455	0	507	1	26441at33634_5|scaffold_4054|+|175|2.328e-47|2|29308|29762|29308[29308]:29427[29427]:120[120]|29610[29610]:29762[29762]:153[153]
76831	18+1095	0	544	1	3786at33634_2|scaffold_5334|+|145|2.5e-38|1|18|1112|18[18]:1112[1112]:1095[1095]
77017	2303+1506	0	926	1	8142at33634_9|scaffold_11286|+|220|6.617e-61|2|2303|3808|2303[2303]:2728[2728]:426[426]|3425[3425]:3808[3808]:384[384]
80483	5515+720	0	437	1	13476at33634_9|scaffold_5399|+|126|1.311e-32|1|5515|6234|5515[5515]:6234[6234]:720[720]
80519	10724+867	0	739	1	13832at33634_0|scaffold_6551|+|95|2.815e-23|2|10724|11590|10724[10724]:11356[11356]:633[633]|11516[11516]:11590[11590]:75[75]
81794	272-267	0	86	-1	20044at33634_5|scaffold_47351|-|92|2.252e-22|1|6|272|272[272]:6[6]:267[267]
84082	66017+1367	0	3	1	12382at33634|scaffold_3768|+|228|2.585e-63|2|66017|67383|66017[66017]:66160[66160]:144[144]|66430[66430]:67383[67383]:954[954]
84084	16311-3888	0	613	-1	693at33634_6|scaffold_3832|-|2175|0|6|12424|16311|16311[16311]:15937[15937]:375[375]|15840[15840]:14263[14263]:1578[1578]|14193[14193]:14119[14119]:75[75]|14018[14015]:13416[13416]:603[600]|13339[13339]:12746[12746]:594[594]|12666[12666]:12424[12424]:243[243]
84085	36565-2700	0	93	-1	1803at33634_9|scaffold_3864|-|1497|0|3|33866|36565|36565[36565]:35813[35813]:753[753]|35714[35711]:34554[34554]:1161[1158]|34543[34543]:33866[33866]:678[678]
84085	51680-1141	0	843	-1	19891at33634_7|scaffold_3864|-|620|2.562e-181|2|50540|51680|51680[51680]:50925[50925]:756[756]|50839[50830]:50540[50540]:300[291]
84102	29787-462	0	904	-1	31838at33634_5|scaffold_4408|-|226|1.034e-62|1|29326|29787|29787[29787]:29326[29326]:462[462]
84105	8854-1670	0	88	-1	6684at33634_9|scaffold_4504|-|321|2.61e-91|2|7185|8854|8854[8854]:8594[8594]:261[261]|8489[8465]:7185[7185]:1305[1281]
84150	11132+1876	0	992	1	10799at33634_7|scaffold_5944|+|908|5.152e-268|4|11132|13007|11132[11132]:11197[11197]:66[66]|11289[11304]:12143[12143]:855[840]|12226[12229]:12594[12594]:369[366]|12663[12702]:13007[13007]:345[306]
84158	14220-1173	0	173	-1	12382at33634_1|scaffold_6200|-|135|2.56e-35|3|13048|14220|14220[14220]:13906[13906]:315[315]|13833[13821]:13672[13672]:162[150]|13350[13350]:13048[13048]:303[303]
84180	7652+1527	0	418	1	12382at33634_8|scaffold_6904|+|112|2.147e-28|1|7652|9178|7652[7652]:9178[9178]:1527[1527]
84182	3480+832	0	24	1	8842at33634_9|scaffold_6968|+|176|1.164e-47|2|3480|4311|3480[3480]:3986[3986]:507[507]|4102[4102]:4311[4311]:210[210]
84186	2366+777	0	274	1	28445at33634_6|scaffold_7096|+|209|1.355e-57|2|2366|3142|2366[2366]:2452[2452]:87[87]|2861[2867]:3142[3142]:282[276]
84197	10000-1472	0	432	-1	13102at33634_9|scaffold_7448|-|328|2.039e-93|3|8529|10000|10000[10000]:9200[9200]:801[801]|9133[9112]:8720[8720]:414[393]|8612[8612]:8529[8529]:84[84]
84218	2354-1198	0	220	-1	20182at33634_7|scaffold_8120|-|560|2.954e-163|2|1157|2354|2354[2354]:2247[2247]:108[108]|2047[2026]:1157[1157]:891[870]
84227	861+3017	0	499	1	1342at33634_9|scaffold_8408|+|1519|0|2|861|3877|861[861]:3464[3464]:2604[2604]|3701[3728]:3877[3877]:177[150]
84263	3601-1022	0	918	-1	8842at33634_3|scaffold_9560|-|276|9.183e-78|2|2580|3601|3601[3601]:3311[3311]:291[291]|3224[3200]:2580[2580]:645[621]
84263	5973+880	0	986	1	8842at33634_5|scaffold_9560|+|124|5.242e-32|2|5973|6852|5973[5973]:6341[6341]:369[369]|6442[6442]:6852[6852]:411[411]
84345	281+761	0	914	1	18432at33634_5|scaffold_12184|+|226|1.034e-62|2|281|1041|281[281]:748[748]:468[468]|808[829]:1041[1041]:234[213]
84366	2573-930	0	670	-1	23030at33634_6|scaffold_12856|-|349|9.723e-100|1|1644|2573|2573[2573]:1644[1644]:930[930]
87732	9530+1962	0	407	1	19836at33634_6|scaffold_3769|+|865|4.532e-255|1|9530|11491|9530[9530]:11491[11491]:1962[1962]
87732	71105+811	0	640	1	22080at33634_3|scaffold_3769|+|369|9.272e-106|3|71105|71915|71105[71105]:71227[71227]:123[123]|71328[71331]:71495[71495]:168[165]|71649[71661]:71915[71915]:267[255]
87733	33238-1829	0	519	-1	10123at33634_9|scaffold_3801|-|602|6.717e-176|3|31410|33238|33238[33238]:32639[32639]:600[600]|32528[32528]:32394[32394]:135[135]|32312[32312]:31410[31410]:903[903]
87735	37157-1554	0	1082	-1	6684at33634_6|scaffold_3865|-|282|1.435e-79|1|35604|37157|37157[37157]:35604[35604]:1554[1554]
87760	13971-1357	0	886	-1	15520at33634_6|scaffold_4665|-|607|2.099e-177|2|12615|13971|13971[13971]:13468[13468]:504[504]|13397[13397]:12615[12615]:783[783]
87961	13+2397	0	1080	1	20044at33634_2|scaffold_11097|+|228|2.585e-63|1|13|2409|13[13]:2409[2409]:2397[2397]
91386	13186+2382	0	560	1	3892at33634_6|scaffold_3898|+|353|6.077e-101|1|13186|15567|13186[13186]:15567[15567]:2382[2382]
91419	9007+1350	0	1021	1	10425at33634_8|scaffold_4954|+|686|3.473e-201|1|9007|10356|9007[9007]:10356[10356]:1350[1350]
91436	448+1806	0	479	1	2880at33634_6|scaffold_5498|+|154|4.882e-41|1|448|2253|448[448]:2253[2253]:1806[1806]
91470	4321-1297	0	62	-1	15827at33634_6|scaffold_6586|-|610|2.624e-178|3|3025|4321|4321[4321]:4178[4178]:144[144]|4095[4095]:3982[3982]:114[114]|3924[3900]:3025[3025]:900[876]
91494	1264+891	0	52	1	12069at33634_6|scaffold_7354|+|141|4e-37|1|1264|2154|1264[1264]:2154[2154]:891[891]
91497	5448+963	0	886	1	15520at33634_6|scaffold_7450|+|98|3.518e-24|1|5448|6410|5448[5448]:6410[6410]:963[963]
91518	858+634	0	229	1	23923at33634_5|scaffold_8122|+|356|7.596e-102|2|858|1491|858[858]:1040[1040]:183[183]|1132[1132]:1491[1491]:360[360]
91529	572+1056	0	1020	1	8842at33634_6|scaffold_8474|+|294|3.503e-83|2|572|1627|572[572]:862[862]:291[291]|1001[1022]:1627[1627]:627[606]
95033	43644-840	0	1054	-1	8842at33634_7|scaffold_3803|-|180|7.275e-49|1|42805|43644|43644[43644]:42805[42805]:840[840]
95044	19752-1362	0	145	-1	7485at33634_4|scaffold_4155|-|59|1.934e-12|1|18391|19752|19752[19752]:18391[18391]:1362[1362]
95061	9841-1164	0	173	-1	12382at33634_1|scaffold_4699|-|220|6.617e-61|1|8678|9841|9841[9841]:8678[8678]:1164[1164]
95066	17339-828	0	403	-1	13476at33634_8|scaffold_4859|-|443|4.909e-128|1|16512|17339|17339[17339]:16512[16512]:828[828]
95075	12123+570	0	552	1	19366at33634_8|scaffold_5147|+|237|5.048e-66|1|12123|12692|12123[12123]:12692[12692]:570[570]
95098	12334+758	0	24	1	8842at33634_9|scaffold_5883|+|117|6.71e-30|2|12334|13091|12334[12334]:12402[12402]:69[69]|12513[12513]:13091[13091]:579[579]
95135	3908+1254	0	383	1	12382at33634_7|scaffold_7067|+|225|2.068e-62|1|3908|5161|3908[3908]:5161[5161]:1254[1254]
95151	1798-645	0	582	-1	15177at33634_1|scaffold_7579|-|42|2.535e-07|1|1154|1798|1798[1798]:1154[1154]:645[645]
95153	5000+1341	0	53	1	6684at33634_8|scaffold_7643|+|178|2.91e-48|1|5000|6340|5000[5000]:6340[6340]:1341[1341]
95178	1763+753	0	452	1	12382at33634_9|scaffold_8443|+|125|2.621e-32|1|1763|2515|1763[1763]:2515[2515]:753[753]
95245	3270+1609	0	388	1	12693at33634_7|scaffold_10587|+|633|3.128e-185|4|3270|4878|3270[3270]:3410[3410]:141[141]|3417[3417]:3590[3590]:174[174]|3825[3825]:4061[4061]:237[237]|4150[4150]:4878[4878]:729[729]
95341	250+1203	0	180	1	7485at33634_5|scaffold_13659|+|117|6.71e-30|1|250|1452|250[250]:1452[1452]:1203[1203]
98728	6908+2859	0	1061	1	9731at33634_1|scaffold_5244|+|524|2.03e-152|1|6908|9766|6908[6908]:9766[9766]:2859[2859]
98758	11977+816	0	175	1	15351at33634|scaffold_6204|+|53|1.238e-10|1|11977|12792|11977[11977]:12792[12792]:816[816]
98791	6081-1750	0	510	-1	3786at33634_1|scaffold_7260|-|457|2.996e-132|3|4332|6081|6081[6081]:5281[5281]:801[801]|5181[5181]:4975[4975]:207[207]|4877[4865]:4332[4332]:546[534]
98830	7694-634	0	229	-1	23923at33634_5|scaffold_8508|-|356|7.596e-102|2|7061|7694|7694[7694]:7512[7512]:183[183]|7420[7420]:7061[7061]:360[360]
98912	4899-3217	0	392	-1	723at33634_6|scaffold_11132|-|611|1.312e-178|5|1683|4899|4899[4899]:4624[4624]:276[276]|4324[4324]:3431[3431]:894[894]|3340[3340]:2816[2816]:525[525]|2735[2735]:2481[2481]:255[255]|2402[2402]:1683[1683]:720[720]
98921	4289-1800	0	388	-1	12693at33634_7|scaffold_11420|-|915|4.025e-270|3|2490|4289|4289[4289]:3918[3918]:372[372]|3825[3819]:3589[3589]:237[231]|3500[3500]:2490[2490]:1011[1011]
102340	39792+1053	0	173	1	12382at33634_1|scaffold_4029|+|200|6.938e-55|1|39792|40844|39792[39792]:40844[40844]:1053[1053]
102349	8637-1043	0	102	-1	15216at33634_7|scaffold_4317|-|414|2.635e-119|3|7595|8637|8637[8637]:8476[8476]:162[162]|8355[8355]:8287[8287]:69[69]|8101[8101]:7595[7595]:507[507]
102350	1859+708	0	884	1	8842at33634_2|scaffold_4349|+|93|1.126e-22|1|1859|2566|1859[1859]:2566[2566]:708[708]
102384	8715+1461	0	753	1	12626at33634_8|scaffold_5437|+|794|1.07e-233|1|8715|10175|8715[8715]:10175[10175]:1461[1461]
102384	6363+1041	0	909	1	13832at33634_5|scaffold_5437|+|110|8.589e-28|1|6363|7403|6363[6363]:7403[7403]:1041[1041]
102419	6140-1107	0	1	-1	13102at33634|scaffold_6557|-|100|8.795e-25|1|5034|6140|6140[6140]:5034[5034]:1107[1107]
102419	7171+463	0	391	1	26258at33634_3|scaffold_6557|+|241|3.155e-67|2|7171|7633|7171[7171]:7407[7407]:237[237]|7502[7502]:7633[7633]:132[132]
102450	6776-2040	0	544	-1	3786at33634_2|scaffold_7549|-|459|7.49e-133|4|4737|6776|6776[6776]:6720[6720]:57[57]|6628[6628]:5993[5993]:636[636]|5877[5877]:5200[5200]:678[678]|5102[5102]:4737[4737]:366[366]
102479	6558-1518	0	842	-1	5144at33634_5|scaffold_8477|-|749|3.765e-220|2|5041|6558|6558[6558]:5683[5683]:876[876]|5481[5481]:5041[5041]:441[441]
102493	1305+1266	0	564	1	9297at33634_5|scaffold_8925|+|670|2.276e-196|1|1305|2570|1305[1305]:2570[2570]:1266[1266]
106013	12713+396	0	116	1	25187at33634_6|scaffold_4766|+|240|6.31e-67|1|12713|13108|12713[12713]:13108[13108]:396[396]
106024	16410-357	0	823	-1	24919at33634_4|scaffold_5118|-|222|1.654e-61|1|16054|16410|16410[16410]:16054[16054]:357[357]
106052	7728+489	0	548	1	15177at33634_0|scaffold_6014|+|34|6.49e-05|1|7728|8216|7728[7728]:8216[8216]:489[489]
106084	7795-1950	0	1076	-1	8760at33634_4|scaffold_7038|-|262|1.505e-73|4|5846|7795|7795[7795]:7397[7397]:399[399]|7289[7289]:7092[7092]:198[198]|7043[7007]:6861[6861]:183[147]|6715[6715]:5846[5846]:870[870]
106101	3+5906	0	800	1	1102at33634_8|scaffold_7582|+|2192|0|8|3|5908|3[3]:71[71]:69[69]|468[468]:1259[1259]:792[792]|1967[1967]:2788[2788]:822[822]|2915[2915]:3157[3157]:243[243]|3220[3232]:3447[3447]:228[216]|3524[3527]:5419[5419]:1896[1893]|5454[5481]:5579[5579]:126[99]|5675[5675]:5908[5908]:234[234]
106265	2435+1082	0	786	1	15177at33634_7|scaffold_12830|+|681|1.111e-199|2|2435|3516|2435[2435]:2653[2653]:219[219]|2743[2749]:3516[3516]:774[768]
109634	14497+714	0	677	1	5145at33634_0|scaffold_3839|+|67|7.555e-15|1|14497|15210|14497[14497]:15210[15210]:714[714]
109701	6805-627	0	505	-1	22950at33634_1|scaffold_5983|-|120|8.388e-31|2|6179|6805|6805[6805]:6635[6635]:171[171]|6496[6496]:6179[6179]:318[318]
109707	14317-1173	0	173	-1	12382at33634_1|scaffold_6175|-|135|2.56e-35|3|13145|14317|14317[14317]:14003[14003]:315[315]|13930[13918]:13769[13769]:162[150]|13447[13447]:13145[13145]:303[303]
109776	4613+1103	0	498	1	17622at33634_7|scaffold_8383|+|628|1.001e-183|2|4613|5715|4613[4613]:5008[5008]:396[396]|5080[5086]:5715[5715]:636[630]
109950	325+1770	0	519	1	10123at33634_9|scaffold_13951|+|624|1.602e-182|4|325|2094|325[325]:453[453]:129[129]|658[658]:762[762]:105[105]|880[886]:1080[1080]:201[195]|1168[1207]:2094[2094]:927[888]
109983	0+1451	0	686	1	12249at33634_8|scaffold_15007|+|616|4.1e-180|3|0|1450|0[0]:137[137]:138[138]|225[231]:557[557]:333[327]|674[677]:1450[1450]:777[774]
113286	49740-645	0	920	-1	15520at33634_7|scaffold_3904|-|63|1.209e-13|1|49096|49740|49740[49740]:49096[49096]:645[645]
113299	27833-1767	0	230	-1	4166at33634_7|scaffold_4320|-|1004|6.503e-297|2|26067|27833|27833[27833]:27066[27066]:768[768]|26924[26924]:26067[26067]:858[858]
113334	7138-1078	0	540	-1	13537at33634_4|scaffold_5440|-|520|3.248e-151|2|6061|7138|7138[7138]:6941[6941]:198[198]|6870[6867]:6061[6061]:810[807]
113344	14308+804	0	343	1	23917at33634_6|scaffold_5760|+|280|5.739e-79|2|14308|15111|14308[14308]:14370[14370]:63[63]|14734[14734]:15111[15111]:378[378]
113560	1075+1497	0	9	1	6436at33634_9|scaffold_12672|+|922|3.145e-272|1|1075|2571|1075[1075]:2571[2571]:1497[1497]
113569	2+1056	0	402	1	13819at33634_6|scaffold_12960|+|616|4.1e-180|1|2|1057|2[2]:1057[1057]:1056[1056]
113633	1358+966	0	686	1	12249at33634_8|scaffold_15008|+|367|3.709e-105|2|1358|2323|1358[1358]:2005[2005]:648[648]|2093[2099]:2323[2323]:231[225]
113638	1872-806	0	251	-1	28151at33634_9|scaffold_15168|-|365|1.484e-104|2|1067|1872|1872[1872]:1648[1648]:225[225]|1528[1525]:1067[1067]:462[459]
