0	78379+504	0	23347	1	1014314at2759|BDSP01000025_1|+|50|5.726e-08|1|78379|78882|78379[78379]:78882[78882]:504[504]
0	24779-624	0	34372	-1	1312453at2759|BDSP01000025_1|-|76|8.532e-16|1|24156|24779|24779[24779]:24156[24156]:624[624]
0	78040+816	0	41539	1	621827at2759|BDSP01000025_1|+|53|7.158e-09|1|78040|78855|78040[78040]:78855[78855]:816[816]
1	13885+483	0	9216	1	1312453at2759|BDSP01000188_1|+|69|1.092e-13|1|13885|14367|13885[13885]:14367[14367]:483[483]
2	410232+4148	0	469	1	722805at2759|BDSP01000184_1|+|1540|0|2|410232|414379|410232[410232]:412388[412388]:2157[2157]|413669[413669]:414379[414379]:711[711]
2	415965-1590	0	8792	-1	1049599at2759|BDSP01000184_1|-|130|4.736e-32|2|414376|415965|415965[415965]:415288[415288]:678[678]|414441[414441]:414376[414376]:66[66]
2	94066+2712	0	11820	1	450058at2759|BDSP01000184_1|+|650|1.38e-188|1|94066|96777|94066[94066]:96777[96777]:2712[2712]
2	435844+681	0	26023	1	1312453at2759|BDSP01000184_1|+|62|1.398e-11|1|435844|436524|435844[435844]:436524[436524]:681[681]
2	397756+642	0	34372	1	1312453at2759|BDSP01000184_1|+|94|3.255e-21|1|397756|398397|397756[397756]:398397[398397]:642[642]
2	342026-609	0	34372	-1	1312453at2759|BDSP01000184_1|-|68|2.184e-13|1|341418|342026|342026[342026]:341418[341418]:609[609]
2	254147-1288	0	50469	-1	1428265at2759|BDSP01000184_1|-|296|5.064e-82|2|252860|254147|254147[254147]:253785[253785]:363[363]|253702[253702]:252860[252860]:843[843]
2	204126-1016	0	57451	-1	1428265at2759|BDSP01000184_1|-|667|1.053e-193|2|203111|204126|204126[204126]:203854[203854]:273[273]|203773[203773]:203111[203111]:663[663]
3	52661-1038	0	31064	-1	290630at2759|BDSP01000176_1|-|227|2.989e-61|1|51624|52661|52661[52661]:51624[51624]:1038[1038]
10	227954-339	0	4477	-1	1049599at2759|BDSP01000050_1|-|55|1.789e-09|1|227616|227954|227954[227954]:227616[227616]:339[339]
10	278549+114407	0	6825	1	1526152at2759|BDSP01000050_1|+|46|9.162e-07|2|278549|392955|278549[278549]:278659[278659]:111[111]|392776[392779]:392955[392955]:180[177]
10	293302+666	0	8623	1	621827at2759|BDSP01000050_1|+|45|1.832e-06|1|293302|293967|293302[293302]:293967[293967]:666[666]
10	168233+654	0	9216	1	1312453at2759|BDSP01000050_1|+|57|4.473e-10|1|168233|168886|168233[168233]:168886[168886]:654[654]
10	215590-468	0	14936	-1	142542at2759|BDSP01000050_1|-|63|6.99e-12|1|215123|215590|215590[215590]:215123[215123]:468[468]
10	229546-246	0	17807	-1	1049599at2759|BDSP01000050_1|-|54|3.579e-09|1|229301|229546|229546[229546]:229301[229301]:246[246]
10	447097+576	0	26681	1	674169at2759|BDSP01000050_1|+|57|4.473e-10|1|447097|447672|447097[447097]:447672[447672]:576[576]
10	267067+963	0	28858	1	1312453at2759|BDSP01000050_1|+|78|2.133e-16|1|267067|268029|267067[267067]:268029[268029]:963[963]
10	142875-1797	0	29699	-1	271586at2759|BDSP01000050_1|-|89|1.042e-19|1|141079|142875|142875[142875]:141079[141079]:1797[1797]
10	211017+1596	0	31719	1	674169at2759|BDSP01000050_1|+|1061|2.609e-312|1|211017|212612|211017[211017]:212612[212612]:1596[1596]
10	93791-396	0	34372	-1	1312453at2759|BDSP01000050_1|-|47|4.581e-07|1|93396|93791|93791[93791]:93396[93396]:396[396]
10	271670+92823	0	43908	1	996662at2759|BDSP01000050_1|+|36|0.0009382|2|271670|364492|271670[271670]:271771[271771]:102[102]|364304[364304]:364492[364492]:189[189]
10	117669-393	0	55310	-1	142542at2759|BDSP01000050_1|-|50|5.726e-08|1|117277|117669|117669[117669]:117277[117277]:393[393]
10	343962-2139	0	55920	-1	1014314at2759|BDSP01000050_1|-|303|3.956e-84|1|341824|343962|343962[343962]:341824[341824]:2139[2139]
10	34131-618	0	56027	-1	674169at2759|BDSP01000050_1|-|48|2.29e-07|1|33514|34131|34131[34131]:33514[33514]:618[618]
11	27461+2871	0	12372	1	1442062at2759|BDSP01000093_1|+|488|8.067e-140|1|27461|30331|27461[27461]:30331[30331]:2871[2871]
12	90185+528	0	26681	1	674169at2759|BDSP01000202_1|+|156|7.058e-40|1|90185|90712|90185[90185]:90712[90712]:528[528]
12	161145+50796	0	57317	1	1107630at2759|BDSP01000202_1|+|109|9.933e-26|2|161145|211940|161145[161145]:161753[161753]:609[609]|211821[211824]:211940[211940]:120[117]
13	216294-89233	0	9270	-1	1526152at2759|BDSP01000132_1|-|43|7.329e-06|2|127062|216294|216294[216294]:216121[216121]:174[174]|127187[127187]:127062[127062]:126[126]
13	192399+864	0	22530	1	1014314at2759|BDSP01000132_1|+|597|1.243e-172|1|192399|193262|192399[192399]:193262[193262]:864[864]
14	133506-657	0	26681	-1	674169at2759|BDSP01000225_1|-|144|2.891e-36|1|132850|133506|133506[133506]:132850[132850]:657[657]
14	109262+186	0	42697	1	1398309at2759|BDSP01000225_1|+|52|1.432e-08|1|109262|109447|109262[109262]:109447[109447]:186[186]
15	119023+621	0	3612	1	1053181at2759|BDSP01000011_1|+|63|6.99e-12|1|119023|119643|119023[119023]:119643[119643]:621[621]
16	172258+879	0	4148	1	1014314at2759|BDSP01000205_1|+|598|6.215e-173|1|172258|173136|172258[172258]:173136[173136]:879[879]
17	302734-321	0	6684	-1	1398309at2759|BDSP01000074_1|-|39|0.0001173|1|302414|302734|302734[302734]:302414[302414]:321[321]
17	593137+486	0	9216	1	1312453at2759|BDSP01000074_1|+|66|8.737e-13|1|593137|593622|593137[593137]:593622[593622]:486[486]
17	167384-492	0	9216	-1	1312453at2759|BDSP01000074_1|-|61|2.796e-11|1|166893|167384|167384[167384]:166893[166893]:492[492]
17	260638+507	0	14936	1	142542at2759|BDSP01000074_1|+|42|1.466e-05|1|260638|261144|260638[260638]:261144[261144]:507[507]
17	57238+677	0	16834	1	261419at2759|BDSP01000074_1|+|159|8.822e-41|2|57238|57914|57238[57238]:57543[57543]:306[306]|57612[57612]:57914[57914]:303[303]
17	147309-1494	0	17017	-1	1440961at2759|BDSP01000074_1|-|974|4.038e-286|1|145816|147309|147309[147309]:145816[145816]:1494[1494]
17	305496+213	0	17555	1	1200489at2759|BDSP01000074_1|+|36|0.0009382|1|305496|305708|305496[305496]:305708[305708]:213[213]
17	449515+651	0	26681	1	674169at2759|BDSP01000074_1|+|136|7.401e-34|2|449515|450165|449515[449515]:449910[449910]:396[396]|450004[450004]:450165[450165]:162[162]
17	64782-498	0	26681	-1	674169at2759|BDSP01000074_1|-|109|9.933e-26|1|64285|64782|64782[64782]:64285[64285]:498[498]
17	546300+771	0	28858	1	1312453at2759|BDSP01000074_1|+|43|7.329e-06|1|546300|547070|546300[546300]:547070[547070]:771[771]
17	89193+35536	0	33244	1	911863at2759|BDSP01000074_1|+|62|1.398e-11|2|89193|124728|89193[89193]:89696[89696]:504[504]|124369[124369]:124728[124728]:360[360]
17	370321+128384	0	34942	1	1049599at2759|BDSP01000074_1|+|50|5.726e-08|2|370321|498704|370321[370321]:370374[370374]:54[54]|498261[498261]:498704[498704]:444[444]
17	26444+234	0	36012	1	1284731at2759|BDSP01000074_1|+|43|7.329e-06|1|26444|26677|26444[26444]:26677[26677]:234[234]
17	369604-52463	0	40258	-1	911863at2759|BDSP01000074_1|-|37|0.0004691|2|317142|369604|369604[369604]:369425[369425]:180[180]|317198[317198]:317142[317142]:57[57]
17	242933+540	0	56027	1	674169at2759|BDSP01000074_1|+|38|0.0002345|1|242933|243472|242933[242933]:243472[243472]:540[540]
19	101363+1233	0	1731	1	160593at2759|BDSP01000273_1|+|40|5.863e-05|1|101363|102595|101363[101363]:102595[102595]:1233[1233]
19	195031+342	0	3671	1	911863at2759|BDSP01000273_1|+|36|0.0009382|1|195031|195372|195031[195031]:195372[195372]:342[342]
19	63335-297	0	13655	-1	1014314at2759|BDSP01000273_1|-|38|0.0002345|1|63039|63335|63335[63335]:63039[63039]:297[297]
19	150263-282	0	40231	-1	1014314at2759|BDSP01000273_1|-|71|2.73e-14|1|149982|150263|150263[150263]:149982[149982]:282[282]
19	227380+144	0	51339	1	142542at2759|BDSP01000273_1|+|45|1.832e-06|1|227380|227523|227380[227380]:227523[227523]:144[144]
19	63314-711	0	52950	-1	1049599at2759|BDSP01000273_1|-|63|6.99e-12|1|62604|63314|63314[63314]:62604[62604]:711[711]
20	30018-861	0	18461	-1	271586at2759|BDSP01000078_1|-|38|0.0002345|1|29158|30018|30018[30018]:29158[29158]:861[861]
20	107180-246	0	21561	-1	142542at2759|BDSP01000078_1|-|56|8.947e-10|1|106935|107180|107180[107180]:106935[106935]:246[246]
20	291019+705	0	30057	1	1014314at2759|BDSP01000078_1|+|43|7.329e-06|1|291019|291723|291019[291019]:291723[291723]:705[705]
20	261208-7824	0	34284	-1	142542at2759|BDSP01000078_1|-|1339|0|2|253385|261208|261208[261208]:259769[259769]:1440[1440]|259705[259702]:253385[253385]:6321[6318]
20	264031+594	0	34372	1	1312453at2759|BDSP01000078_1|+|106|7.946e-25|1|264031|264624|264031[264031]:264624[264624]:594[594]
20	238771-747	0	42046	-1	621827at2759|BDSP01000078_1|-|120|4.85e-29|1|238025|238771|238771[238771]:238025[238025]:747[747]
21	51951+792	0	12108	1	1049599at2759|BDSP01000094_1|+|86|8.333e-19|1|51951|52742|51951[51951]:52742[52742]:792[792]
21	4478-1422	0	40909	-1	887370at2759|BDSP01000094_1|-|972|1.615e-285|1|3057|4478|4478[4478]:3057[3057]:1422[1422]
21	40183+1266	0	42880	1	142542at2759|BDSP01000094_1|+|98|2.034e-22|1|40183|41448|40183[40183]:41448[41448]:1266[1266]
22	355989-651	0	2308	-1	1382842at2759|BDSP01000055_1|-|434|1.453e-123|1|355339|355989|355989[355989]:355339[355339]:651[651]
22	60516+614	0	9216	1	1312453at2759|BDSP01000055_1|+|87|4.166e-19|2|60516|61129|60516[60516]:60701[60701]:186[186]|60827[60827]:61129[61129]:303[303]
22	245147-534	0	9216	-1	1312453at2759|BDSP01000055_1|-|48|2.29e-07|1|244614|245147|245147[245147]:244614[244614]:534[534]
22	298580+204	0	14881	1	621827at2759|BDSP01000055_1|+|64|3.495e-12|1|298580|298783|298580[298580]:298783[298783]:204[204]
22	303460-255	0	14881	-1	621827at2759|BDSP01000055_1|-|84|3.333e-18|1|303206|303460|303460[303460]:303206[303206]:255[255]
22	298871+165	0	25528	1	1014314at2759|BDSP01000055_1|+|36|0.0009382|1|298871|299035|298871[298871]:299035[299035]:165[165]
22	315366-165	0	25528	-1	1014314at2759|BDSP01000055_1|-|36|0.0009382|1|315202|315366|315366[315366]:315202[315202]:165[165]
22	146620+654	0	27309	1	1312453at2759|BDSP01000055_1|+|269|6.797e-74|1|146620|147273|146620[146620]:147273[147273]:654[654]
22	238083+678	0	34372	1	1312453at2759|BDSP01000055_1|+|92|1.302e-20|1|238083|238760|238083[238083]:238760[238760]:678[678]
22	259661-519	0	35857	-1	1014314at2759|BDSP01000055_1|-|39|0.0001173|1|259143|259661|259661[259661]:259143[259143]:519[519]
23	172243+818	0	19724	1	160593at2759|BDSP01000271_1|+|322|7.546e-90|2|172243|173060|172243[172243]:172470[172470]:228[228]|172551[172551]:173060[173060]:510[510]
23	120533-348	0	22121	-1	1364586at2759|BDSP01000271_1|-|36|0.0009382|1|120186|120533|120533[120533]:120186[120186]:348[348]
23	77663+585	0	26681	1	674169at2759|BDSP01000271_1|+|135|1.48e-33|1|77663|78247|77663[77663]:78247[78247]:585[585]
23	242121-486	0	34372	-1	1312453at2759|BDSP01000271_1|-|87|4.166e-19|1|241636|242121|242121[242121]:241636[241636]:486[486]
23	159252+324	0	47038	1	1312453at2759|BDSP01000271_1|+|44|3.665e-06|1|159252|159575|159252[159252]:159575[159575]:324[324]
25	15133-426	0	9216	-1	1312453at2759|BDSP01000106_1|-|62|1.398e-11|1|14708|15133|15133[15133]:14708[14708]:426[426]
25	31962-513	0	47038	-1	1312453at2759|BDSP01000106_1|-|49|1.145e-07|1|31450|31962|31962[31962]:31450[31450]:513[513]
25	38724+354	0	47710	1	1129824at2759|BDSP01000106_1|+|38|0.0002345|1|38724|39077|38724[38724]:39077[39077]:354[354]
26	82654+486	0	34372	1	1312453at2759|BDSP01000069_1|+|87|4.166e-19|1|82654|83139|82654[82654]:83139[83139]:486[486]
27	290162-783	0	8383	-1	160593at2759|BDSP01000223_1|-|153|5.646e-39|1|289380|290162|290162[290162]:289380[289380]:783[783]
27	536173-378	0	9216	-1	1312453at2759|BDSP01000223_1|-|55|1.789e-09|1|535796|536173|536173[536173]:535796[535796]:378[378]
27	432824+267	0	14881	1	621827at2759|BDSP01000223_1|+|117|3.88e-28|1|432824|433090|432824[432824]:433090[433090]:267[267]
27	179197-659	0	16834	-1	261419at2759|BDSP01000223_1|-|198|1.605e-52|3|178539|179197|179197[179197]:179009[179009]:189[189]|178945[178942]:178685[178685]:261[258]|178619[178619]:178539[178539]:81[81]
27	251952-5779	0	18855	-1	142542at2759|BDSP01000223_1|-|3781|0|4|246174|251952|251952[251952]:249940[249940]:2013[2013]|249880[249877]:249740[249740]:141[138]|249670[249670]:247142[247142]:2529[2529]|247076[247070]:246174[246174]:903[897]
27	155522-328	0	21561	-1	142542at2759|BDSP01000223_1|-|167|3.446e-43|2|155195|155522|155522[155522]:155337[155337]:186[186]|155272[155269]:155195[155195]:78[75]
27	200951+456	0	22137	1	325552at2759|BDSP01000223_1|+|54|3.579e-09|1|200951|201406|200951[200951]:201406[201406]:456[456]
27	1814+597	0	26681	1	674169at2759|BDSP01000223_1|+|162|1.103e-41|1|1814|2410|1814[1814]:2410[2410]:597[597]
27	473861+729	0	33232	1	1049599at2759|BDSP01000223_1|+|110|4.967e-26|1|473861|474589|473861[473861]:474589[474589]:729[729]
27	231132-657	0	38570	-1	1284731at2759|BDSP01000223_1|-|54|3.579e-09|1|230476|231132|231132[231132]:230476[230476]:657[657]
27	150169-279	0	40606	-1	142542at2759|BDSP01000223_1|-|44|3.665e-06|1|149891|150169|150169[150169]:149891[149891]:279[279]
27	122311+396	0	43154	1	911863at2759|BDSP01000223_1|+|78|2.133e-16|1|122311|122706|122311[122311]:122706[122706]:396[396]
27	350979-285	0	45083	-1	142542at2759|BDSP01000223_1|-|46|9.162e-07|1|350695|350979|350979[350979]:350695[350695]:285[285]
27	149118-219	0	51339	-1	142542at2759|BDSP01000223_1|-|46|9.162e-07|1|148900|149118|149118[149118]:148900[148900]:219[219]
30	52300-1149	0	2907	-1	325552at2759|BDSP01000089_1|-|98|2.034e-22|1|51152|52300|52300[52300]:51152[51152]:1149[1149]
30	27400+477	0	30957	1	1014314at2759|BDSP01000089_1|+|42|1.466e-05|1|27400|27876|27400[27400]:27876[27876]:477[477]
30	128475+459	0	34372	1	1312453at2759|BDSP01000089_1|+|67|4.369e-13|1|128475|128933|128475[128475]:128933[128933]:459[459]
31	15735+519	0	4709	1	1251252at2759|BDSP01000146_1|+|82|1.333e-17|1|15735|16253|15735[15735]:16253[16253]:519[519]
32	268971+624	0	31244	1	1312453at2759|BDSP01000193_1|+|41|2.932e-05|1|268971|269594|268971[268971]:269594[269594]:624[624]
32	284384+711	0	34372	1	1312453at2759|BDSP01000193_1|+|50|5.726e-08|1|284384|285094|284384[284384]:285094[285094]:711[711]
32	56683+489	0	39218	1	1312453at2759|BDSP01000193_1|+|41|2.932e-05|1|56683|57171|56683[56683]:57171[57171]:489[489]
32	168906+798	0	40910	1	923657at2759|BDSP01000193_1|+|516|3.005e-148|1|168906|169703|168906[168906]:169703[169703]:798[798]
33	71000-639	0	3394	-1	325552at2759|BDSP01000228_1|-|49|1.145e-07|1|70362|71000|71000[71000]:70362[70362]:639[639]
33	229220-807	0	5987	-1	996662at2759|BDSP01000228_1|-|477|1.652e-136|1|228414|229220|229220[229220]:228414[228414]:807[807]
33	850+789	0	12544	1	261328at2759|BDSP01000228_1|+|64|3.495e-12|1|850|1638|850[850]:1638[1638]:789[789]
33	240799-501	0	14936	-1	142542at2759|BDSP01000228_1|-|68|2.184e-13|1|240299|240799|240799[240799]:240299[240299]:501[501]
33	101983-273	0	17110	-1	777920at2759|BDSP01000228_1|-|88|2.083e-19|1|101711|101983|101983[101983]:101711[101711]:273[273]
33	101617-1701	0	24368	-1	777920at2759|BDSP01000228_1|-|1068|2.039e-314|1|99917|101617|101617[101617]:99917[99917]:1701[1701]
33	230700-498	0	26681	-1	674169at2759|BDSP01000228_1|-|115|1.552e-27|1|230203|230700|230700[230700]:230203[230203]:498[498]
34	21979-660	0	1963	-1	1014314at2759|BDSP01000053_1|-|42|1.466e-05|1|21320|21979|21979[21979]:21320[21320]:660[660]
34	143712+77311	0	19620	1	1428265at2759|BDSP01000053_1|+|51|2.863e-08|2|143712|221022|143712[143712]:143777[143777]:66[66]|220801[220801]:221022[221022]:222[222]
34	141333+831	0	33558	1	1107630at2759|BDSP01000053_1|+|562|4.271e-162|1|141333|142163|141333[141333]:142163[142163]:831[831]
34	181461-186	0	51339	-1	142542at2759|BDSP01000053_1|-|48|2.29e-07|1|181276|181461|181461[181461]:181276[181276]:186[186]
34	92326-627	0	56027	-1	674169at2759|BDSP01000053_1|-|48|2.29e-07|1|91700|92326|92326[92326]:91700[91700]:627[627]
35	24088+16834	0	2367	1	1111142at2759|BDSP01000179_1|+|44|3.665e-06|2|24088|40921|24088[24088]:24291[24291]:204[204]|40895[40895]:40921[40921]:27[27]
36	8134-827	0	19724	-1	160593at2759|BDSP01000104_1|-|323|3.773e-90|2|7308|8134|8134[8134]:7907[7907]:228[228]|7817[7817]:7308[7308]:510[510]
37	320235+792	0	12108	1	1049599at2759|BDSP01000007_1|+|84|3.333e-18|1|320235|321026|320235[320235]:321026[321026]:792[792]
37	276288-1449	0	20693	-1	887370at2759|BDSP01000007_1|-|985|1.972e-289|1|274840|276288|276288[276288]:274840[274840]:1449[1449]
37	271645-321	0	42319	-1	1129824at2759|BDSP01000007_1|-|49|1.145e-07|1|271325|271645|271645[271645]:271325[271325]:321[321]
37	310201+1248	0	42880	1	142542at2759|BDSP01000007_1|+|89|1.042e-19|1|310201|311448|310201[310201]:311448[311448]:1248[1248]
37	224736-20759	0	56608	-1	1251252at2759|BDSP01000007_1|-|91|2.604e-20|2|203978|224736|224736[224736]:224683[224683]:54[54]|204451[204451]:203978[203978]:474[474]
40	441+852	0	43416	1	1107630at2759|BDSP01000224_1|+|83|6.666e-18|1|441|1292|441[441]:1292[1292]:852[852]
42	10976+891	0	26681	1	674169at2759|BDSP01000227_1|+|98|2.034e-22|2|10976|11866|10976[10976]:11143[11143]:168[168]|11249[11255]:11866[11866]:618[612]
43	142676+225	0	3528	1	1041560at2759|BDSP01000170_1|+|42|1.466e-05|1|142676|142900|142676[142676]:142900[142900]:225[225]
43	85941+429	0	9216	1	1312453at2759|BDSP01000170_1|+|66|8.737e-13|1|85941|86369|85941[85941]:86369[86369]:429[429]
43	99260+492	0	26681	1	674169at2759|BDSP01000170_1|+|114|3.104e-27|1|99260|99751|99260[99260]:99751[99751]:492[492]
43	197819-720	0	28858	-1	1312453at2759|BDSP01000170_1|-|88|2.083e-19|1|197100|197819|197819[197819]:197100[197100]:720[720]
44	28761-2961	0	12372	-1	1442062at2759|BDSP01000253_1|-|521|9.391e-150|1|25801|28761|28761[28761]:25801[25801]:2961[2961]
44	243762-15797	0	15911	-1	457861at2759|BDSP01000253_1|-|42|1.466e-05|2|227966|243762|243762[243762]:243625[243625]:138[138]|228058[228058]:227966[227966]:93[93]
44	100614+225	0	21561	1	142542at2759|BDSP01000253_1|+|64|3.495e-12|1|100614|100838|100614[100614]:100838[100838]:225[225]
44	64449-594	0	26681	-1	674169at2759|BDSP01000253_1|-|143|5.782e-36|1|63856|64449|64449[64449]:63856[63856]:594[594]
46	29580-585	0	26681	-1	674169at2759|BDSP01000200_1|-|133|5.921e-33|1|28996|29580|29580[29580]:28996[28996]:585[585]
47	141166-71140	0	2004	-1	142542at2759|BDSP01000081_1|-|56|8.947e-10|2|70027|141166|141166[141166]:141113[141113]:54[54]|70401[70401]:70027[70027]:375[375]
47	33663-858	0	7392	-1	1014314at2759|BDSP01000081_1|-|50|5.726e-08|1|32806|33663|33663[33663]:32806[32806]:858[858]
47	168850-994	0	22531	-1	1076134at2759|BDSP01000081_1|-|612|3.793e-177|2|167857|168850|168850[168850]:168797[168797]:54[54]|168696[168696]:167857[167857]:840[840]
47	115706+636	0	30286	1	1107630at2759|BDSP01000081_1|+|177|3.365e-46|1|115706|116341|115706[115706]:116341[116341]:636[636]
47	75522-636	0	56027	-1	674169at2759|BDSP01000081_1|-|43|7.329e-06|1|74887|75522|75522[75522]:74887[74887]:636[636]
50	140875+417	0	18075	1	621827at2759|BDSP01000277_1|+|42|1.466e-05|1|140875|141291|140875[140875]:141291[141291]:417[417]
50	23856+648	0	26811	1	325552at2759|BDSP01000277_1|+|81|2.666e-17|1|23856|24503|23856[23856]:24503[24503]:648[648]
50	38207-345	0	31186	-1	621827at2759|BDSP01000277_1|-|44|3.665e-06|1|37863|38207|38207[38207]:37863[37863]:345[345]
50	176831+510	0	35871	1	270107at2759|BDSP01000277_1|+|76|8.532e-16|1|176831|177340|176831[176831]:177340[177340]:510[510]
50	118710-279	0	36266	-1	1575179at2759|BDSP01000277_1|-|102|1.271e-23|1|118432|118710|118710[118710]:118432[118432]:279[279]
50	37832-570	0	39242	-1	1014314at2759|BDSP01000277_1|-|46|9.162e-07|1|37263|37832|37832[37832]:37263[37263]:570[570]
51	128882-324	0	26405	-1	1129824at2759|BDSP01000177_1|-|37|0.0004691|1|128559|128882|128882[128882]:128559[128559]:324[324]
51	257588+636	0	30286	1	1107630at2759|BDSP01000177_1|+|177|3.365e-46|1|257588|258223|257588[257588]:258223[258223]:636[636]
51	170564-606	0	50044	-1	1014314at2759|BDSP01000177_1|-|49|1.145e-07|1|169959|170564|170564[170564]:169959[169959]:606[606]
51	212329-636	0	56027	-1	674169at2759|BDSP01000177_1|-|45|1.832e-06|1|211694|212329|212329[212329]:211694[211694]:636[636]
53	59197+3431	0	4264	1	777920at2759|BDSP01000173_1|+|311|1.545e-86|2|59197|62627|59197[59197]:61551[61551]:2355[2355]|61608[61608]:62627[62627]:1020[1020]
53	263963-109837	0	9216	-1	1312453at2759|BDSP01000173_1|-|76|8.532e-16|2|154127|263963|263963[263963]:263658[263658]:306[306]|154174[154174]:154127[154127]:48[48]
53	146989+624	0	30286	1	1107630at2759|BDSP01000173_1|+|135|1.48e-33|1|146989|147612|146989[146989]:147612[147612]:624[624]
53	12437+585	0	32311	1	911863at2759|BDSP01000173_1|+|58|2.237e-10|1|12437|13021|12437[12437]:13021[13021]:585[585]
54	283322+4181	0	469	1	722805at2759|BDSP01000022_1|+|2263|0|2|283322|287502|283322[283322]:285502[285502]:2181[2181]|285571[285571]:287502[287502]:1932[1932]
54	285838+1506	0	7693	1	722805at2759|BDSP01000022_1|+|58|2.237e-10|1|285838|287343|285838[285838]:287343[287343]:1506[1506]
54	289159-89169	0	10880	-1	325552at2759|BDSP01000022_1|-|116|7.76e-28|2|199991|289159|289159[289159]:288290[288290]:870[870]|200071[200068]:199991[199991]:81[78]
54	260743+54274	0	11100	1	1440961at2759|BDSP01000022_1|+|50|5.726e-08|2|260743|315016|260743[260743]:260826[260826]:84[84]|314555[314567]:315016[315016]:462[450]
54	324010+681	0	26023	1	1312453at2759|BDSP01000022_1|+|63|6.99e-12|1|324010|324690|324010[324010]:324690[324690]:681[681]
54	269469+579	0	34372	1	1312453at2759|BDSP01000022_1|+|93|6.51e-21|1|269469|270047|269469[269469]:270047[270047]:579[579]
54	209766-609	0	34372	-1	1312453at2759|BDSP01000022_1|-|69|1.092e-13|1|209158|209766|209766[209766]:209158[209158]:609[609]
54	59745-1052	0	35396	-1	1428265at2759|BDSP01000022_1|-|679|2.57e-197|2|58694|59745|59745[59745]:59458[59458]:288[288]|59356[59356]:58694[58694]:663[663]
55	10467-627	0	26681	-1	674169at2759|BDSP01000021_1|-|187|3.287e-49|1|9841|10467|10467[10467]:9841[9841]:627[627]
56	114067-807	0	5987	-1	996662at2759|BDSP01000166_1|-|523|2.348e-150|1|113261|114067|114067[114067]:113261[113261]:807[807]
56	67714+2526	0	12372	1	1442062at2759|BDSP01000166_1|+|482|5.163e-138|1|67714|70239|67714[67714]:70239[70239]:2526[2526]
56	128209-510	0	14936	-1	142542at2759|BDSP01000166_1|-|67|4.369e-13|1|127700|128209|128209[128209]:127700[127700]:510[510]
56	115496-680	0	26681	-1	674169at2759|BDSP01000166_1|-|141|2.313e-35|2|114817|115496|115496[115496]:115440[115440]:57[57]|115314[115314]:114817[114817]:498[498]
60	79133+414	0	9216	1	1312453at2759|BDSP01000284_1|+|43|7.329e-06|1|79133|79546|79133[79133]:79546[79546]:414[414]
60	68142-186	0	38452	-1	1041560at2759|BDSP01000284_1|-|37|0.0004691|1|67957|68142|68142[68142]:67957[67957]:186[186]
61	26879+975	0	42747	1	1076134at2759|BDSP01000216_1|+|611|7.586e-177|2|26879|27853|26879[26879]:26932[26932]:54[54]|27014[27014]:27853[27853]:840[840]
62	100086+2847	0	12372	1	1442062at2759|BDSP01000222_1|+|520|1.878e-149|1|100086|102932|100086[100086]:102932[102932]:2847[2847]
63	92563+333	0	54002	1	911863at2759|BDSP01000026_1|+|42|1.466e-05|1|92563|92895|92563[92563]:92895[92895]:333[333]
64	74134-459	0	2290	-1	464990at2759|BDSP01000071_1|-|40|5.863e-05|1|73676|74134|74134[74134]:73676[73676]:459[459]
64	138684+528	0	26681	1	674169at2759|BDSP01000071_1|+|156|7.058e-40|1|138684|139211|138684[138684]:139211[139211]:528[528]
64	3301+507	0	51236	1	1251252at2759|BDSP01000071_1|+|37|0.0004691|1|3301|3807|3301[3301]:3807[3807]:507[507]
64	147414+55006	0	54303	1	1107630at2759|BDSP01000071_1|+|113|6.208e-27|2|147414|202419|147414[147414]:147596[147596]:183[183]|201799[201814]:202419[202419]:621[606]
65	173832+765	0	11479	1	1049599at2759|BDSP01000032_1|+|48|2.29e-07|1|173832|174596|173832[173832]:174596[174596]:765[765]
65	100113+750	0	28858	1	1312453at2759|BDSP01000032_1|+|90|5.208e-20|1|100113|100862|100113[100113]:100862[100862]:750[750]
65	149311+624	0	34372	1	1312453at2759|BDSP01000032_1|+|119|9.7e-29|1|149311|149934|149311[149311]:149934[149934]:624[624]
66	78692-654	0	3394	-1	325552at2759|BDSP01000286_1|-|52|1.432e-08|1|78039|78692|78692[78692]:78039[78039]:654[654]
66	110013-1701	0	7826	-1	777920at2759|BDSP01000286_1|-|1068|2.039e-314|1|108313|110013|110013[110013]:108313[108313]:1701[1701]
66	2660+789	0	12544	1	261328at2759|BDSP01000286_1|+|66|8.737e-13|1|2660|3448|2660[2660]:3448[3448]:789[789]
66	110374-273	0	17110	-1	777920at2759|BDSP01000286_1|-|88|2.083e-19|1|110102|110374|110374[110374]:110102[110102]:273[273]
70	143295+618	0	26681	1	674169at2759|BDSP01000051_1|+|205|1.254e-54|1|143295|143912|143295[143295]:143912[143912]:618[618]
71	56862-312	0	34305	-1	1129824at2759|BDSP01000217_1|-|49|1.145e-07|1|56551|56862|56862[56862]:56551[56551]:312[312]
72	187808+79404	0	8246	1	1129824at2759|BDSP01000289_1|+|40|5.863e-05|2|187808|267211|187808[187808]:188032[188032]:225[225]|267176[267176]:267211[267211]:36[36]
72	369691+552	0	9216	1	1312453at2759|BDSP01000289_1|+|65|1.747e-12|1|369691|370242|369691[369691]:370242[370242]:552[552]
72	461304-2769	0	12372	-1	1442062at2759|BDSP01000289_1|-|491|1.008e-140|1|458536|461304|461304[461304]:458536[458536]:2769[2769]
72	243347-459	0	14936	-1	142542at2759|BDSP01000289_1|-|55|1.789e-09|1|242889|243347|243347[243347]:242889[242889]:459[459]
72	301769+735	0	16834	1	261419at2759|BDSP01000289_1|+|79|1.067e-16|1|301769|302503|301769[301769]:302503[302503]:735[735]
72	145610-660	0	24006	-1	911863at2759|BDSP01000289_1|-|40|5.863e-05|1|144951|145610|145610[145610]:144951[144951]:660[660]
72	376774+615	0	26681	1	674169at2759|BDSP01000289_1|+|162|1.103e-41|1|376774|377388|376774[376774]:377388[377388]:615[615]
72	267663+693	0	34372	1	1312453at2759|BDSP01000289_1|+|56|8.947e-10|1|267663|268355|267663[267663]:268355[268355]:693[693]
72	421974+531	0	47038	1	1312453at2759|BDSP01000289_1|+|52|1.432e-08|1|421974|422504|421974[421974]:422504[422504]:531[531]
72	193659+2549	0	47485	1	142542at2759|BDSP01000289_1|+|299|6.33e-83|3|193659|196207|193659[193659]:194453[194453]:795[795]|194521[194524]:194640[194640]:120[117]|194720[194720]:196207[196207]:1488[1488]
74	82824+2724	0	11820	1	450058at2759|BDSP01000230_1|+|651|6.9e-189|1|82824|85547|82824[82824]:85547[85547]:2724[2724]
76	124512+225	0	3528	1	1041560at2759|BDSP01000084_1|+|38|0.0002345|1|124512|124736|124512[124512]:124736[124736]:225[225]
76	65206+591	0	4031	1	457861at2759|BDSP01000084_1|+|38|0.0002345|1|65206|65796|65206[65206]:65796[65796]:591[591]
76	73386+429	0	9216	1	1312453at2759|BDSP01000084_1|+|65|1.747e-12|1|73386|73814|73386[73386]:73814[73814]:429[429]
76	82014+492	0	26681	1	674169at2759|BDSP01000084_1|+|111|2.483e-26|1|82014|82505|82014[82014]:82505[82505]:492[492]
76	173732-720	0	28858	-1	1312453at2759|BDSP01000084_1|-|91|2.604e-20|1|173013|173732|173732[173732]:173013[173013]:720[720]
76	184764-252	0	41256	-1	1575179at2759|BDSP01000084_1|-|36|0.0009382|1|184513|184764|184764[184764]:184513[184513]:252[252]
77	56076+318	0	997	1	1364586at2759|BDSP01000266_1|+|50|5.726e-08|1|56076|56393|56076[56076]:56393[56393]:318[318]
77	18492-387	0	9216	-1	1312453at2759|BDSP01000266_1|-|90|5.208e-20|1|18106|18492|18492[18492]:18106[18106]:387[387]
77	3244-786	0	33660	-1	160593at2759|BDSP01000266_1|-|44|3.665e-06|1|2459|3244|3244[3244]:2459[2459]:786[786]
77	131080+480	0	34372	1	1312453at2759|BDSP01000266_1|+|79|1.067e-16|1|131080|131559|131080[131080]:131559[131559]:480[480]
79	217766+765	0	11479	1	1049599at2759|BDSP01000060_1|+|46|9.162e-07|1|217766|218530|217766[217766]:218530[218530]:765[765]
79	323773+627	0	26681	1	674169at2759|BDSP01000060_1|+|191|2.054e-50|1|323773|324399|323773[323773]:324399[324399]:627[627]
79	132722+750	0	28858	1	1312453at2759|BDSP01000060_1|+|86|8.333e-19|1|132722|133471|132722[132722]:133471[133471]:750[750]
79	192473+624	0	34372	1	1312453at2759|BDSP01000060_1|+|120|4.85e-29|1|192473|193096|192473[192473]:193096[193096]:624[624]
80	168770+288	0	997	1	1364586at2759|BDSP01000234_1|+|50|5.726e-08|1|168770|169057|168770[168770]:169057[169057]:288[288]
80	131757-387	0	9216	-1	1312453at2759|BDSP01000234_1|-|90|5.208e-20|1|131371|131757|131757[131757]:131371[131371]:387[387]
80	260763+480	0	34372	1	1312453at2759|BDSP01000234_1|+|78|2.133e-16|1|260763|261242|260763[260763]:261242[261242]:480[480]
81	294413-2022	0	4147	-1	290630at2759|BDSP01000061_1|-|1395|0|1|292392|294413|294413[294413]:292392[292392]:2022[2022]
81	413354+525	0	9216	1	1312453at2759|BDSP01000061_1|+|93|6.51e-21|1|413354|413878|413354[413354]:413878[413878]:525[525]
81	149460-540	0	9216	-1	1312453at2759|BDSP01000061_1|-|80|5.333e-17|1|148921|149460|149460[149460]:148921[148921]:540[540]
81	558714+822	0	10116	1	1014314at2759|BDSP01000061_1|+|218|1.53e-58|1|558714|559535|558714[558714]:559535[559535]:822[822]
81	169096-591	0	26681	-1	674169at2759|BDSP01000061_1|-|132|1.184e-32|1|168506|169096|169096[169096]:168506[168506]:591[591]
81	3576+546	0	34372	1	1312453at2759|BDSP01000061_1|+|50|5.726e-08|1|3576|4121|3576[3576]:4121[4121]:546[546]
81	317070-681	0	34372	-1	1312453at2759|BDSP01000061_1|-|75|1.706e-15|1|316390|317070|317070[317070]:316390[316390]:681[681]
81	138896+669	0	34747	1	1049599at2759|BDSP01000061_1|+|65|1.747e-12|1|138896|139564|138896[138896]:139564[139564]:669[669]
81	92089+291	0	36012	1	1284731at2759|BDSP01000061_1|+|45|1.832e-06|1|92089|92379|92089[92089]:92379[92379]:291[291]
81	113652+960	0	37070	1	621827at2759|BDSP01000061_1|+|107|3.973e-25|1|113652|114611|113652[113652]:114611[114611]:960[960]
81	254839+1614	0	37940	1	844748at2759|BDSP01000061_1|+|143|5.782e-36|1|254839|256452|254839[254839]:256452[256452]:1614[1614]
81	192288-8963	0	39219	-1	844748at2759|BDSP01000061_1|-|49|1.145e-07|2|183326|192288|192288[192288]:192187[192187]:102[102]|183367[183367]:183326[183326]:42[42]
81	188397-1353	0	47098	-1	290630at2759|BDSP01000061_1|-|193|5.135e-51|1|187045|188397|188397[188397]:187045[187045]:1353[1353]
81	210922-285	0	47779	-1	1129824at2759|BDSP01000061_1|-|38|0.0002345|1|210638|210922|210922[210922]:210638[210638]:285[285]
81	583345-77486	0	47965	-1	1398309at2759|BDSP01000061_1|-|38|0.0002345|2|505860|583345|583345[583345]:583250[583250]:96[96]|506006[506006]:505860[505860]:147[147]
81	497082-1305	0	50469	-1	1428265at2759|BDSP01000061_1|-|213|4.897e-57|2|495778|497082|497082[497082]:496498[496498]:585[585]|496377[496377]:495778[495778]:600[600]
81	639271+522	0	56027	1	674169at2759|BDSP01000061_1|+|47|4.581e-07|1|639271|639792|639271[639271]:639792[639792]:522[522]
83	7513+702	0	27309	1	1312453at2759|BDSP01000040_1|+|270|3.398e-74|1|7513|8214|7513[7513]:8214[8214]:702[702]
84	161510+645	0	34372	1	1312453at2759|BDSP01000097_1|+|60|5.592e-11|1|161510|162154|161510[161510]:162154[162154]:645[645]
84	27803+2016	0	44586	1	325552at2759|BDSP01000097_1|+|1413|0|1|27803|29818|27803[27803]:29818[29818]:2016[2016]
84	68154-18260	0	56599	-1	1428265at2759|BDSP01000097_1|-|41|2.932e-05|2|49895|68154|68154[68154]:68116[68116]:39[39]|50134[50134]:49895[49895]:240[240]
85	662002+609	0	5219	1	1014314at2759|BDSP01000016_1|+|53|7.158e-09|1|662002|662610|662002[662002]:662610[662610]:609[609]
85	78635-615	0	6227	-1	1014314at2759|BDSP01000016_1|-|55|1.789e-09|1|78021|78635|78635[78635]:78021[78021]:615[615]
85	391535+465	0	9216	1	1312453at2759|BDSP01000016_1|+|59|1.118e-10|1|391535|391999|391535[391535]:391999[391999]:465[465]
85	79525-369	0	15016	-1	1014314at2759|BDSP01000016_1|-|51|2.863e-08|1|79157|79525|79525[79525]:79157[79157]:369[369]
85	618672-53000	0	18893	-1	1593937at2759|BDSP01000016_1|-|46|9.162e-07|2|565673|618672|618672[618672]:618601[618601]:72[72]|565789[565789]:565673[565673]:117[117]
85	307556+633	0	26681	1	674169at2759|BDSP01000016_1|+|138|1.85e-34|1|307556|308188|307556[307556]:308188[308188]:633[633]
85	425502-600	0	26681	-1	674169at2759|BDSP01000016_1|-|108|1.987e-25|1|424903|425502|425502[425502]:424903[424903]:600[600]
85	470413-1143	0	27048	-1	1284731at2759|BDSP01000016_1|-|82|1.333e-17|1|469271|470413|470413[470413]:469271[469271]:1143[1143]
85	293132-750	0	34372	-1	1312453at2759|BDSP01000016_1|-|84|3.333e-18|1|292383|293132|293132[293132]:292383[292383]:750[750]
85	234104+96444	0	35680	1	1575179at2759|BDSP01000016_1|+|38|0.0002345|2|234104|330547|234104[234104]:234184[234184]:81[81]|330443[330443]:330547[330547]:105[105]
85	573521+207	0	36012	1	1284731at2759|BDSP01000016_1|+|53|7.158e-09|1|573521|573727|573521[573521]:573727[573727]:207[207]
85	134564+732	0	53424	1	911863at2759|BDSP01000016_1|+|49|1.145e-07|1|134564|135295|134564[134564]:135295[135295]:732[732]
86	20630+810	0	2527	1	1358374at2759|BDSP01000039_1|+|95|1.627e-21|1|20630|21439|20630[20630]:21439[21439]:810[810]
89	200103+258	0	7342	1	1312453at2759|BDSP01000152_1|+|41|2.932e-05|1|200103|200360|200103[200103]:200360[200360]:258[258]
89	577110-336	0	9216	-1	1312453at2759|BDSP01000152_1|-|42|1.466e-05|1|576775|577110|577110[577110]:576775[576775]:336[336]
89	310164+660	0	34372	1	1312453at2759|BDSP01000152_1|+|141|2.313e-35|1|310164|310823|310164[310164]:310823[310823]:660[660]
89	299181-764	0	34372	-1	1312453at2759|BDSP01000152_1|-|101|2.543e-23|2|298418|299181|299181[299181]:298651[298651]:531[531]|298522[298522]:298418[298418]:105[105]
89	351422-747	0	39676	-1	1014314at2759|BDSP01000152_1|-|90|5.208e-20|1|350676|351422|351422[351422]:350676[350676]:747[747]
89	388695+633	0	56093	1	261328at2759|BDSP01000152_1|+|74|3.413e-15|1|388695|389327|388695[388695]:389327[389327]:633[633]
90	24280-318	0	14881	-1	621827at2759|BDSP01000185_1|-|106|7.946e-25|1|23963|24280|24280[24280]:23963[23963]:318[318]
90	29100-615	0	34372	-1	1312453at2759|BDSP01000185_1|-|55|1.789e-09|1|28486|29100|29100[29100]:28486[28486]:615[615]
91	21801+432	0	26681	1	674169at2759|BDSP01000151_1|+|42|1.466e-05|1|21801|22232|21801[21801]:22232[22232]:432[432]
91	65374-429	0	44838	-1	1377237at2759|BDSP01000151_1|-|55|1.789e-09|1|64946|65374|65374[65374]:64946[64946]:429[429]
92	78217-581	0	9216	-1	1312453at2759|BDSP01000049_1|-|80|5.333e-17|2|77637|78217|78217[78217]:78071[78071]:147[147]|77939[77939]:77637[77637]:303[303]
93	230090+960	0	46438	1	325552at2759|BDSP01000130_1|+|53|7.158e-09|1|230090|231049|230090[230090]:231049[231049]:960[960]
95	195254+258	0	7342	1	1312453at2759|BDSP01000044_1|+|41|2.932e-05|1|195254|195511|195254[195254]:195511[195511]:258[258]
95	279330+660	0	34372	1	1312453at2759|BDSP01000044_1|+|143|5.782e-36|1|279330|279989|279330[279330]:279989[279989]:660[660]
95	267108-772	0	34372	-1	1312453at2759|BDSP01000044_1|-|117|3.88e-28|2|266337|267108|267108[267108]:266578[266578]:531[531]|266477[266477]:266337[266337]:141[141]
95	319305-792	0	47027	-1	261328at2759|BDSP01000044_1|-|93|6.51e-21|1|318514|319305|319305[319305]:318514[318514]:792[792]
95	268128-381	0	47038	-1	1312453at2759|BDSP01000044_1|-|48|2.29e-07|1|267748|268128|268128[268128]:267748[267748]:381[381]
95	364844+633	0	56093	1	261328at2759|BDSP01000044_1|+|73|6.826e-15|1|364844|365476|364844[364844]:365476[365476]:633[633]
98	86360-780	0	2527	-1	1358374at2759|BDSP01000285_1|-|98|2.034e-22|1|85581|86360|86360[86360]:85581[85581]:780[780]
98	189953-681	0	34372	-1	1312453at2759|BDSP01000285_1|-|76|8.532e-16|1|189273|189953|189953[189953]:189273[189273]:681[681]
98	58817-783	0	52816	-1	290630at2759|BDSP01000285_1|-|54|3.579e-09|1|58035|58817|58817[58817]:58035[58035]:783[783]
99	400061-786	0	5219	-1	1014314at2759|BDSP01000123_1|-|47|4.581e-07|1|399276|400061|400061[400061]:399276[399276]:786[786]
99	325781-2556	0	12372	-1	1442062at2759|BDSP01000123_1|-|460|2.165e-131|1|323226|325781|325781[325781]:323226[323226]:2556[2556]
99	299584-876	0	19264	-1	621827at2759|BDSP01000123_1|-|231|1.868e-62|1|298709|299584|299584[299584]:298709[298709]:876[876]
99	258213-630	0	26681	-1	674169at2759|BDSP01000123_1|-|158|1.764e-40|1|257584|258213|258213[258213]:257584[257584]:630[630]
99	41818+975	0	38702	1	383503at2759|BDSP01000123_1|+|40|5.863e-05|1|41818|42792|41818[41818]:42792[42792]:975[975]
99	400061-297	0	44602	-1	1014314at2759|BDSP01000123_1|-|38|0.0002345|1|399765|400061|400061[400061]:399765[399765]:297[297]
99	315740-786	0	45130	-1	1049599at2759|BDSP01000123_1|-|97|4.069e-22|1|314955|315740|315740[315740]:314955[314955]:786[786]
99	356240+153994	0	46086	1	1398309at2759|BDSP01000123_1|+|66|8.737e-13|3|356240|510233|356240[356240]:356335[356335]:96[96]|454325[454325]:454450[454450]:126[126]|510120[510120]:510233[510233]:114[114]
99	501952+570	0	56027	1	674169at2759|BDSP01000123_1|+|42|1.466e-05|1|501952|502521|501952[501952]:502521[502521]:570[570]
100	63609-756	0	9216	-1	1312453at2759|BDSP01000278_1|-|78|2.133e-16|1|62854|63609|63609[63609]:62854[62854]:756[756]
100	119275-276	0	14881	-1	621827at2759|BDSP01000278_1|-|128|1.895e-31|1|119000|119275|119275[119275]:119000[119000]:276[276]
100	2242+456	0	14936	1	142542at2759|BDSP01000278_1|+|65|1.747e-12|1|2242|2697|2242[2242]:2697[2697]:456[456]
100	115767-591	0	20855	-1	674169at2759|BDSP01000278_1|-|40|5.863e-05|1|115177|115767|115767[115767]:115177[115177]:591[591]
100	90092-2769	0	26206	-1	331411at2759|BDSP01000278_1|-|1834|0|1|87324|90092|90092[90092]:87324[87324]:2769[2769]
100	97718-77206	0	42186	-1	621827at2759|BDSP01000278_1|-|90|5.208e-20|2|20513|97718|97718[97718]:97350[97350]:369[369]|21187[21172]:20513[20513]:675[660]
100	97724-465	0	52950	-1	1049599at2759|BDSP01000278_1|-|72|1.365e-14|1|97260|97724|97724[97724]:97260[97260]:465[465]
101	29192+660	0	39072	1	1382842at2759|BDSP01000128_1|+|436|3.633e-124|1|29192|29851|29192[29192]:29851[29851]:660[660]
103	34832+813	0	2250	1	621827at2759|BDSP01000096_1|+|156|7.058e-40|1|34832|35644|34832[34832]:35644[35644]:813[813]
103	47393+888	0	3404	1	1049599at2759|BDSP01000096_1|+|85|1.667e-18|1|47393|48280|47393[47393]:48280[48280]:888[888]
103	30817-399	0	9216	-1	1312453at2759|BDSP01000096_1|-|85|1.667e-18|1|30419|30817|30817[30817]:30419[30419]:399[399]
103	185454-124751	0	16471	-1	1364586at2759|BDSP01000096_1|-|41|2.932e-05|2|60704|185454|185454[185454]:185410[185410]:45[45]|61081[61081]:60704[60704]:378[378]
103	239657-606	0	26681	-1	674169at2759|BDSP01000096_1|-|148|1.807e-37|1|239052|239657|239657[239657]:239052[239052]:606[606]
103	236036-738	0	34372	-1	1312453at2759|BDSP01000096_1|-|88|2.083e-19|2|235299|236036|236036[236036]:235629[235629]:408[408]|235541[235541]:235299[235299]:243[243]
103	210378-792	0	46672	-1	911863at2759|BDSP01000096_1|-|51|2.863e-08|1|209587|210378|210378[210378]:209587[209587]:792[792]
103	64551-639	0	56027	-1	674169at2759|BDSP01000096_1|-|46|9.162e-07|1|63913|64551|64551[64551]:63913[63913]:639[639]
103	164208+927	0	57768	1	325552at2759|BDSP01000096_1|+|61|2.796e-11|1|164208|165134|164208[164208]:165134[165134]:927[927]
104	212470+666	0	34372	1	1312453at2759|BDSP01000107_1|+|75|1.706e-15|1|212470|213135|212470[212470]:213135[213135]:666[666]
104	35896-441	0	34372	-1	1312453at2759|BDSP01000107_1|-|57|4.473e-10|1|35456|35896|35896[35896]:35456[35456]:441[441]
107	152734-516	0	34372	-1	1312453at2759|BDSP01000075_1|-|119|9.7e-29|1|152219|152734|152734[152734]:152219[152219]:516[516]
107	165323-1818	0	44585	-1	621827at2759|BDSP01000075_1|-|1234|0|1|163506|165323|165323[165323]:163506[163506]:1818[1818]
108	119954+558	0	22083	1	331411at2759|BDSP01000239_1|+|55|1.789e-09|1|119954|120511|119954[119954]:120511[120511]:558[558]
109	85583+492	0	26681	1	674169at2759|BDSP01000038_1|+|102|1.271e-23|1|85583|86074|85583[85583]:86074[86074]:492[492]
109	54154+498	0	34372	1	1312453at2759|BDSP01000038_1|+|53|7.158e-09|1|54154|54651|54154[54154]:54651[54651]:498[498]
111	271996+618	0	26681	1	674169at2759|BDSP01000218_1|+|205|1.254e-54|1|271996|272613|271996[271996]:272613[272613]:618[618]
111	335669-759	0	45130	-1	1049599at2759|BDSP01000218_1|-|92|1.302e-20|1|334911|335669|335669[335669]:334911[334911]:759[759]
111	40889+16543	0	52551	1	1129824at2759|BDSP01000218_1|+|41|2.932e-05|2|40889|57431|40889[40889]:40930[40930]:42[42]|57348[57348]:57431[57431]:84[84]
112	55684+553	0	34372	1	1312453at2759|BDSP01000134_1|+|98|2.034e-22|2|55684|56236|55684[55684]:55821[55821]:138[138]|55934[55934]:56236[56236]:303[303]
112	170654-489	0	35986	-1	160593at2759|BDSP01000134_1|-|176|6.731e-46|1|170166|170654|170654[170654]:170166[170166]:489[489]
113	294949+420	0	5092	1	996662at2759|BDSP01000048_1|+|40|5.863e-05|1|294949|295368|294949[294949]:295368[295368]:420[420]
113	195401+435	0	23924	1	1398309at2759|BDSP01000048_1|+|38|0.0002345|1|195401|195835|195401[195401]:195835[195835]:435[435]
113	40127+1821	0	24369	1	621827at2759|BDSP01000048_1|+|1230|0|1|40127|41947|40127[40127]:41947[41947]:1821[1821]
113	326962+4199	0	26207	1	142542at2759|BDSP01000048_1|+|2737|0|2|326962|331160|326962[326962]:329949[329949]:2988[2988]|330018[330021]:331160[331160]:1143[1140]
113	222323-951	0	28045	-1	457861at2759|BDSP01000048_1|-|669|2.632e-194|1|221373|222323|222323[222323]:221373[221373]:951[951]
113	52325+516	0	34372	1	1312453at2759|BDSP01000048_1|+|119|9.7e-29|1|52325|52840|52325[52325]:52840[52840]:516[516]
113	236066+912	0	48168	1	325552at2759|BDSP01000048_1|+|44|3.665e-06|1|236066|236977|236066[236066]:236977[236977]:912[912]
116	35511+26648	0	21527	1	911863at2759|BDSP01000091_1|+|48|2.29e-07|2|35511|62158|35511[35511]:35552[35552]:42[42]|61256[61256]:62158[62158]:903[903]
116	65150-225	0	51339	-1	142542at2759|BDSP01000091_1|-|67|4.369e-13|1|64926|65150|65150[65150]:64926[64926]:225[225]
117	298069+939	0	3612	1	1053181at2759|BDSP01000137_1|+|69|1.092e-13|1|298069|299007|298069[298069]:299007[299007]:939[939]
117	569575+92847	0	5220	1	923657at2759|BDSP01000137_1|+|56|8.947e-10|2|569575|662421|569575[569575]:569712[569712]:138[138]|662104[662107]:662421[662421]:318[315]
117	12007-438	0	9216	-1	1312453at2759|BDSP01000137_1|-|56|8.947e-10|1|11570|12007|12007[12007]:11570[11570]:438[438]
117	347079+101047	0	13930	1	722805at2759|BDSP01000137_1|+|40|5.863e-05|2|347079|448125|347079[347079]:347180[347180]:102[102]|448078[448078]:448125[448125]:48[48]
117	128384+531	0	30286	1	1107630at2759|BDSP01000137_1|+|47|4.581e-07|1|128384|128914|128384[128384]:128914[128914]:531[531]
117	28784-513	0	47038	-1	1312453at2759|BDSP01000137_1|-|52|1.432e-08|1|28272|28784|28784[28784]:28272[28272]:513[513]
117	35942+354	0	47710	1	1129824at2759|BDSP01000137_1|+|38|0.0002345|1|35942|36295|35942[35942]:36295[36295]:354[354]
119	28690+540	0	9216	1	1312453at2759|BDSP01000145_1|+|51|2.863e-08|1|28690|29229|28690[28690]:29229[29229]:540[540]
119	34632-678	0	34372	-1	1312453at2759|BDSP01000145_1|-|93|6.51e-21|1|33955|34632|34632[34632]:33955[33955]:678[678]
120	85821+186	0	20535	1	261328at2759|BDSP01000045_1|+|48|2.29e-07|1|85821|86006|85821[85821]:86006[86006]:186[186]
124	147837+573	0	9216	1	1312453at2759|BDSP01000251_1|+|60|5.592e-11|1|147837|148409|147837[147837]:148409[148409]:573[573]
124	4179+2016	0	33557	1	325552at2759|BDSP01000251_1|+|1410|0|1|4179|6194|4179[4179]:6194[6194]:2016[2016]
124	276494+759	0	45130	1	1049599at2759|BDSP01000251_1|+|93|6.51e-21|1|276494|277252|276494[276494]:277252[277252]:759[759]
125	357487-216	0	12127	-1	1041560at2759|BDSP01000133_1|-|47|4.581e-07|1|357272|357487|357487[357487]:357272[357272]:216[216]
125	4078+426	0	23924	1	1398309at2759|BDSP01000133_1|+|38|0.0002345|1|4078|4503|4078[4078]:4503[4503]:426[426]
125	290803+618	0	26681	1	674169at2759|BDSP01000133_1|+|184|2.629e-48|1|290803|291420|290803[290803]:291420[291420]:618[618]
125	26519-951	0	28045	-1	457861at2759|BDSP01000133_1|-|587|1.273e-169|1|25569|26519|26519[26519]:25569[25569]:951[951]
125	421204+2013	0	28356	1	331411at2759|BDSP01000133_1|+|585|5.091e-169|1|421204|423216|421204[421204]:423216[423216]:2013[2013]
125	138901+423	0	34372	1	1312453at2759|BDSP01000133_1|+|71|2.73e-14|1|138901|139323|138901[138901]:139323[139323]:423[423]
125	39736+915	0	34720	1	325552at2759|BDSP01000133_1|+|53|7.158e-09|1|39736|40650|39736[39736]:40650[40650]:915[915]
125	128598+4215	0	46423	1	142542at2759|BDSP01000133_1|+|2722|0|1|128598|132812|128598[128598]:132812[132812]:4215[4215]
125	358431-1160	0	48261	-1	1041560at2759|BDSP01000133_1|-|727|9.132e-212|2|357272|358431|358431[358431]:357577[357577]:855[855]|357502[357496]:357272[357272]:231[225]
126	147947-573	0	3411	-1	261328at2759|BDSP01000076_1|-|94|3.255e-21|1|147375|147947|147947[147947]:147375[147375]:573[573]
126	8380-3688	0	4264	-1	777920at2759|BDSP01000076_1|-|271|1.699e-74|2|4693|8380|8380[8380]:6242[6242]:2139[2139]|5691[5691]:4693[4693]:999[999]
126	364+501	0	5986	1	1129824at2759|BDSP01000076_1|+|331|1.474e-92|1|364|864|364[364]:864[864]:501[501]
127	107199-8662	0	28044	-1	160593at2759|BDSP01000103_1|-|5063|0|3|98538|107199|107199[107199]:100468[100468]:6732[6732]|99844[99844]:99560[99560]:285[285]|99500[99500]:98538[98538]:963[963]
127	9465+396	0	34372	1	1312453at2759|BDSP01000103_1|+|56|8.947e-10|1|9465|9860|9465[9465]:9860[9860]:396[396]
128	231767-893	0	26681	-1	674169at2759|BDSP01000201_1|-|97|4.069e-22|2|230875|231767|231767[231767]:231591[231591]:177[177]|231495[231480]:230875[230875]:621[606]
128	107525-534	0	39218	-1	1312453at2759|BDSP01000201_1|-|40|5.863e-05|1|106992|107525|107525[107525]:106992[106992]:534[534]
128	2008-807	0	40910	-1	923657at2759|BDSP01000201_1|-|554|1.093e-159|1|1202|2008|2008[2008]:1202[1202]:807[807]
129	53233+57953	0	9061	1	674169at2759|BDSP01000126_1|+|87|4.166e-19|3|53233|111185|53233[53233]:53427[53427]:195[195]|53502[53514]:54035[54035]:534[522]|110760[110760]:111185[111185]:426[426]
130	8833-498	0	34372	-1	1312453at2759|BDSP01000043_1|-|54|3.579e-09|1|8336|8833|8833[8833]:8336[8336]:498[498]
130	10137+426	0	37968	1	911863at2759|BDSP01000043_1|+|60|5.592e-11|1|10137|10562|10137[10137]:10562[10562]:426[426]
131	134930-249	0	12643	-1	621827at2759|BDSP01000092_1|-|45|1.832e-06|1|134682|134930|134930[134930]:134682[134682]:249[249]
131	367712-618	0	26681	-1	674169at2759|BDSP01000092_1|-|184|2.629e-48|1|367095|367712|367712[367712]:367095[367095]:618[618]
131	248533-2013	0	28356	-1	331411at2759|BDSP01000092_1|-|579|3.258e-167|1|246521|248533|248533[248533]:246521[246521]:2013[2013]
131	46256-1665	0	29883	-1	996662at2759|BDSP01000092_1|-|1057|4.175e-311|1|44592|46256|46256[46256]:44592[44592]:1665[1665]
131	248494-915	0	30194	-1	331411at2759|BDSP01000092_1|-|154|2.823e-39|1|247580|248494|248494[248494]:247580[247580]:915[915]
131	217952+471	0	33032	1	1014314at2759|BDSP01000092_1|+|53|7.158e-09|1|217952|218422|217952[217952]:218422[218422]:471[471]
131	305987+1178	0	48261	1	1041560at2759|BDSP01000092_1|+|692|3.138e-201|2|305987|307164|305987[305987]:306856[306856]:870[870]|306928[306940]:307164[307164]:237[225]
131	21988+951	0	50313	1	911863at2759|BDSP01000092_1|+|52|1.432e-08|1|21988|22938|21988[21988]:22938[22938]:951[951]
131	25910-225	0	51339	-1	142542at2759|BDSP01000092_1|-|66|8.737e-13|1|25686|25910|25910[25910]:25686[25686]:225[225]
133	69685-276	0	17807	-1	1049599at2759|BDSP01000264_1|-|49|1.145e-07|1|69410|69685|69685[69685]:69410[69410]:276[276]
134	17664-1707	0	50099	-1	996662at2759|BDSP01000183_1|-|1075|1.593e-316|1|15958|17664|17664[17664]:15958[15958]:1707[1707]
135	55101-2100	0	7825	-1	1377237at2759|BDSP01000101_1|-|1456|0|1|53002|55101|55101[55101]:53002[53002]:2100[2100]
135	36793-1638	0	9664	-1	844748at2759|BDSP01000101_1|-|1094|3.0138e-322|1|35156|36793|36793[36793]:35156[35156]:1638[1638]
135	62422-825	0	28858	-1	1312453at2759|BDSP01000101_1|-|92|1.302e-20|1|61598|62422|62422[62422]:61598[61598]:825[825]
135	109085-4560	0	34284	-1	142542at2759|BDSP01000101_1|-|491|1.008e-140|1|104526|109085|109085[109085]:104526[104526]:4560[4560]
135	7359-456	0	34372	-1	1312453at2759|BDSP01000101_1|-|102|1.271e-23|1|6904|7359|7359[7359]:6904[6904]:456[456]
135	75695-531	0	37960	-1	1398309at2759|BDSP01000101_1|-|211|1.959e-56|1|75165|75695|75695[75695]:75165[75165]:531[531]
135	63511+849	0	58303	1	1284731at2759|BDSP01000101_1|+|112|1.242e-26|1|63511|64359|63511[63511]:64359[64359]:849[849]
136	49148+360	0	17807	1	1049599at2759|BDSP01000291_1|+|47|4.581e-07|1|49148|49507|49148[49148]:49507[49507]:360[360]
136	13562+609	0	25509	1	621827at2759|BDSP01000291_1|+|69|1.092e-13|1|13562|14170|13562[13562]:14170[14170]:609[609]
136	37758-621	0	26681	-1	674169at2759|BDSP01000291_1|-|210|3.918e-56|1|37138|37758|37758[37758]:37138[37138]:621[621]
137	13429-2877	0	12372	-1	1442062at2759|BDSP01000220_1|-|558|6.833e-161|1|10553|13429|13429[13429]:10553[10553]:2877[2877]
137	425+258	0	14881	1	621827at2759|BDSP01000220_1|+|85|1.667e-18|1|425|682|425[425]:682[682]:258[258]
137	5359-267	0	14881	-1	621827at2759|BDSP01000220_1|-|89|1.042e-19|1|5093|5359|5359[5359]:5093[5093]:267[267]
137	23978-498	0	58159	-1	1014314at2759|BDSP01000220_1|-|68|2.184e-13|1|23481|23978|23978[23978]:23481[23481]:498[498]
138	56553+573	0	3411	1	261328at2759|BDSP01000283_1|+|94|3.255e-21|1|56553|57125|56553[56553]:57125[57125]:573[573]
138	166156+3548	0	4264	1	777920at2759|BDSP01000283_1|+|269|6.797e-74|2|166156|169703|166156[166156]:168153[168153]:1998[1998]|168705[168705]:169703[169703]:999[999]
138	245374+825	0	28858	1	1312453at2759|BDSP01000283_1|+|91|2.604e-20|1|245374|246198|245374[245374]:246198[246198]:825[825]
138	209755+4548	0	34284	1	142542at2759|BDSP01000283_1|+|493|2.521e-141|1|209755|214302|209755[209755]:214302[214302]:4548[4548]
138	295988+444	0	34372	1	1312453at2759|BDSP01000283_1|+|102|1.271e-23|1|295988|296431|295988[295988]:296431[296431]:444[444]
138	236372+531	0	37960	1	1398309at2759|BDSP01000283_1|+|213|4.897e-57|1|236372|236902|236372[236372]:236902[236902]:531[531]
138	173995-570	0	46424	-1	1129824at2759|BDSP01000283_1|-|376|4.189e-106|1|173426|173995|173995[173995]:173426[173426]:570[570]
138	252734+2100	0	48262	1	1377237at2759|BDSP01000283_1|+|1450|0|1|252734|254833|252734[252734]:254833[254833]:2100[2100]
138	269044+1632	0	50100	1	844748at2759|BDSP01000283_1|+|1094|3.0138e-322|1|269044|270675|269044[269044]:270675[270675]:1632[1632]
138	244373-849	0	58303	-1	1284731at2759|BDSP01000283_1|-|115|1.552e-27|1|243525|244373|244373[244373]:243525[243525]:849[849]
139	24336+3490	0	4264	1	777920at2759|BDSP01000073_1|+|305|9.89e-85|2|24336|27825|24336[24336]:26750[26750]:2415[2415]|26806[26806]:27825[27825]:1020[1020]
139	199025+375	0	4354	1	1407446at2759|BDSP01000073_1|+|36|0.0009382|1|199025|199399|199025[199025]:199399[199399]:375[375]
139	206364-513	0	34372	-1	1312453at2759|BDSP01000073_1|-|55|1.789e-09|1|205852|206364|206364[206364]:205852[205852]:513[513]
143	166245+399	0	33032	1	1014314at2759|BDSP01000231_1|+|51|2.863e-08|1|166245|166643|166245[166245]:166643[166643]:399[399]
144	70889+1128	0	13735	1	674169at2759|BDSP01000204_1|+|70|5.461e-14|2|70889|72016|70889[70889]:71086[71086]:198[198]|71189[71189]:72016[72016]:828[828]
144	211044-186	0	20535	-1	261328at2759|BDSP01000204_1|-|48|2.29e-07|1|210859|211044|211044[211044]:210859[210859]:186[186]
145	19319+633	0	34372	1	1312453at2759|BDSP01000245_1|+|113|6.208e-27|1|19319|19951|19319[19319]:19951[19951]:633[633]
146	2907-891	0	26811	-1	325552at2759|BDSP01000229_1|-|72|1.365e-14|1|2017|2907|2907[2907]:2017[2017]:891[891]
146	60681-711	0	34372	-1	1312453at2759|BDSP01000229_1|-|47|4.581e-07|1|59971|60681|60681[60681]:59971[59971]:711[711]
147	260813-591	0	23064	-1	1014314at2759|BDSP01000017_1|-|42|1.466e-05|1|260223|260813|260813[260813]:260223[260223]:591[591]
147	213265+582	0	26681	1	674169at2759|BDSP01000017_1|+|85|1.667e-18|1|213265|213846|213265[213265]:213846[213846]:582[582]
147	96312-699	0	30286	-1	1107630at2759|BDSP01000017_1|-|117|3.88e-28|2|95614|96312|96312[96312]:96022[96022]:291[291]|95766[95766]:95614[95614]:153[153]
147	151879-12066	0	33750	-1	1407446at2759|BDSP01000017_1|-|45|1.832e-06|2|139814|151879|151879[151879]:151814[151814]:66[66]|139912[139912]:139814[139814]:99[99]
147	235868+395	0	36012	1	1284731at2759|BDSP01000017_1|+|133|5.921e-33|2|235868|236262|235868[235868]:236008[236008]:141[141]|236080[236080]:236262[236262]:183[183]
147	59457+1248	0	50580	1	271586at2759|BDSP01000017_1|+|54|3.579e-09|1|59457|60704|59457[59457]:60704[60704]:1248[1248]
148	137870+615	0	17119	1	911863at2759|BDSP01000172_1|+|46|9.162e-07|1|137870|138484|137870[137870]:138484[138484]:615[615]
152	44283+468	0	2290	1	464990at2759|BDSP01000036_1|+|76|8.532e-16|1|44283|44750|44283[44283]:44750[44750]:468[468]
152	227380+534	0	9216	1	1312453at2759|BDSP01000036_1|+|90|5.208e-20|2|227380|227913|227380[227380]:227445[227445]:66[66]|227551[227551]:227913[227913]:363[363]
152	169210+1919	0	16198	1	464990at2759|BDSP01000036_1|+|352|7.027e-99|2|169210|171128|169210[169210]:170169[170169]:960[960]|170268[170268]:171128[171128]:861[861]
152	71430+602	0	26681	1	674169at2759|BDSP01000036_1|+|142|1.156e-35|2|71430|72031|71430[71430]:71528[71528]:99[99]|71624[71630]:72031[72031]:408[402]
152	263928-1716	0	47485	-1	142542at2759|BDSP01000036_1|-|262|8.7e-72|1|262213|263928|263928[263928]:262213[262213]:1716[1716]
152	61541+789	0	51937	1	1284731at2759|BDSP01000036_1|+|528|7.337e-152|1|61541|62329|61541[61541]:62329[62329]:789[789]
152	86157-34059	0	52599	-1	325552at2759|BDSP01000036_1|-|80|5.333e-17|2|52099|86157|86157[86157]:85171[85171]:987[987]|52167[52155]:52099[52099]:69[57]
152	170283+762	0	53087	1	464990at2759|BDSP01000036_1|+|70|5.461e-14|1|170283|171044|170283[170283]:171044[171044]:762[762]
153	179807+585	0	26681	1	674169at2759|BDSP01000109_1|+|83|6.666e-18|1|179807|180391|179807[179807]:180391[180391]:585[585]
153	51785-697	0	30286	-1	1107630at2759|BDSP01000109_1|-|117|3.88e-28|2|51089|51785|51785[51785]:51495[51495]:291[291]|51241[51241]:51089[51089]:153[153]
153	228703-747	0	35931	-1	1049599at2759|BDSP01000109_1|-|55|1.789e-09|1|227957|228703|228703[228703]:227957[227957]:747[747]
153	202968+396	0	36012	1	1284731at2759|BDSP01000109_1|+|133|5.921e-33|2|202968|203363|202968[202968]:203108[203108]:141[141]|203181[203181]:203363[203363]:183[183]
153	23272+1248	0	50580	1	271586at2759|BDSP01000109_1|+|54|3.579e-09|1|23272|24519|23272[23272]:24519[24519]:1248[1248]
155	16256+459	0	14936	1	142542at2759|BDSP01000008_1|+|55|1.789e-09|1|16256|16714|16256[16256]:16714[16714]:459[459]
155	110641+864	0	28694	1	911863at2759|BDSP01000008_1|+|44|3.665e-06|1|110641|111504|110641[110641]:111504[111504]:864[864]
155	19571+693	0	39676	1	1014314at2759|BDSP01000008_1|+|44|3.665e-06|1|19571|20263|19571[19571]:20263[20263]:693[693]
155	62982-2119	0	42880	-1	142542at2759|BDSP01000008_1|-|276|5.31e-76|3|60864|62982|62982[62982]:62185[62185]:798[798]|62116[62113]:61997[61997]:120[117]|61916[61916]:60864[60864]:1053[1053]
158	689319-414	0	861	-1	142542at2759|BDSP01000252_1|-|71|2.73e-14|1|688906|689319|689319[689319]:688906[688906]:414[414]
158	286722+468	0	2290	1	464990at2759|BDSP01000252_1|+|76|8.532e-16|1|286722|287189|286722[286722]:287189[287189]:468[468]
158	136113-81318	0	2542	-1	1129824at2759|BDSP01000252_1|-|51|2.863e-08|2|54796|136113|136113[136113]:136033[136033]:81[81]|55089[55089]:54796[54796]:294[294]
158	456151+534	0	9216	1	1312453at2759|BDSP01000252_1|+|89|1.042e-19|2|456151|456684|456151[456151]:456216[456216]:66[66]|456322[456322]:456684[456684]:363[363]
158	406169+1926	0	16198	1	464990at2759|BDSP01000252_1|+|352|7.027e-99|2|406169|408094|406169[406169]:407128[407128]:960[960]|407234[407234]:408094[408094]:861[861]
158	142267-642	0	19169	-1	996662at2759|BDSP01000252_1|-|38|0.0002345|1|141626|142267|142267[142267]:141626[141626]:642[642]
158	312099+605	0	26681	1	674169at2759|BDSP01000252_1|+|142|1.156e-35|2|312099|312703|312099[312099]:312197[312197]:99[99]|312308[312308]:312703[312703]:396[396]
158	687588-294	0	28541	-1	142542at2759|BDSP01000252_1|-|62|1.398e-11|1|687295|687588|687588[687588]:687295[687295]:294[294]
158	682441+573	0	31244	1	1312453at2759|BDSP01000252_1|+|49|1.145e-07|1|682441|683013|682441[682441]:683013[683013]:573[573]
158	302039+789	0	33559	1	1284731at2759|BDSP01000252_1|+|524|1.174e-150|1|302039|302827|302039[302039]:302827[302827]:789[789]
158	489986-1770	0	42880	-1	142542at2759|BDSP01000252_1|-|269|6.797e-74|1|488217|489986|489986[489986]:488217[488217]:1770[1770]
158	446094-119901	0	54789	-1	1014314at2759|BDSP01000252_1|-|64|3.495e-12|2|326194|446094|446094[446094]:445996[445996]:99[99]|326763[326763]:326194[326194]:570[570]
160	340263+813	0	2250	1	621827at2759|BDSP01000095_1|+|156|7.058e-40|1|340263|341075|340263[340263]:341075[341075]:813[813]
160	353926+888	0	3404	1	1049599at2759|BDSP01000095_1|+|85|1.667e-18|1|353926|354813|353926[353926]:354813[354813]:888[888]
160	337419-408	0	9216	-1	1312453at2759|BDSP01000095_1|-|87|4.166e-19|1|337012|337419|337419[337419]:337012[337012]:408[408]
160	107849-489	0	35986	-1	160593at2759|BDSP01000095_1|-|176|6.731e-46|1|107361|107849|107849[107849]:107361[107361]:489[489]
160	371914-639	0	56027	-1	674169at2759|BDSP01000095_1|-|47|4.581e-07|1|371276|371914|371914[371914]:371276[371276]:639[639]
161	252144-2904	0	12372	-1	1442062at2759|BDSP01000147_1|-|555|5.466e-160|1|249241|252144|252144[252144]:249241[249241]:2904[2904]
161	206182-630	0	19169	-1	996662at2759|BDSP01000147_1|-|40|5.863e-05|1|205553|206182|206182[206182]:205553[205553]:630[630]
162	221150+639	0	11502	1	1200489at2759|BDSP01000199_1|+|439|4.541e-125|1|221150|221788|221150[221150]:221788[221788]:639[639]
162	219203-1248	0	31155	-1	674169at2759|BDSP01000199_1|-|48|2.29e-07|1|217956|219203|219203[219203]:217956[217956]:1248[1248]
162	260468-462	0	34372	-1	1312453at2759|BDSP01000199_1|-|117|3.88e-28|1|260007|260468|260468[260468]:260007[260007]:462[462]
162	130972-1332	0	50469	-1	1428265at2759|BDSP01000199_1|-|333|3.684e-93|1|129641|130972|130972[130972]:129641[129641]:1332[1332]
163	28982+804	0	9382	1	1014314at2759|BDSP01000198_1|+|53|7.158e-09|1|28982|29785|28982[28982]:29785[29785]:804[804]
163	2214+939	0	13920	1	621827at2759|BDSP01000198_1|+|37|0.0004691|1|2214|3152|2214[2214]:3152[3152]:939[939]
164	337604-552	0	9216	-1	1312453at2759|BDSP01000240_1|-|67|4.369e-13|1|337053|337604|337604[337604]:337053[337053]:552[552]
164	403010-747	0	16834	-1	261419at2759|BDSP01000240_1|-|73|6.826e-15|1|402264|403010|403010[403010]:402264[402264]:747[747]
164	330546-615	0	26681	-1	674169at2759|BDSP01000240_1|-|162|1.103e-41|1|329932|330546|330546[330546]:329932[329932]:615[615]
164	437360-693	0	34372	-1	1312453at2759|BDSP01000240_1|-|56|8.947e-10|1|436668|437360|437360[437360]:436668[436668]:693[693]
164	288502-366	0	47038	-1	1312453at2759|BDSP01000240_1|-|55|1.789e-09|1|288137|288502|288502[288502]:288137[288137]:366[366]
165	103910+1062	0	15154	1	325552at2759|BDSP01000212_1|+|47|4.581e-07|1|103910|104971|103910[103910]:104971[104971]:1062[1062]
165	81382-723	0	28858	-1	1312453at2759|BDSP01000212_1|-|71|2.73e-14|1|80660|81382|81382[81382]:80660[80660]:723[723]
169	433488+798	0	2250	1	621827at2759|BDSP01000102_1|+|147|3.614e-37|1|433488|434285|433488[433488]:434285[434285]:798[798]
169	346919+807	0	3597	1	911863at2759|BDSP01000102_1|+|50|5.726e-08|1|346919|347725|346919[346919]:347725[347725]:807[807]
169	213344+615	0	6227	1	1014314at2759|BDSP01000102_1|+|56|8.947e-10|1|213344|213958|213344[213344]:213958[213958]:615[615]
169	212220+465	0	16295	1	1014314at2759|BDSP01000102_1|+|51|2.863e-08|1|212220|212684|212220[212220]:212684[212684]:465[465]
169	315718+606	0	26681	1	674169at2759|BDSP01000102_1|+|148|1.807e-37|1|315718|316323|315718[315718]:316323[316323]:606[606]
169	157929-726	0	31016	-1	911863at2759|BDSP01000102_1|-|43|7.329e-06|1|157204|157929|157929[157929]:157204[157204]:726[726]
169	319481+705	0	34372	1	1312453at2759|BDSP01000102_1|+|89|1.042e-19|2|319481|320185|319481[319481]:319888[319888]:408[408]|319976[319976]:320185[320185]:210[210]
169	4478+423	0	39218	1	1312453at2759|BDSP01000102_1|+|38|0.0002345|1|4478|4900|4478[4478]:4900[4900]:423[423]
169	167078+123938	0	51285	1	1575179at2759|BDSP01000102_1|+|43|7.329e-06|2|167078|291015|167078[167078]:167164[167164]:87[87]|290911[290911]:291015[291015]:105[105]
169	393175-297	0	52786	-1	621827at2759|BDSP01000102_1|-|45|1.832e-06|1|392879|393175|393175[393175]:392879[392879]:297[297]
170	166353-285	0	28541	-1	142542at2759|BDSP01000206_1|-|64|3.495e-12|1|166069|166353|166353[166353]:166069[166069]:285[285]
170	160838+573	0	31244	1	1312453at2759|BDSP01000206_1|+|49|1.145e-07|1|160838|161410|160838[160838]:161410[161410]:573[573]
170	168144-270	0	51339	-1	142542at2759|BDSP01000206_1|-|69|1.092e-13|1|167875|168144|168144[168144]:167875[167875]:270[270]
171	42483+723	0	28858	1	1312453at2759|BDSP01000260_1|+|71|2.73e-14|1|42483|43205|42483[42483]:43205[43205]:723[723]
171	58213+429	0	34372	1	1312453at2759|BDSP01000260_1|+|48|2.29e-07|1|58213|58641|58213[58213]:58641[58641]:429[429]
172	1229-366	0	19838	-1	1129824at2759|BDSP01000174_1|-|43|7.329e-06|1|864|1229|1229[1229]:864[864]:366[366]
172	16906+396	0	46534	1	1014314at2759|BDSP01000174_1|+|39|0.0001173|1|16906|17301|16906[16906]:17301[17301]:396[396]
172	15404+351	0	50182	1	1014314at2759|BDSP01000174_1|+|44|3.665e-06|1|15404|15754|15404[15404]:15754[15754]:351[351]
172	18802+291	0	57950	1	142542at2759|BDSP01000174_1|+|40|5.863e-05|1|18802|19092|18802[18802]:19092[19092]:291[291]
173	5624+504	0	9216	1	1312453at2759|BDSP01000263_1|+|52|1.432e-08|1|5624|6127|5624[5624]:6127[6127]:504[504]
174	14055+1248	0	31155	1	674169at2759|BDSP01000248_1|+|51|2.863e-08|1|14055|15302|14055[14055]:15302[15302]:1248[1248]
174	104373+1332	0	50469	1	1428265at2759|BDSP01000248_1|+|331|1.474e-92|1|104373|105704|104373[104373]:105704[105704]:1332[1332]
174	12346-651	0	51938	-1	1200489at2759|BDSP01000248_1|-|439|4.541e-125|1|11696|12346|12346[12346]:11696[11696]:651[651]
175	39966-432	0	26681	-1	674169at2759|BDSP01000262_1|-|43|7.329e-06|1|39535|39966|39966[39966]:39535[39535]:432[432]
178	223+2952	0	12372	1	1442062at2759|BDSP01000139_1|+|483|2.581e-138|2|223|3174|223[223]:2490[2490]:2268[2268]|2503[2503]:3174[3174]:672[672]
183	359351-663	0	5174	-1	996662at2759|BDSP01000041_1|-|44|3.665e-06|1|358689|359351|359351[359351]:358689[358689]:663[663]
183	327224+372	0	9216	1	1312453at2759|BDSP01000041_1|+|40|5.863e-05|1|327224|327595|327224[327224]:327595[327595]:372[372]
183	46932-2685	0	12372	-1	1442062at2759|BDSP01000041_1|-|543|2.239e-156|1|44248|46932|46932[46932]:44248[44248]:2685[2685]
183	434576+426	0	14874	1	142542at2759|BDSP01000041_1|+|39|0.0001173|1|434576|435001|434576[434576]:435001[435001]:426[426]
183	348281+3980	0	34284	1	142542at2759|BDSP01000041_1|+|405|7.802e-115|2|348281|352260|348281[348281]:350350[350350]:2070[2070]|350584[350584]:352260[352260]:1677[1677]
183	512592-252	0	42697	-1	1398309at2759|BDSP01000041_1|-|91|2.604e-20|1|512341|512592|512592[512592]:512341[512341]:252[252]
183	77432+606	0	52117	1	911863at2759|BDSP01000041_1|+|37|0.0004691|1|77432|78037|77432[77432]:78037[78037]:606[606]
183	375826-462	0	52213	-1	1053181at2759|BDSP01000041_1|-|85|1.667e-18|1|375365|375826|375826[375826]:375365[375365]:462[462]
183	448681+981	0	53776	1	1107630at2759|BDSP01000041_1|+|672|3.29e-195|1|448681|449661|448681[448681]:449661[449661]:981[981]
183	280258+1389	0	55614	1	1049599at2759|BDSP01000041_1|+|906|1.192e-265|1|280258|281646|280258[280258]:281646[281646]:1389[1389]
183	428249+1095	0	56009	1	331411at2759|BDSP01000041_1|+|264|2.175e-72|1|428249|429343|428249[428249]:429343[429343]:1095[1095]
183	168366-669	0	56027	-1	674169at2759|BDSP01000041_1|-|44|3.665e-06|1|167698|168366|168366[168366]:167698[167698]:669[669]
184	90694+777	0	9216	1	1312453at2759|BDSP01000197_1|+|75|1.706e-15|1|90694|91470|90694[90694]:91470[91470]:777[777]
184	72233+2772	0	9665	1	331411at2759|BDSP01000197_1|+|1827|0|1|72233|75004|72233[72233]:75004[75004]:2772[2772]
184	44962+276	0	14881	1	621827at2759|BDSP01000197_1|+|128|1.895e-31|1|44962|45237|44962[44962]:45237[45237]:276[276]
184	146089-456	0	14936	-1	142542at2759|BDSP01000197_1|-|67|4.369e-13|1|145634|146089|146089[146089]:145634[145634]:456[456]
184	129085+657	0	25509	1	621827at2759|BDSP01000197_1|+|72|1.365e-14|1|129085|129741|129085[129085]:129741[129741]:657[657]
184	65068+555	0	49322	1	621827at2759|BDSP01000197_1|+|76|8.532e-16|1|65068|65622|65068[65068]:65622[65622]:555[555]
187	173139-207	0	36012	-1	1284731at2759|BDSP01000150_1|-|52|1.432e-08|1|172933|173139|173139[173139]:172933[172933]:207[207]
187	64667-297	0	51979	-1	1014314at2759|BDSP01000150_1|-|47|4.581e-07|1|64371|64667|64667[64667]:64371[64371]:297[297]
187	116275+1029	0	54277	1	1428265at2759|BDSP01000150_1|+|68|2.184e-13|1|116275|117303|116275[116275]:117303[117303]:1029[1029]
188	259612+582	0	286	1	1014314at2759|BDSP01000131_1|+|46|9.162e-07|1|259612|260193|259612[259612]:260193[260193]:582[582]
188	530679-318	0	2005	-1	142542at2759|BDSP01000131_1|-|47|4.581e-07|1|530362|530679|530679[530679]:530362[530362]:318[318]
188	20423-495	0	11556	-1	1014314at2759|BDSP01000131_1|-|72|1.365e-14|1|19929|20423|20423[20423]:19929[19929]:495[495]
188	6826-241	0	14881	-1	621827at2759|BDSP01000131_1|-|83|6.666e-18|2|6586|6826|6826[6826]:6770[6770]:57[57]|6729[6729]:6586[6586]:144[144]
188	152993+759	0	20566	1	1593937at2759|BDSP01000131_1|+|69|1.092e-13|1|152993|153751|152993[152993]:153751[153751]:759[759]
188	34611+744	0	24842	1	674169at2759|BDSP01000131_1|+|78|2.133e-16|1|34611|35354|34611[34611]:35354[35354]:744[744]
188	35434+564	0	26681	1	674169at2759|BDSP01000131_1|+|188|1.643e-49|1|35434|35997|35434[35434]:35997[35997]:564[564]
188	157228-612	0	26681	-1	674169at2759|BDSP01000131_1|-|164|2.757e-42|1|156617|157228|157228[157228]:156617[156617]:612[612]
188	217830-846	0	28858	-1	1312453at2759|BDSP01000131_1|-|91|2.604e-20|1|216985|217830|217830[217830]:216985[216985]:846[846]
188	13228-522	0	31339	-1	1014314at2759|BDSP01000131_1|-|72|1.365e-14|1|12707|13228|13228[13228]:12707[12707]:522[522]
188	334641+516	0	34372	1	1312453at2759|BDSP01000131_1|+|117|3.88e-28|1|334641|335156|334641[334641]:335156[335156]:516[516]
188	494914-339	0	37771	-1	1049599at2759|BDSP01000131_1|-|37|0.0004691|1|494576|494914|494914[494914]:494576[494576]:339[339]
188	476925+942	0	43416	1	1107630at2759|BDSP01000131_1|+|143|5.782e-36|1|476925|477866|476925[476925]:477866[477866]:942[942]
188	529812-2160	0	44987	-1	142542at2759|BDSP01000131_1|-|104|3.179e-24|1|527653|529812|529812[529812]:527653[527653]:2160[2160]
188	45377+840	0	53775	1	1364586at2759|BDSP01000131_1|+|542|4.478e-156|1|45377|46216|45377[45377]:46216[46216]:840[840]
188	520956+879	0	54379	1	261328at2759|BDSP01000131_1|+|115|1.552e-27|1|520956|521834|520956[520956]:521834[521834]:879[879]
189	126166+654	0	5174	1	996662at2759|BDSP01000100_1|+|40|5.863e-05|1|126166|126819|126166[126166]:126819[126819]:654[654]
189	160843-663	0	9216	-1	1312453at2759|BDSP01000100_1|-|40|5.863e-05|1|160181|160843|160843[160843]:160181[160181]:663[663]
189	29321-972	0	13340	-1	1107630at2759|BDSP01000100_1|-|662|3.369e-192|1|28350|29321|29321[29321]:28350[28350]:972[972]
189	44456-426	0	14874	-1	142542at2759|BDSP01000100_1|-|40|5.863e-05|1|44031|44456|44456[44456]:44031[44031]:426[426]
189	208309-1392	0	15178	-1	1049599at2759|BDSP01000100_1|-|909|1.49e-266|1|206918|208309|208309[208309]:206918[206918]:1392[1392]
189	286575+594	0	23416	1	1087488at2759|BDSP01000100_1|+|36|0.0009382|1|286575|287168|286575[286575]:287168[287168]:594[594]
189	203079-558	0	31244	-1	1312453at2759|BDSP01000100_1|-|37|0.0004691|1|202522|203079|203079[203079]:202522[202522]:558[558]
189	140466-3980	0	34284	-1	142542at2759|BDSP01000100_1|-|416|3.81e-118|2|136487|140466|140466[140466]:138397[138397]:2070[2070]|138163[138163]:136487[136487]:1677[1677]
189	106379+453	0	52213	1	1053181at2759|BDSP01000100_1|+|87|4.166e-19|1|106379|106831|106379[106379]:106831[106831]:453[453]
189	50592-1095	0	56009	-1	331411at2759|BDSP01000100_1|-|263|4.35e-72|1|49498|50592|50592[50592]:49498[49498]:1095[1095]
191	69765-522	0	56027	-1	674169at2759|BDSP01000003_1|-|47|4.581e-07|1|69244|69765|69765[69765]:69244[69244]:522[522]
193	41630-570	0	11879	-1	923657at2759|BDSP01000065_1|-|37|0.0004691|1|41061|41630|41630[41630]:41061[41061]:570[570]
193	56704-492	0	26681	-1	674169at2759|BDSP01000065_1|-|103|6.357e-24|1|56213|56704|56704[56704]:56213[56213]:492[492]
193	86722-498	0	34372	-1	1312453at2759|BDSP01000065_1|-|53|7.158e-09|1|86225|86722|86722[86722]:86225[86225]:498[498]
193	28374-1266	0	43046	-1	271586at2759|BDSP01000065_1|-|42|1.466e-05|1|27109|28374|28374[28374]:27109[27109]:1266[1266]
196	23223-1014	0	27048	-1	1284731at2759|BDSP01000171_1|-|100|5.086e-23|1|22210|23223|23223[23223]:22210[22210]:1014[1014]
197	26235-198	0	14881	-1	621827at2759|BDSP01000159_1|-|62|1.398e-11|1|26038|26235|26235[26235]:26038[26038]:198[198]
199	29670+618	0	56027	1	674169at2759|BDSP01000042_1|+|46|9.162e-07|1|29670|30287|29670[29670]:30287[30287]:618[618]
200	81926-402	0	9216	-1	1312453at2759|BDSP01000005_1|-|37|0.0004691|1|81525|81926|81926[81926]:81525[81525]:402[402]
200	12345-318	0	14881	-1	621827at2759|BDSP01000005_1|-|105|1.589e-24|1|12028|12345|12345[12345]:12028[12028]:318[318]
200	25149+738	0	28858	1	1312453at2759|BDSP01000005_1|+|52|1.432e-08|1|25149|25886|25149[25149]:25886[25886]:738[738]
200	98469+261	0	36012	1	1284731at2759|BDSP01000005_1|+|46|9.162e-07|1|98469|98729|98469[98469]:98729[98729]:261[261]
201	21121+375	0	9216	1	1312453at2759|BDSP01000161_1|+|54|3.579e-09|1|21121|21495|21121[21121]:21495[21495]:375[375]
201	46857+792	0	28858	1	1312453at2759|BDSP01000161_1|+|91|2.604e-20|1|46857|47648|46857[46857]:47648[47648]:792[792]
201	47913+618	0	34372	1	1312453at2759|BDSP01000161_1|+|117|3.88e-28|1|47913|48530|47913[47913]:48530[48530]:618[618]
201	49164+354	0	56244	1	1312453at2759|BDSP01000161_1|+|40|5.863e-05|1|49164|49517|49164[49164]:49517[49517]:354[354]
205	19076+600	0	26681	1	674169at2759|BDSP01000182_1|+|104|3.179e-24|1|19076|19675|19076[19076]:19675[19675]:600[600]
205	139478-633	0	26681	-1	674169at2759|BDSP01000182_1|-|138|1.85e-34|1|138846|139478|139478[139478]:138846[138846]:633[633]
206	101624+531	0	9216	1	1312453at2759|BDSP01000167_1|+|76|8.532e-16|1|101624|102154|101624[101624]:102154[102154]:531[531]
206	150392-273	0	14881	-1	621827at2759|BDSP01000167_1|-|38|0.0002345|1|150120|150392|150392[150392]:150120[150120]:273[273]
206	150841-342	0	22979	-1	1014314at2759|BDSP01000167_1|-|38|0.0002345|1|150500|150841|150841[150841]:150500[150500]:342[342]
206	101124+417	0	34372	1	1312453at2759|BDSP01000167_1|+|46|9.162e-07|1|101124|101540|101124[101124]:101540[101540]:417[417]
206	104734-800	0	34372	-1	1312453at2759|BDSP01000167_1|-|107|3.973e-25|2|103935|104734|104734[104734]:104198[104198]:537[537]|104096[104096]:103935[103935]:162[162]
207	47480-669	0	56027	-1	674169at2759|BDSP01000181_1|-|48|2.29e-07|1|46812|47480|47480[47480]:46812[46812]:669[669]
208	18504+1149	0	2907	1	325552at2759|BDSP01000141_1|+|101|2.543e-23|1|18504|19652|18504[18504]:19652[19652]:1149[1149]
208	163996-128778	0	11387	-1	1049599at2759|BDSP01000141_1|-|55|1.789e-09|2|35219|163996|163996[163996]:163208[163208]:789[789]|35260[35260]:35219[35219]:42[42]
208	186572+588	0	13489	1	388820at2759|BDSP01000141_1|+|38|0.0002345|1|186572|187159|186572[186572]:187159[187159]:588[588]
208	499984+273	0	21561	1	142542at2759|BDSP01000141_1|+|57|4.473e-10|1|499984|500256|499984[499984]:500256[500256]:273[273]
208	221654+1470	0	26713	1	270107at2759|BDSP01000141_1|+|162|1.103e-41|1|221654|223123|221654[221654]:223123[223123]:1470[1470]
208	82900+900	0	26811	1	325552at2759|BDSP01000141_1|+|82|1.333e-17|1|82900|83799|82900[82900]:83799[83799]:900[900]
208	328125-705	0	30057	-1	1014314at2759|BDSP01000141_1|-|40|5.863e-05|1|327421|328125|328125[328125]:327421[327421]:705[705]
208	357970+6385	0	34284	1	142542at2759|BDSP01000141_1|+|1207|0|3|357970|364354|357970[357970]:360360[360360]:2391[2391]|360414[360426]:361058[361058]:645[633]|361112[361121]:364354[364354]:3243[3234]
208	353524-594	0	34372	-1	1312453at2759|BDSP01000141_1|-|106|7.946e-25|1|352931|353524|353524[353524]:352931[352931]:594[594]
208	165505-291	0	36266	-1	1575179at2759|BDSP01000141_1|-|100|5.086e-23|1|165215|165505|165505[165505]:165215[165215]:291[291]
208	379205+747	0	42046	1	621827at2759|BDSP01000141_1|+|117|3.88e-28|1|379205|379951|379205[379205]:379951[379951]:747[747]
208	96856-90440	0	49798	-1	1014314at2759|BDSP01000141_1|-|71|2.73e-14|2|6417|96856|96856[96856]:96428[96428]:429[429]|6494[6491]:6417[6417]:78[75]
208	37609-516	0	52882	-1	1014314at2759|BDSP01000141_1|-|59|1.118e-10|1|37094|37609|37609[37609]:37094[37094]:516[516]
208	250926+384	0	56027	1	674169at2759|BDSP01000141_1|+|38|0.0002345|1|250926|251309|250926[250926]:251309[251309]:384[384]
210	88532-564	0	27644	-1	1014314at2759|BDSP01000247_1|-|38|0.0002345|1|87969|88532|88532[88532]:87969[87969]:564[564]
210	121520-435	0	45968	-1	290630at2759|BDSP01000247_1|-|66|8.737e-13|1|121086|121520|121520[121520]:121086[121086]:435[435]
211	28748-8926	0	11503	-1	160593at2759|BDSP01000267_1|-|5451|0|5|19823|28748|28748[28748]:28557[28557]:192[192]|28481[28469]:21762[21762]:6720[6708]|21570[21570]:21295[21295]:276[276]|21132[21117]:20854[20854]:279[264]|20794[20794]:19823[19823]:972[972]
211	20794-348	0	47068	-1	160593at2759|BDSP01000267_1|-|54|3.579e-09|1|20447|20794|20794[20794]:20447[20447]:348[348]
214	25504+890	0	28858	1	1312453at2759|BDSP01000290_1|+|103|6.357e-24|2|25504|26393|25504[25504]:25842[25842]:339[339]|25914[25926]:26393[26393]:480[468]
216	36268-252	0	42697	-1	1398309at2759|BDSP01000269_1|-|90|5.208e-20|1|36017|36268|36268[36268]:36017[36017]:252[252]
217	544183-576	0	1282	-1	271586at2759|BDSP01000153_1|-|40|5.863e-05|1|543608|544183|544183[544183]:543608[543608]:576[576]
217	40729+465	0	18461	1	271586at2759|BDSP01000153_1|+|36|0.0009382|1|40729|41193|40729[40729]:41193[41193]:465[465]
217	226704-112000	0	20799	-1	1014314at2759|BDSP01000153_1|-|65|1.747e-12|2|114705|226704|226704[226704]:226360[226360]:345[345]|114848[114848]:114705[114705]:144[144]
217	468900-624	0	26681	-1	674169at2759|BDSP01000153_1|-|59|1.118e-10|1|468277|468900|468900[468900]:468277[468277]:624[624]
217	46573+815	0	30286	1	1107630at2759|BDSP01000153_1|+|168|1.723e-43|2|46573|47387|46573[46573]:46761[46761]:189[189]|46977[46977]:47387[47387]:411[411]
217	278634+624	0	34372	1	1312453at2759|BDSP01000153_1|+|75|1.706e-15|1|278634|279257|278634[278634]:279257[279257]:624[624]
217	179891-852	0	43416	-1	1107630at2759|BDSP01000153_1|-|84|3.333e-18|1|179040|179891|179891[179891]:179040[179040]:852[852]
217	571916+1050	0	55920	1	1014314at2759|BDSP01000153_1|+|301|1.582e-83|1|571916|572965|571916[571916]:572965[572965]:1050[1050]
218	44894-540	0	9216	-1	1312453at2759|BDSP01000143_1|-|78|2.133e-16|1|44355|44894|44894[44894]:44355[44355]:540[540]
218	50360-2901	0	12372	-1	1442062at2759|BDSP01000143_1|-|479|4.13e-137|1|47460|50360|50360[50360]:47460[47460]:2901[2901]
218	70339-591	0	26681	-1	674169at2759|BDSP01000143_1|-|132|1.184e-32|1|69749|70339|70339[70339]:69749[69749]:591[591]
218	10288+84276	0	28006	1	1049599at2759|BDSP01000143_1|+|121|2.425e-29|2|10288|94563|10288[10288]:10998[10998]:711[711]|94429[94432]:94563[94563]:135[132]
218	35570+543	0	35463	1	621827at2759|BDSP01000143_1|+|66|8.737e-13|1|35570|36112|35570[35570]:36112[36112]:543[543]
218	89784-1353	0	47098	-1	290630at2759|BDSP01000143_1|-|194|2.568e-51|1|88432|89784|89784[89784]:88432[88432]:1353[1353]
218	112535-285	0	47779	-1	1129824at2759|BDSP01000143_1|-|38|0.0002345|1|112251|112535|112535[112535]:112251[112251]:285[285]
219	17500-3879	0	470	-1	1312453at2759|BDSP01000255_1|-|2599|0|1|13622|17500|17500[17500]:13622[13622]:3879[3879]
219	68539-720	0	26023	-1	1312453at2759|BDSP01000255_1|-|56|8.947e-10|1|67820|68539|68539[68539]:67820[67820]:720[720]
219	76827-612	0	26681	-1	674169at2759|BDSP01000255_1|-|162|1.103e-41|1|76216|76827|76827[76827]:76216[76216]:612[612]
219	126662-1926	0	57452	-1	464990at2759|BDSP01000255_1|-|1292|0|1|124737|126662|126662[126662]:124737[124737]:1926[1926]
220	58934-396	0	34372	-1	1312453at2759|BDSP01000281_1|-|55|1.789e-09|1|58539|58934|58934[58934]:58539[58539]:396[396]
223	3169+14194	0	7995	1	1014314at2759|BDSP01000030_1|+|90|5.208e-20|2|3169|17362|3169[3169]:3681[3681]:513[513]|17315[17327]:17362[17362]:48[36]
224	271265-498	0	24689	-1	911863at2759|BDSP01000080_1|-|52|1.432e-08|1|270768|271265|271265[271265]:270768[270768]:498[498]
224	224936+606	0	24973	1	621827at2759|BDSP01000080_1|+|38|0.0002345|1|224936|225541|224936[224936]:225541[225541]:606[606]
224	21459+426	0	47038	1	1312453at2759|BDSP01000080_1|+|44|3.665e-06|1|21459|21884|21459[21459]:21884[21884]:426[426]
225	3897+810	0	28858	1	1312453at2759|BDSP01000127_1|+|91|2.604e-20|1|3897|4706|3897[3897]:4706[4706]:810[810]
225	4953+618	0	34372	1	1312453at2759|BDSP01000127_1|+|117|3.88e-28|1|4953|5570|4953[4953]:5570[5570]:618[618]
225	6246+312	0	56244	1	1312453at2759|BDSP01000127_1|+|39|0.0001173|1|6246|6557|6246[6246]:6557[6557]:312[312]
226	155183-339	0	4477	-1	1049599at2759|BDSP01000162_1|-|59|1.118e-10|1|154845|155183|155183[155183]:154845[154845]:339[339]
226	217757+666	0	8623	1	621827at2759|BDSP01000162_1|+|47|4.581e-07|1|217757|218422|217757[217757]:218422[218422]:666[666]
226	94213+654	0	9216	1	1312453at2759|BDSP01000162_1|+|62|1.398e-11|1|94213|94866|94213[94213]:94866[94866]:654[654]
226	140904-468	0	14936	-1	142542at2759|BDSP01000162_1|-|68|2.184e-13|1|140437|140904|140904[140904]:140437[140437]:468[468]
226	156962-540	0	18075	-1	621827at2759|BDSP01000162_1|-|62|1.398e-11|1|156423|156962|156962[156962]:156423[156423]:540[540]
226	193570+963	0	28858	1	1312453at2759|BDSP01000162_1|+|78|2.133e-16|1|193570|194532|193570[193570]:194532[194532]:963[963]
226	69038-1797	0	29699	-1	271586at2759|BDSP01000162_1|-|89|1.042e-19|1|67242|69038|69038[69038]:67242[67242]:1797[1797]
226	136279+1686	0	29882	1	674169at2759|BDSP01000162_1|+|1123|0|1|136279|137964|136279[136279]:137964[137964]:1686[1686]
226	22046-399	0	34372	-1	1312453at2759|BDSP01000162_1|-|48|2.29e-07|1|21648|22046|22046[22046]:21648[21648]:399[399]
226	44179-273	0	52435	-1	142542at2759|BDSP01000162_1|-|45|1.832e-06|1|43907|44179|44179[44179]:43907[43907]:273[273]
227	93643-852	0	27067	-1	1364586at2759|BDSP01000186_1|-|74|3.413e-15|1|92792|93643|93643[93643]:92792[92792]:852[852]
227	30185+1641	0	37940	1	844748at2759|BDSP01000186_1|+|143|5.782e-36|1|30185|31825|30185[30185]:31825[31825]:1641[1641]
227	69395-2064	0	42748	-1	290630at2759|BDSP01000186_1|-|1428|0|1|67332|69395|69395[69395]:67332[67332]:2064[2064]
228	10337+351	0	23304	1	271586at2759|BDSP01000034_1|+|40|5.863e-05|1|10337|10687|10337[10337]:10687[10687]:351[351]
229	74899-414	0	9216	-1	1312453at2759|BDSP01000067_1|-|77|4.266e-16|1|74486|74899|74899[74899]:74486[74486]:414[414]
229	104384-369	0	9724	-1	1014314at2759|BDSP01000067_1|-|37|0.0004691|1|104016|104384|104384[104384]:104016[104016]:369[369]
229	41852+360	0	17807	1	1049599at2759|BDSP01000067_1|+|47|4.581e-07|1|41852|42211|41852[41852]:42211[42211]:360[360]
229	30331-621	0	26681	-1	674169at2759|BDSP01000067_1|-|209|7.836e-56|1|29711|30331|30331[30331]:29711[29711]:621[621]
229	11355+1245	0	47568	1	325552at2759|BDSP01000067_1|+|57|4.473e-10|1|11355|12599|11355[11355]:12599[12599]:1245[1245]
232	76415+1896	0	35395	1	383503at2759|BDSP01000168_1|+|1274|0|1|76415|78310|76415[76415]:78310[78310]:1896[1896]
232	69890+3471	0	37233	1	388820at2759|BDSP01000168_1|+|2311|0|1|69890|73360|69890[69890]:73360[73360]:3471[3471]
233	79192-516	0	9216	-1	1312453at2759|BDSP01000082_1|-|62|1.398e-11|1|78677|79192|79192[79192]:78677[78677]:516[516]
233	2914+549	0	30286	1	1107630at2759|BDSP01000082_1|+|145|1.445e-36|1|2914|3462|2914[2914]:3462[3462]:549[549]
234	17626+375	0	9216	1	1312453at2759|BDSP01000155_1|+|52|1.432e-08|1|17626|18000|17626[17626]:18000[18000]:375[375]
235	16166-651	0	34372	-1	1312453at2759|BDSP01000246_1|-|67|4.369e-13|1|15516|16166|16166[16166]:15516[15516]:651[651]
237	294966-3696	0	4264	-1	777920at2759|BDSP01000191_1|-|483|2.581e-138|1|291271|294966|294966[294966]:291271[291271]:3696[3696]
237	179245+855	0	15274	1	621827at2759|BDSP01000191_1|+|42|1.466e-05|1|179245|180099|179245[179245]:180099[180099]:855[855]
237	70116+558	0	34372	1	1312453at2759|BDSP01000191_1|+|107|3.973e-25|1|70116|70673|70116[70116]:70673[70673]:558[558]
237	100169+519	0	35442	1	1014314at2759|BDSP01000191_1|+|55|1.789e-09|1|100169|100687|100169[100169]:100687[100687]:519[519]
238	76421-633	0	34372	-1	1312453at2759|BDSP01000138_1|-|113|6.208e-27|1|75789|76421|76421[76421]:75789[75789]:633[633]
239	16879-288	0	19557	-1	1358374at2759|BDSP01000029_1|-|40|5.863e-05|1|16592|16879|16879[16879]:16592[16592]:288[288]
241	61682+1869	0	8418	1	331411at2759|BDSP01000187_1|+|215|1.224e-57|1|61682|63550|61682[61682]:63550[63550]:1869[1869]
241	6235-519	0	9216	-1	1312453at2759|BDSP01000187_1|-|41|2.932e-05|1|5717|6235|6235[6235]:5717[5717]:519[519]
241	69089+1158	0	11195	1	621827at2759|BDSP01000187_1|+|62|1.398e-11|1|69089|70246|69089[69089]:70246[70246]:1158[1158]
242	3309-450	0	6470	-1	271586at2759|BDSP01000190_1|-|46|9.162e-07|1|2860|3309|3309[3309]:2860[2860]:450[450]
242	42100+609	0	26681	1	674169at2759|BDSP01000190_1|+|136|7.401e-34|1|42100|42708|42100[42100]:42708[42708]:609[609]
242	76979+612	0	28029	1	1107630at2759|BDSP01000190_1|+|37|0.0004691|1|76979|77590|76979[76979]:77590[77590]:612[612]
243	52944+483	0	14936	1	142542at2759|BDSP01000257_1|+|36|0.0009382|1|52944|53426|52944[52944]:53426[53426]:483[483]
243	155110-1926	0	17016	-1	464990at2759|BDSP01000257_1|-|1293|0|1|153185|155110|155110[155110]:153185[153185]:1926[1926]
243	34049-4008	0	18854	-1	1312453at2759|BDSP01000257_1|-|2561|0|1|30042|34049|34049[34049]:30042[30042]:4008[4008]
243	91552-720	0	26023	-1	1312453at2759|BDSP01000257_1|-|47|4.581e-07|1|90833|91552|91552[91552]:90833[90833]:720[720]
243	100476-612	0	26681	-1	674169at2759|BDSP01000257_1|-|162|1.103e-41|1|99865|100476|100476[100476]:99865[99865]:612[612]
243	293267+507	0	34372	1	1312453at2759|BDSP01000257_1|+|42|1.466e-05|1|293267|293773|293267[293267]:293773[293773]:507[507]
243	33683-2229	0	36932	-1	1312453at2759|BDSP01000257_1|-|358|1.098e-100|1|31455|33683|33683[33683]:31455[31455]:2229[2229]
243	254101+681	0	44160	1	1014314at2759|BDSP01000257_1|+|41|2.932e-05|1|254101|254781|254101[254101]:254781[254781]:681[681]
243	218487+423	0	45968	1	290630at2759|BDSP01000257_1|+|64|3.495e-12|1|218487|218909|218487[218487]:218909[218909]:423[423]
244	404117-582	0	286	-1	1014314at2759|BDSP01000114_1|-|46|9.162e-07|1|403536|404117|404117[404117]:403536[403536]:582[582]
244	84253+521	0	9216	1	1312453at2759|BDSP01000114_1|+|91|2.604e-20|2|84253|84773|84253[84253]:84315[84315]:63[63]|84372[84381]:84773[84773]:402[393]
244	240186+85695	0	12894	1	1526152at2759|BDSP01000114_1|+|55|1.789e-09|2|240186|325880|240186[240186]:240242[240242]:57[57]|325701[325701]:325880[325880]:180[180]
244	114764+64022	0	23751	1	1049599at2759|BDSP01000114_1|+|60|5.592e-11|2|114764|178785|114764[114764]:115405[115405]:642[642]|178582[178582]:178785[178785]:204[204]
244	145622+1428	0	28243	1	142542at2759|BDSP01000114_1|+|86|8.333e-19|1|145622|147049|145622[145622]:147049[147049]:1428[1428]
244	435915+846	0	28858	1	1312453at2759|BDSP01000114_1|+|93|6.51e-21|1|435915|436760|435915[435915]:436760[436760]:846[846]
244	329855-516	0	34372	-1	1312453at2759|BDSP01000114_1|-|119|9.7e-29|1|329340|329855|329855[329855]:329340[329340]:516[516]
244	292537-900	0	39861	-1	457861at2759|BDSP01000114_1|-|36|0.0009382|1|291638|292537|292537[292537]:291638[291638]:900[900]
244	195814-942	0	43416	-1	1107630at2759|BDSP01000114_1|-|143|5.782e-36|1|194873|195814|195814[195814]:194873[194873]:942[942]
244	144821+2160	0	44987	1	142542at2759|BDSP01000114_1|+|97|4.069e-22|1|144821|146980|144821[144821]:146980[146980]:2160[2160]
244	34088-291	0	47038	-1	1312453at2759|BDSP01000114_1|-|36|0.0009382|1|33798|34088|34088[34088]:33798[33798]:291[291]
244	153272-879	0	54379	-1	261328at2759|BDSP01000114_1|-|116|7.76e-28|1|152394|153272|153272[153272]:152394[152394]:879[879]
245	67271-495	0	9216	-1	1312453at2759|BDSP01000233_1|-|92|1.302e-20|1|66777|67271|67271[67271]:66777[66777]:495[495]
246	54920-408	0	2309	-1	1645187at2759|BDSP01000292_1|-|252|8.908e-69|1|54513|54920|54920[54920]:54513[54513]:408[408]
246	7291-543	0	6867	-1	1014314at2759|BDSP01000292_1|-|67|4.369e-13|1|6749|7291|7291[7291]:6749[6749]:543[543]
247	77115-492	0	37385	-1	457861at2759|BDSP01000010_1|-|36|0.0009382|1|76624|77115|77115[77115]:76624[76624]:492[492]
250	6251-375	0	9216	-1	1312453at2759|BDSP01000211_1|-|79|1.067e-16|1|5877|6251|6251[6251]:5877[5877]:375[375]
250	22254+705	0	24842	1	674169at2759|BDSP01000211_1|+|45|1.832e-06|1|22254|22958|22254[22254]:22958[22958]:705[705]
250	16083+567	0	26681	1	674169at2759|BDSP01000211_1|+|155|1.412e-39|1|16083|16649|16083[16083]:16649[16649]:567[567]
250	155512-648	0	26681	-1	674169at2759|BDSP01000211_1|-|109|9.933e-26|1|154865|155512|155512[155512]:154865[154865]:648[648]
251	95338-657	0	26681	-1	674169at2759|BDSP01000144_1|-|149|9.034e-38|1|94682|95338|95338[95338]:94682[94682]:657[657]
251	72040+186	0	42697	1	1398309at2759|BDSP01000144_1|+|52|1.432e-08|1|72040|72225|72040[72040]:72225[72225]:186[186]
252	96515+112771	0	12792	1	1014314at2759|BDSP01000052_1|+|75|1.706e-15|2|96515|209285|96515[96515]:96580[96580]:66[66]|208698[208698]:209285[209285]:588[588]
252	234909-57174	0	18264	-1	1312453at2759|BDSP01000052_1|-|44|3.665e-06|2|177736|234909|234909[234909]:234730[234730]:180[180]|177789[177783]:177736[177736]:54[48]
252	35132-408	0	20692	-1	1645187at2759|BDSP01000052_1|-|248|1.425e-67|1|34725|35132|35132[35132]:34725[34725]:408[408]
252	177936+558	0	34372	1	1312453at2759|BDSP01000052_1|+|107|3.973e-25|1|177936|178493|177936[177936]:178493[178493]:558[558]
252	203427-381	0	45184	-1	1526152at2759|BDSP01000052_1|-|39|0.0001173|1|203047|203427|203427[203427]:203047[203047]:381[381]
253	146060-106686	0	49942	-1	1526152at2759|BDSP01000120_1|-|45|1.832e-06|2|39375|146060|146060[146060]:145902[145902]:159[159]|39500[39500]:39375[39375]:126[126]
254	5806-822	0	10116	-1	1014314at2759|BDSP01000256_1|-|219|7.652e-59|1|4985|5806|5806[5806]:4985[4985]:822[822]
254	66176+1306	0	50469	1	1428265at2759|BDSP01000256_1|+|212|9.795e-57|2|66176|67481|66176[66176]:66760[66760]:585[585]|66882[66882]:67481[67481]:600[600]
255	55215-465	0	22083	-1	331411at2759|BDSP01000014_1|-|55|1.789e-09|1|54751|55215|55215[55215]:54751[54751]:465[465]
256	66673-912	0	18750	-1	621827at2759|BDSP01000178_1|-|36|0.0009382|1|65762|66673|66673[66673]:65762[65762]:912[912]
256	43439-954	0	47027	-1	261328at2759|BDSP01000178_1|-|74|3.413e-15|1|42486|43439|43439[43439]:42486[42486]:954[954]
259	273783-411	0	24848	-1	911863at2759|BDSP01000213_1|-|45|1.832e-06|1|273373|273783|273783[273783]:273373[273373]:411[411]
259	166029+558	0	26681	1	674169at2759|BDSP01000213_1|+|142|1.156e-35|1|166029|166586|166029[166029]:166586[166586]:558[558]
260	370473+987	0	16886	1	1014314at2759|BDSP01000203_1|+|91|2.604e-20|1|370473|371459|370473[370473]:371459[371459]:987[987]
260	523623+783	0	21137	1	996662at2759|BDSP01000203_1|+|37|0.0004691|1|523623|524405|523623[523623]:524405[524405]:783[783]
260	274463+417	0	26681	1	674169at2759|BDSP01000203_1|+|80|5.333e-17|1|274463|274879|274463[274463]:274879[274879]:417[417]
260	168802-990	0	27067	-1	1364586at2759|BDSP01000203_1|-|101|2.543e-23|1|167813|168802|168802[168802]:167813[167813]:990[990]
260	15683+834	0	28858	1	1312453at2759|BDSP01000203_1|+|77|4.266e-16|1|15683|16516|15683[15683]:16516[16516]:834[834]
260	345681+627	0	34372	1	1312453at2759|BDSP01000203_1|+|52|1.432e-08|1|345681|346307|345681[345681]:346307[346307]:627[627]
260	457275+642	0	43751	1	1442062at2759|BDSP01000203_1|+|36|0.0009382|1|457275|457916|457275[457275]:457916[457916]:642[642]
260	137582+1077	0	48233	1	1251252at2759|BDSP01000203_1|+|109|9.933e-26|1|137582|138658|137582[137582]:138658[138658]:1077[1077]
260	407290-612	0	56027	-1	674169at2759|BDSP01000203_1|-|47|4.581e-07|1|406679|407290|407290[407290]:406679[406679]:612[612]
261	157098-501	0	2383	-1	1014314at2759|BDSP01000122_1|-|37|0.0004691|1|156598|157098|157098[157098]:156598[156598]:501[501]
261	33123+3885	0	4264	1	777920at2759|BDSP01000122_1|+|458|8.662e-131|1|33123|37007|33123[33123]:37007[37007]:3885[3885]
261	147043-2958	0	12372	-1	1442062at2759|BDSP01000122_1|-|485|6.454e-139|1|144086|147043|147043[147043]:144086[144086]:2958[2958]
262	189294+261	0	14881	1	621827at2759|BDSP01000219_1|+|76|8.532e-16|1|189294|189554|189294[189294]:189554[189554]:261[261]
262	179935-217	0	14881	-1	621827at2759|BDSP01000219_1|-|59|1.118e-10|2|179719|179935|179935[179935]:179864[179864]:72[72]|179820[179820]:179719[179719]:102[102]
262	9448-762	0	20566	-1	1593937at2759|BDSP01000219_1|-|70|5.461e-14|1|8687|9448|9448[9448]:8687[8687]:762[762]
262	123848-744	0	24842	-1	674169at2759|BDSP01000219_1|-|77|4.266e-16|1|123105|123848|123848[123848]:123105[123105]:744[744]
262	5177+612	0	26681	1	674169at2759|BDSP01000219_1|+|164|2.757e-42|1|5177|5788|5177[5177]:5788[5788]:612[612]
262	123016-564	0	26681	-1	674169at2759|BDSP01000219_1|-|188|1.643e-49|1|122453|123016|123016[123016]:122453[122453]:564[564]
262	112821-861	0	31720	-1	1364586at2759|BDSP01000219_1|-|545|5.598e-157|1|111961|112821|112821[112821]:111961[111961]:861[861]
263	46197-786	0	5219	-1	1014314at2759|BDSP01000118_1|-|49|1.145e-07|1|45412|46197|46197[46197]:45412[45412]:786[786]
263	221131-10016	0	37561	-1	325552at2759|BDSP01000118_1|-|40|5.863e-05|2|211116|221131|221131[221131]:221078[221078]:54[54]|212282[212282]:211116[211116]:1167[1167]
263	138890+570	0	56027	1	674169at2759|BDSP01000118_1|+|44|3.665e-06|1|138890|139459|138890[138890]:139459[139459]:570[570]
264	10071-582	0	5591	-1	1398309at2759|BDSP01000083_1|-|75|1.706e-15|1|9490|10071|10071[10071]:9490[9490]:582[582]
265	89094+1869	0	8418	1	331411at2759|BDSP01000136_1|+|217|3.061e-58|1|89094|90962|89094[89094]:90962[90962]:1869[1869]
265	408844+375	0	9216	1	1312453at2759|BDSP01000136_1|+|79|1.067e-16|1|408844|409218|408844[408844]:409218[409218]:375[375]
265	101033+1158	0	11195	1	621827at2759|BDSP01000136_1|+|63|6.99e-12|1|101033|102190|101033[101033]:102190[102190]:1158[1158]
265	559701-2790	0	12372	-1	1442062at2759|BDSP01000136_1|-|575|5.213e-166|1|556912|559701|559701[559701]:556912[556912]:2790[2790]
265	267066+648	0	26681	1	674169at2759|BDSP01000136_1|+|104|3.179e-24|1|267066|267713|267066[267066]:267713[267713]:648[648]
265	398993-576	0	26681	-1	674169at2759|BDSP01000136_1|-|159|8.822e-41|1|398418|398993|398993[398993]:398418[398418]:576[576]
265	507686-144	0	51339	-1	142542at2759|BDSP01000136_1|-|45|1.832e-06|1|507543|507686|507686[507686]:507543[507543]:144[144]
265	201650+62400	0	57864	1	1014314at2759|BDSP01000136_1|+|100|5.086e-23|3|201650|264049|201650[201650]:202336[202336]:687[687]|227177[227177]:227257[227257]:81[81]|263984[263984]:264049[264049]:66[66]
268	40527-19451	0	12107	-1	325552at2759|BDSP01000235_1|-|58|2.237e-10|2|21077|40527|40527[40527]:40471[40471]:57[57]|21997[21988]:21077[21077]:921[912]
268	169637+447	0	34372	1	1312453at2759|BDSP01000235_1|+|71|2.73e-14|1|169637|170083|169637[169637]:170083[170083]:447[447]
269	28463+459	0	47038	1	1312453at2759|BDSP01000276_1|+|64|3.495e-12|1|28463|28921|28463[28463]:28921[28921]:459[459]
271	4586+103963	0	15335	1	1526152at2759|BDSP01000013_1|+|49|1.145e-07|2|4586|108548|4586[4586]:4855[4855]:270[270]|108495[108495]:108548[108548]:54[54]
271	395923+606	0	24973	1	621827at2759|BDSP01000013_1|+|38|0.0002345|1|395923|396528|395923[395923]:396528[396528]:606[606]
271	155391+549	0	30286	1	1107630at2759|BDSP01000013_1|+|145|1.445e-36|1|155391|155939|155391[155391]:155939[155939]:549[549]
271	440850-567	0	31174	-1	911863at2759|BDSP01000013_1|-|52|1.432e-08|1|440284|440850|440850[440850]:440284[440284]:567[567]
271	195376+432	0	47038	1	1312453at2759|BDSP01000013_1|+|49|1.145e-07|1|195376|195807|195376[195376]:195807[195807]:432[432]
273	23264+858	0	6806	1	621827at2759|BDSP01000180_1|+|48|2.29e-07|1|23264|24121|23264[23264]:24121[24121]:858[858]
274	342781-987	0	134	-1	325552at2759|BDSP01000207_1|-|38|0.0002345|1|341795|342781|342781[342781]:341795[341795]:987[987]
274	327968+849	0	1526	1	1049599at2759|BDSP01000207_1|+|68|2.184e-13|1|327968|328816|327968[327968]:328816[328816]:849[849]
274	290328-1233	0	1731	-1	160593at2759|BDSP01000207_1|-|40|5.863e-05|1|289096|290328|290328[290328]:289096[289096]:1233[1233]
274	653282+792	0	2006	1	1049599at2759|BDSP01000207_1|+|61|2.796e-11|1|653282|654073|653282[653282]:654073[654073]:792[792]
274	749086+1893	0	13341	1	383503at2759|BDSP01000207_1|+|1267|0|1|749086|750978|749086[749086]:750978[750978]:1893[1893]
274	224181-426	0	24848	-1	911863at2759|BDSP01000207_1|-|39|0.0001173|1|223756|224181|224181[224181]:223756[223756]:426[426]
274	119781+558	0	26681	1	674169at2759|BDSP01000207_1|+|142|1.156e-35|1|119781|120338|119781[119781]:120338[120338]:558[558]
274	512413-447	0	34372	-1	1312453at2759|BDSP01000207_1|-|76|8.532e-16|1|511967|512413|512413[512413]:511967[511967]:447[447]
274	742558+3465	0	37233	1	388820at2759|BDSP01000207_1|+|2173|0|1|742558|746022|742558[742558]:746022[746022]:3465[3465]
274	243824+282	0	40231	1	1014314at2759|BDSP01000207_1|+|72|1.365e-14|1|243824|244105|243824[243824]:244105[244105]:282[282]
277	807609+885	0	35	1	1049599at2759|BDSP01000111_1|+|135|1.48e-33|1|807609|808493|807609[807609]:808493[808493]:885[885]
277	195368-231	0	2012	-1	911863at2759|BDSP01000111_1|-|39|0.0001173|1|195138|195368|195368[195368]:195138[195138]:231[231]
277	612427-783	0	8383	-1	160593at2759|BDSP01000111_1|-|152|1.129e-38|1|611645|612427|612427[612427]:611645[611645]:783[783]
277	54090+46565	0	9216	1	1312453at2759|BDSP01000111_1|+|62|1.398e-11|2|54090|100654|54090[54090]:54122[54122]:33[33]|100187[100187]:100654[100654]:468[468]
277	74069-494	0	9216	-1	1312453at2759|BDSP01000111_1|-|70|5.461e-14|2|73576|74069|74069[74069]:74025[74025]:45[45]|73956[73956]:73576[73576]:381[381]
277	766171+267	0	14881	1	621827at2759|BDSP01000111_1|+|118|1.94e-28|1|766171|766437|766171[766171]:766437[766437]:267[267]
277	491172-728	0	16834	-1	261419at2759|BDSP01000111_1|-|215|1.224e-57|3|490445|491172|491172[491172]:491065[491065]:108[108]|490987[490987]:490823[490823]:165[165]|490759[490756]:490445[490445]:315[312]
277	570828-4825	0	18855	-1	142542at2759|BDSP01000111_1|-|2991|0|3|566004|570828|570828[570828]:568819[568819]:2010[2010]|568759[568756]:568619[568619]:141[138]|568547[568547]:566004[566004]:2544[2544]
277	467159-334	0	21561	-1	142542at2759|BDSP01000111_1|-|162|1.103e-41|2|466826|467159|467159[467159]:466974[466974]:186[186]|466903[466900]:466826[466826]:78[75]
277	302663+597	0	26681	1	674169at2759|BDSP01000111_1|+|164|2.757e-42|1|302663|303259|302663[302663]:303259[303259]:597[597]
277	230057-670	0	30627	-1	261419at2759|BDSP01000111_1|-|149|9.034e-38|2|229388|230057|230057[230057]:229764[229764]:294[294]|229696[229696]:229388[229388]:309[309]
277	674731-291	0	36929	-1	142542at2759|BDSP01000111_1|-|44|3.665e-06|1|674441|674731|674731[674731]:674441[674441]:291[291]
277	548999-624	0	38570	-1	1284731at2759|BDSP01000111_1|-|51|2.863e-08|1|548376|548999|548999[548999]:548376[548376]:624[624]
277	130024+1485	0	39071	1	1440961at2759|BDSP01000111_1|+|968|2.584e-284|1|130024|131508|130024[130024]:131508[131508]:1485[1485]
277	461793-279	0	40606	-1	142542at2759|BDSP01000111_1|-|45|1.832e-06|1|461515|461793|461793[461793]:461515[461515]:279[279]
277	513785+651	0	43060	1	290630at2759|BDSP01000111_1|+|42|1.466e-05|1|513785|514435|513785[513785]:514435[514435]:651[651]
277	259137-219	0	44047	-1	1284731at2759|BDSP01000111_1|-|48|2.29e-07|1|258919|259137|259137[259137]:258919[258919]:219[219]
277	873148-297	0	47038	-1	1312453at2759|BDSP01000111_1|-|39|0.0001173|1|872852|873148|873148[873148]:872852[872852]:297[297]
278	108036+225	0	21561	1	142542at2759|BDSP01000259_1|+|64|3.495e-12|1|108036|108260|108036[108036]:108260[108260]:225[225]
278	73511-594	0	26681	-1	674169at2759|BDSP01000259_1|-|142|1.156e-35|1|72918|73511|73511[73511]:72918[72918]:594[594]
278	774793-21124	0	27211	-1	1575179at2759|BDSP01000259_1|-|43|7.329e-06|2|753670|774793|774793[774793]:774623[774623]:171[171]|753711[753711]:753670[753670]:42[42]
278	815169+669	0	46756	1	1014314at2759|BDSP01000259_1|+|47|4.581e-07|1|815169|815837|815169[815169]:815837[815837]:669[669]
278	125435-55509	0	48717	-1	325552at2759|BDSP01000259_1|-|49|1.145e-07|2|69927|125435|125435[125435]:124590[124590]:846[846]|70055[70055]:69927[69927]:129[129]
278	647346+186	0	51339	1	142542at2759|BDSP01000259_1|+|48|2.29e-07|1|647346|647531|647346[647346]:647531[647531]:186[186]
278	695457-945	0	55613	-1	1107630at2759|BDSP01000259_1|-|632|3.617e-183|1|694513|695457|695457[695457]:694513[694513]:945[945]
278	752540+627	0	56027	1	674169at2759|BDSP01000259_1|+|47|4.581e-07|1|752540|753166|752540[752540]:753166[753166]:627[627]
278	2415+204	0	56204	1	1377237at2759|BDSP01000259_1|+|40|5.863e-05|1|2415|2618|2415[2415]:2618[2618]:204[204]
279	26855+660	0	23075	1	1014314at2759|BDSP01000238_1|+|66|8.737e-13|1|26855|27514|26855[26855]:27514[27514]:660[660]
279	46053+351	0	23304	1	271586at2759|BDSP01000238_1|+|42|1.466e-05|1|46053|46403|46053[46053]:46403[46403]:351[351]
280	30944+609	0	26681	1	674169at2759|BDSP01000140_1|+|138|1.85e-34|1|30944|31552|30944[30944]:31552[31552]:609[609]
280	65847+612	0	28029	1	1107630at2759|BDSP01000140_1|+|39|0.0001173|1|65847|66458|65847[65847]:66458[66458]:612[612]
282	8022+456	0	34372	1	1312453at2759|BDSP01000195_1|+|74|3.413e-15|1|8022|8477|8022[8022]:8477[8477]:456[456]
283	64710+330	0	6841	1	1129824at2759|BDSP01000020_1|+|47|4.581e-07|1|64710|65039|64710[64710]:65039[65039]:330[330]
283	48687-429	0	46534	-1	1014314at2759|BDSP01000020_1|-|42|1.466e-05|1|48259|48687|48687[48687]:48259[48259]:429[429]
283	50157-351	0	50182	-1	1014314at2759|BDSP01000020_1|-|44|3.665e-06|1|49807|50157|50157[50157]:49807[49807]:351[351]
283	46759-315	0	57950	-1	142542at2759|BDSP01000020_1|-|40|5.863e-05|1|46445|46759|46759[46759]:46445[46445]:315[315]
286	77036-522	0	9216	-1	1312453at2759|BDSP01000117_1|-|74|3.413e-15|1|76515|77036|77036[77036]:76515[76515]:522[522]
286	329023-507	0	14936	-1	142542at2759|BDSP01000117_1|-|42|1.466e-05|1|328517|329023|329023[329023]:328517[328517]:507[507]
286	283741-213	0	17555	-1	1200489at2759|BDSP01000117_1|-|38|0.0002345|1|283529|283741|283741[283741]:283529[283529]:213[213]
286	131208-396	0	26681	-1	674169at2759|BDSP01000117_1|-|84|3.333e-18|1|130813|131208|131208[131208]:130813[130813]:396[396]
286	24182-771	0	28858	-1	1312453at2759|BDSP01000117_1|-|39|0.0001173|1|23412|24182|24182[24182]:23412[23412]:771[771]
288	167052-615	0	2383	-1	1014314at2759|BDSP01000124_1|-|41|2.932e-05|1|166438|167052|167052[167052]:166438[166438]:615[615]
288	102774+582	0	5591	1	1398309at2759|BDSP01000124_1|+|75|1.706e-15|1|102774|103355|102774[102774]:103355[103355]:582[582]
288	299305+80169	0	28356	1	331411at2759|BDSP01000124_1|+|94|3.255e-21|2|299305|379473|299305[299305]:300666[300666]:1362[1362]|379435[379435]:379473[379473]:39[39]
288	74836-1038	0	29348	-1	1049599at2759|BDSP01000124_1|-|36|0.0009382|1|73799|74836|74836[74836]:73799[73799]:1038[1038]
289	372238-89636	0	8840	-1	722805at2759|BDSP01000087_1|-|46|9.162e-07|2|282603|372238|372238[372238]:372053[372053]:186[186]|282662[282647]:282603[282603]:60[45]
289	653129+342	0	12650	1	142542at2759|BDSP01000087_1|+|36|0.0009382|1|653129|653470|653129[653129]:653470[653470]:342[342]
289	21954-528	0	12748	-1	996662at2759|BDSP01000087_1|-|42|1.466e-05|1|21427|21954|21954[21954]:21427[21427]:528[528]
289	178128-282	0	23080	-1	290630at2759|BDSP01000087_1|-|50|5.726e-08|1|177847|178128|178128[178128]:177847[177847]:282[282]
289	276242-417	0	26681	-1	674169at2759|BDSP01000087_1|-|84|3.333e-18|1|275826|276242|276242[276242]:275826[275826]:417[417]
289	248180+921	0	27067	1	1364586at2759|BDSP01000087_1|+|68|2.184e-13|1|248180|249100|248180[248180]:249100[249100]:921[921]
289	555258-912	0	28858	-1	1312453at2759|BDSP01000087_1|-|76|8.532e-16|1|554347|555258|555258[555258]:554347[554347]:912[912]
289	18638+483	0	34372	1	1312453at2759|BDSP01000087_1|+|43|7.329e-06|1|18638|19120|18638[18638]:19120[19120]:483[483]
289	599333+459	0	47038	1	1312453at2759|BDSP01000087_1|+|69|1.092e-13|1|599333|599791|599333[599333]:599791[599791]:459[459]
289	426477-1077	0	48233	-1	1251252at2759|BDSP01000087_1|-|107|3.973e-25|1|425401|426477|426477[426477]:425401[425401]:1077[1077]
289	177780-579	0	55434	-1	290630at2759|BDSP01000087_1|-|60|5.592e-11|1|177202|177780|177780[177780]:177202[177202]:579[579]
290	12946+582	0	12740	1	1014314at2759|BDSP01000214_1|+|90|5.208e-20|1|12946|13527|12946[12946]:13527[13527]:582[582]
290	27403+765	0	19264	1	621827at2759|BDSP01000214_1|+|230|3.736e-62|1|27403|28167|27403[27403]:28167[28167]:765[765]
290	70372+633	0	26681	1	674169at2759|BDSP01000214_1|+|158|1.764e-40|1|70372|71004|70372[70372]:71004[71004]:633[633]
291	48292-915	0	31064	-1	290630at2759|BDSP01000279_1|-|222|9.565e-60|1|47378|48292|48292[48292]:47378[47378]:915[915]
291	53859+747	0	39365	1	1049599at2759|BDSP01000279_1|+|82|1.333e-17|1|53859|54605|53859[53859]:54605[54605]:747[747]
