QueryId	SubjectId	Identity...	Length	Mismatches	Gap_opens	Q_Start	Q_End	S_Start	S_End	Evalue	BitScore	Genome	Strand	Gene	G_Start	G_End	G_Strand	S_Center
thiF	AGNL01002445_1	37.066	259	139	7	8	243	3828	3055	4.21e-37	139	Thalassiosira_oceanica_ThaOc_1.0	-	gene-THAOC_02042	2872	4440	-	3441.5
thiD	AGNL01002796_1	35.938	256	111	9	20	230	844	1587	1.67e-28	115	Thalassiosira_oceanica_ThaOc_1.0	+	gene-THAOC_02597	606	2676	+	1215.5
thiDN	AGNL01002796_1	37.647	170	94	4	19	177	844	1350	1.09e-23	105	Thalassiosira_oceanica_ThaOc_1.0	+	gene-THAOC_02597	606	2676	+	1097
THI20	AGNL01002796_1	30.04	253	138	7	40	256	844	1593	4.23e-19	93.2	Thalassiosira_oceanica_ThaOc_1.0	+	gene-THAOC_02597	606	2676	+	1218.5
thiDE	AGNL01002796_1	32.353	272	134	8	349	572	901	1710	2.71e-24	109	Thalassiosira_oceanica_ThaOc_1.0	+	gene-THAOC_02597	606	2676	+	1305.5
thiE	AGNL01002796_1	44.505	182	90	7	15	186	2009	2551	2.22e-32	124	Thalassiosira_oceanica_ThaOc_1.0	+	gene-THAOC_02597	606	2676	+	2280
iscS	AGNL01012891_1	76.364	385	87	1	20	400	3143	4297	0	594	Thalassiosira_oceanica_ThaOc_1.0	+	gene-THAOC_11333	2779	4303	+	3720
dxs	AGNL01013489_1	72.361	720	147	4	53	721	582	2738	0	1077	Thalassiosira_oceanica_ThaOc_1.0	+	gene-THAOC_11764	423	2786	+	1660
tenI	AGNL01014661_1	25	176	88	7	58	191	2522	3043	0.001	40.4	Thalassiosira_oceanica_ThaOc_1.0	+	AGNL01014661_1:2522-3043				2782.5
thiO	AGNL01018349_1	30.345	290	177	10	92	363	6875	6027	1.18e-25	110	Thalassiosira_oceanica_ThaOc_1.0	-	gene-THAOC_16086	4549	7605	-	6451
adk	AGNL01018672_1	78.431	204	44	0	105	308	2198	1587	2.76e-103	332	Thalassiosira_oceanica_ThaOc_1.0	-	gene-THAOC_16668	1575	2898	-	1892.5
THI5	AGNL01021096_1	33.628	113	74	1	6	118	342	7	9.95e-11	62.4	Thalassiosira_oceanica_ThaOc_1.0	-	AGNL01021096_1:342-7				174.5
TH2	AGNL01022901_1	34.146	369	182	8	73	432	6052	5102	8.53e-44	165	Thalassiosira_oceanica_ThaOc_1.0	-	gene-THAOC_20337	5090	6070	-	5577
tenA	AGNL01034836_1	28.049	164	105	6	52	207	5604	5128	2.04e-5	46.6	Thalassiosira_oceanica_ThaOc_1.0	-	gene-THAOC_25271	4893	5676	-	5366
thiG	AGNL01043102_1	49.609	256	121	3	2	249	53818	53051	3.2e-71	238	Thalassiosira_oceanica_ThaOc_1.0	-	AGNL01043102_1:53818-53051				53434.5
thiC	AGNL01045876_1	91.026	234	21	0	345	578	3159	2458	0	427	Thalassiosira_oceanica_ThaOc_1.0	-	gene-THAOC_32799	2270	5002	-	2808.5
THTPA	AGNL01046994_1	28.674	279	146	11	42	275	841	1653	2.43e-18	86.3	Thalassiosira_oceanica_ThaOc_1.0	+	gene-THAOC_33892	442	3511	+	1247
TPK1	AGNL01049998_1	33.333	117	50	3	13	129	2203	1937	2.35e-17	55.8	Thalassiosira_oceanica_ThaOc_1.0	-	gene-THAOC_37245	1387	3310	-	2070
THTPA	BDSP01000016_1	36.154	260	134	6	36	275	681562	682305	6.12e-40	148	Fistulifera_solaris_Fsol_1.0	+	gene-FisN_3Lh610	680337	682621	+	681933.5
TPK1	BDSP01000061_1	28.92	287	125	11	6	266	20134	20835	3.24e-20	90.5	Fistulifera_solaris_Fsol_1.0	+	gene-FisN_17Hh021	19827	21755	-	20484.5
THI5	BDSP01000094_1	23.938	259	174	7	5	254	30038	29304	2.08e-10	62.8	Fistulifera_solaris_Fsol_1.0	-	gene-FisN_6Hh163	26808	32155	-	29671
thiF	BDSP01000111_1	44.262	244	126	6	8	244	478385	477663	1.21e-42	155	Fistulifera_solaris_Fsol_1.0	-	gene-FisN_5Hh351	475630	478659	+	478024
thiDN	BDSP01000132_1	27.193	114	75	4	68	175	318620	318285	2.17e-5	47.8	Fistulifera_solaris_Fsol_1.0	-	gene-FisN_26Hh136	317566	319179	-	318452.5
ylmB	BDSP01000186_1	28.846	104	69	1	83	181	87029	86718	1.15e-5	48.5	Fistulifera_solaris_Fsol_1.0	-	gene-FisN_17Lh163	85417	87705	-	86873.5
dxs	BDSP01000223_1	78.331	743	130	7	3	730	420962	423142	0	1178	Fistulifera_solaris_Fsol_1.0	+	gene-FisN_5Lh466	420555	423279	+	422052
adk	BDSP01000234_1	75	136	34	0	171	306	121855	121448	5.06e-56	196	Fistulifera_solaris_Fsol_1.0	-	gene-FisN_6Hh065	121391	122475	-	121651.5
iscS	BDSP01000278_1	82.878	403	64	3	2	399	128392	129600	0	667	Fistulifera_solaris_Fsol_1.0	+	gene-FisN_33Hh020	128086	129750	+	128996
iscS	BLYE01000001_1	86.352	381	52	0	20	400	198907	197765	0	660	Nitzschia_putrida_Nputr_1.0	-	BLYE01000001_1:198907-197765				198336
thiF	BLYE01000001_1	39.306	173	100	3	42	211	281249	280737	4.02e-27	110	Nitzschia_putrida_Nputr_1.0	-	BLYE01000001_1:281249-280737				280993
THTPA	BLYE01000001_1	35.95	242	139	10	40	277	568770	569459	1.5e-29	118	Nitzschia_putrida_Nputr_1.0	+	BLYE01000001_1:568770-569459				569114.5
rsgA	BLYE01000001_1	32.143	112	59	7	117	212	599064	598732	0.001	40.8	Nitzschia_putrida_Nputr_1.0	-	BLYE01000001_1:599064-598732				598898
adk	BLYE01000009_1	72.993	137	37	0	171	307	73425	73015	9.41e-85	216	Nitzschia_putrida_Nputr_1.0	-	BLYE01000009_1:73425-73015				73220
thiDN	BLYE01000012_1	32.353	102	62	3	77	173	319586	319885	7.27e-10	62	Nitzschia_putrida_Nputr_1.0	+	BLYE01000012_1:319586-319885				319735.5
TPK1	BLYE01000024_1	31.119	286	126	11	3	266	376596	375886	1.68e-26	108	Nitzschia_putrida_Nputr_1.0	-	BLYE01000024_1:376596-375886				376241
dxs	BLYE01000093_1	30.709	127	81	5	422	544	37765	38136	6.98e-5	47	Nitzschia_putrida_Nputr_1.0	+	BLYE01000093_1:37765-38136				37950.5
thiO	BLYE01000112_1	28.061	196	108	7	195	363	39171	38602	1.18e-6	51.2	Nitzschia_putrida_Nputr_1.0	-	BLYE01000112_1:39171-38602				38886.5
ylmB	BLYE01000157_1	33.735	83	55	0	83	165	133952	133704	5.02e-6	49.7	Nitzschia_putrida_Nputr_1.0	-	BLYE01000157_1:133952-133704				133828
iscS	CAACVS010000060_1	78.972	428	62	1	1	400	115099	116382	0	676	Pseudo-nitzschia_multistriata_ASM90066040v1	+	gene-PSNMU_V1.4_AUG-EV-PASAV3_0021880	114636	116870	+	115740.5
thiC	CAACVS010000170_1	82.382	613	97	5	11	617	17613	15790	0	1019	Pseudo-nitzschia_multistriata_ASM90066040v1	-	gene-PSNMU_V1.4_AUG-EV-PASAV3_0053000	15536	17705	-	16701.5
TPK1	CAACVS010000214_1	28.472	288	134	11	3	266	191073	190354	3.84e-20	90.5	Pseudo-nitzschia_multistriata_ASM90066040v1	-	gene-PSNMU_V1.4_AUG-EV-PASAV3_0061590	190257	191365	-	190713.5
tenI	CAACVS010000225_1	30.275	109	72	3	89	193	226382	226056	4.18e-6	47.4	Pseudo-nitzschia_multistriata_ASM90066040v1	-	gene-PSNMU_V1.4_AUG-EV-PASAV3_0064460	226017	227765	-	226219
thiE	CAACVS010000225_1	38.071	197	108	6	9	194	226664	226083	1.81e-27	109	Pseudo-nitzschia_multistriata_ASM90066040v1	-	gene-PSNMU_V1.4_AUG-EV-PASAV3_0064460	226017	227765	-	226373.5
thiDE	CAACVS010000225_1	33.725	255	115	6	337	539	227732	226974	1.53e-26	116	Pseudo-nitzschia_multistriata_ASM90066040v1	-	gene-PSNMU_V1.4_AUG-EV-PASAV3_0064460	226017	227765	-	227353
thiD	CAACVS010000225_1	30.625	320	147	10	19	266	227747	226797	1.74e-28	114	Pseudo-nitzschia_multistriata_ASM90066040v1	-	gene-PSNMU_V1.4_AUG-EV-PASAV3_0064460	226017	227765	-	227272
thiDN	CAACVS010000225_1	38.122	181	104	2	4	177	227789	227250	1.31e-24	108	Pseudo-nitzschia_multistriata_ASM90066040v1	-	gene-PSNMU_V1.4_AUG-EV-PASAV3_0064460	226017	227765	-	227519.5
THI20	CAACVS010000225_1	33.453	278	137	5	24	256	227792	226968	1.78e-24	109	Pseudo-nitzschia_multistriata_ASM90066040v1	-	gene-PSNMU_V1.4_AUG-EV-PASAV3_0064460	226017	227765	-	227380
TH2	CAACVS010000247_1	42.746	386	162	9	72	433	19292	20344	2.63e-74	254	Pseudo-nitzschia_multistriata_ASM90066040v1	+	gene-PSNMU_V1.4_AUG-EV-PASAV3_0068030	18996	20447	+	19818
rsgA	CAACVS010000274_1	38.333	120	52	5	142	247	10576	10241	6.13e-8	54.7	Pseudo-nitzschia_multistriata_ASM90066040v1	-	gene-PSNMU_V1.4_AUG-EV-PASAV3_0072230	9935	11815	-	10408.5
ylmB	CAACVS010000330_1	25.188	266	179	8	12	261	2160	2945	7e-9	58.9	Pseudo-nitzschia_multistriata_ASM90066040v1	+	gene-PSNMU_V1.4_AUG-EV-PASAV3_0079730	2006	3800	+	2552.5
NTPCR	CAACVS010000418_1	32.189	233	94	9	7	178	14350	13661	2.66e-16	76.3	Pseudo-nitzschia_multistriata_ASM90066040v1	-	gene-PSNMU_V1.4_AUG-EV-PASAV3_0090850	13165	14575	-	14005.5
dxs	CAACVS010000420_1	76.045	718	108	4	76	730	9899	7749	0	1108	Pseudo-nitzschia_multistriata_ASM90066040v1	-	gene-PSNMU_V1.4_AUG-EV-PASAV3_0091530	7677	10045	-	8824
THTPA	CAACVS010000467_1	32.476	311	142	13	26	278	10869	11771	6.39e-30	119	Pseudo-nitzschia_multistriata_ASM90066040v1	+	gene-PSNMU_V1.4_AUG-EV-PASAV3_0096680	10436	12930	+	11320
thi4	CAACVS010000552_1	61.29	31	12	0	31	61	4817	4909	0.001	41.2	Pseudo-nitzschia_multistriata_ASM90066040v1	+	gene-PSNMU_V1.4_AUG-EV-PASAV3_0105130	4606	7920	+	4863
tenA	CAACVS010000564_1	22.68	194	136	5	18	197	14790	15371	1.73e-6	49.3	Pseudo-nitzschia_multistriata_ASM90066040v1	+	gene-PSNMU_V1.4_AUG-EV-PASAV3_0106000	14756	15729	+	15080.5
adk	CAACVS010000582_1	72.35	217	58	1	92	306	72270	72920	1.91e-96	312	Pseudo-nitzschia_multistriata_ASM90066040v1	+	gene-PSNMU_V1.4_AUG-EV-PASAV3_0107990	71886	73710	+	72595
thiO	CAACVS010000647_1	28.653	349	205	13	39	349	129447	128419	1.75e-27	115	Pseudo-nitzschia_multistriata_ASM90066040v1	-	gene-PSNMU_V1.4_AUG-EV-PASAV3_0116010	127294	129925	-	128933
thiF	CAACVS010000650_1	40.828	169	95	3	45	210	48578	49078	6.88e-31	111	Pseudo-nitzschia_multistriata_ASM90066040v1	+	gene-PSNMU_V1.4_AUG-EV-PASAV3_0116770	44786	49839	+	48828
thiO	CM000605_1	30.028	353	206	12	45	363	328183	329220	3.64e-34	134	Phaeodactylum_tricornutum_ASM15095v2	+	gene-PHATRDRAFT_31544	326727	330132	+	328701.5
ylmB	CM000606_1	34.483	87	57	0	83	169	1422643	1422903	5.29e-8	55.1	Phaeodactylum_tricornutum_ASM15095v2	+	gene-PHATRDRAFT_18404	1422266	1424634	+	1422773
iscS	CM000607_1	100	400	0	0	1	400	1142984	1144183	0	801	Phaeodactylum_tricornutum_ASM15095v2	+	gene-PHATRDRAFT_34119	1142984	1144186	+	1143583.5
thiF	CM000608_1	40.164	244	136	6	8	244	415272	415994	3.61e-37	138	Phaeodactylum_tricornutum_ASM15095v2	+	gene-PHATRDRAFT_34373	415179	416435	+	415633
tenA	CM000609_1	23.438	192	130	5	52	230	426543	427106	1.08e-4	42.7	Phaeodactylum_tricornutum_ASM15095v2	+	gene-PHATRDRAFT_45181	426459	427039	+	426824.5
adk	CM000610_1	92.398	342	0	1	1	316	808785	807760	0	627	Phaeodactylum_tricornutum_ASM15095v2	-	gene-PHATRDRAFT_20093	807757	808926	-	808272.5
tenI	CM000611_1	29.915	117	64	5	87	185	543773	543423	3.95e-7	49.7	Phaeodactylum_tricornutum_ASM15095v2	-	gene-PHATRDRAFT_35691	543375	544385	-	543598
TPK1	CM000612_1	30.108	279	123	10	6	266	151586	150912	4.64e-21	92.4	Phaeodactylum_tricornutum_ASM15095v2	-	gene-PHATRDRAFT_5423	150912	151589	-	151249
THTPA	CM000614_1	100	281	0	0	1	281	468608	469450	0	583	Phaeodactylum_tricornutum_ASM15095v2	+	gene-PHATRDRAFT_37234	468608	469453	+	469029
THI20	CM000615_1	35	240	133	7	24	244	210649	211356	3.66e-20	94.7	Phaeodactylum_tricornutum_ASM15095v2	+	gene-PHATRDRAFT_47293	210541	212283	+	211002.5
thiD	CM000615_1	33.803	284	142	8	19	259	210694	211536	1.7e-29	117	Phaeodactylum_tricornutum_ASM15095v2	+	gene-PHATRDRAFT_47293	210541	212283	+	211115
thiDN	CM000615_1	33.937	221	118	4	19	212	210697	211356	1.34e-28	119	Phaeodactylum_tricornutum_ASM15095v2	+	gene-PHATRDRAFT_47293	210541	212283	+	211026.5
thiDE	CM000615_1	37.156	218	110	6	337	529	210709	211356	1.78e-29	124	Phaeodactylum_tricornutum_ASM15095v2	+	gene-PHATRDRAFT_47293	210541	212283	+	211032.5
thiE	CM000615_1	40.099	202	105	6	15	204	211678	212271	6.99e-32	121	Phaeodactylum_tricornutum_ASM15095v2	+	gene-PHATRDRAFT_47293	210541	212283	+	211974.5
thiC	CM000617_1	89.565	345	0	1	1	309	28878	29912	0	630	Phaeodactylum_tricornutum_ASM15095v2	+	gene-PHATRDRAFT_38085	28878	31246	+	29395
ylmB	CM000638_1	26.829	164	102	4	45	195	2885500	2885024	8.17e-8	54.7	Thalassiosira_pseudonana_ASM14940v2	-	gene-THAPSDRAFT_39315	2883799	2885996	-	2885262
iscS	CM000639_1	81.223	229	43	0	172	400	288199	288885	1.9e-171	367	Thalassiosira_pseudonana_ASM14940v2	+	gene-THAPSDRAFT_240	287461	288888	+	288542
TPK1	CM000639_1	35	140	67	5	150	266	516026	515610	7.13e-15	74.3	Thalassiosira_pseudonana_ASM14940v2	-	CM000639_1:516026-515610				515818
thiF	CM000639_1	39.648	227	114	5	8	212	2517305	2516628	8.74e-38	140	Thalassiosira_pseudonana_ASM14940v2	-	gene-THAPSDRAFT_261602	2515987	2517311	-	2516966.5
thi4	CM000640_1	59.375	32	13	0	31	62	773174	773269	0.001	40.8	Thalassiosira_pseudonana_ASM14940v2	+	gene-THAPSDRAFT_21713	772838	774583	+	773221.5
tenA	CM000641_1	32	150	95	6	56	198	207846	208295	2.89e-12	65.9	Thalassiosira_pseudonana_ASM14940v2	+	gene-THAPSDRAFT_4111	207951	208416	+	208070.5
THTPA	CM000642_1	31.214	346	154	16	6	275	2151629	2150616	7.01e-31	121	Thalassiosira_pseudonana_ASM14940v2	-	gene-THAPSDRAFT_5797	2150607	2151521	-	2151122.5
thiE	CM000643_1	41.919	198	104	7	15	202	1452410	1451820	2.36e-31	120	Thalassiosira_pseudonana_ASM14940v2	-	gene-THAPSDRAFT_262963	1451819	1452410	-	1452115
thiDE	CM000643_1	34.025	241	107	6	349	539	1453514	1452798	4.01e-27	117	Thalassiosira_pseudonana_ASM14940v2	-	gene-THAPSDRAFT_262964	1452563	1453607	-	1453156
thiD	CM000643_1	32.075	265	119	8	20	230	1453571	1452798	3.4e-24	101	Thalassiosira_pseudonana_ASM14940v2	-	gene-THAPSDRAFT_262964	1452563	1453607	-	1453184.5
thiDN	CM000643_1	36.628	172	95	4	19	177	1453571	1453059	3.41e-23	103	Thalassiosira_pseudonana_ASM14940v2	-	gene-THAPSDRAFT_262964	1452563	1453607	-	1453315
THI20	CM000643_1	32.707	266	124	9	40	256	1453571	1452792	1.01e-20	97.1	Thalassiosira_pseudonana_ASM14940v2	-	gene-THAPSDRAFT_262964	1452563	1453607	-	1453181.5
thiC	CM000645_1	76.277	274	64	1	23	296	817458	818276	0	440	Thalassiosira_pseudonana_ASM14940v2	+	gene-THAPSDRAFT_41733	817326	819659	+	817867
thiO	CM000646_1	30.07	286	181	8	92	363	438350	439192	3.26e-31	125	Thalassiosira_pseudonana_ASM14940v2	+	gene-THAPSDRAFT_263655	437921	439123	+	438771
adk	CM000648_1	76.812	138	32	0	171	308	612540	612127	3.93e-59	204	Thalassiosira_pseudonana_ASM14940v2	-	gene-THAPSDRAFT_9511	612115	613105	-	612333.5
TH2	CM000650_1	30.296	406	227	10	72	438	545827	544661	4.17e-40	153	Thalassiosira_pseudonana_ASM14940v2	-	gene-THAPSDRAFT_25019	544583	545929	-	545244
THI5	CP001142_1	26.07	257	167	9	10	257	1171949	1171221	2.08e-10	62	Phaeodactylum_tricornutum_ASM15095v2	-	gene-PHATR_33535	1171026	1172099	-	1171585
THI5	CP001160_1	25.306	245	168	6	4	242	284506	285213	2.94e-12	67.8	Thalassiosira_pseudonana_ASM14940v2	+	gene-THAPS_6708	284428	285432	+	284859.5
dxs	CP001160_1	76.842	570	124	3	3	569	618500	620194	0	916	Thalassiosira_pseudonana_ASM14940v2	+	gene-THAPS_270312	618398	620968	+	619347
dxs	DS999284_1	100	716	0	0	15	730	18121	15974	0	1446	Phaeodactylum_tricornutum_ASM15095v2	-	gene-PHATRDRAFT_bd1689	15762	18609	-	17047.5
thiG	DS999448_1	48.047	256	125	3	2	249	3559	4326	5.47e-70	233	Thalassiosira_pseudonana_ASM14940v2	+	gene-THAPSDRAFT_bd1620	3501	4541	+	3942.5
thiO	JAACPG010000261_1	23.715	253	167	10	123	354	15469	14726	1.1e-5	47	Bacillariophyta_sp_ASM1036717v1	-	JAACPG010000261_1:15469-14726				15097.5
THI4	JAACPG010000301_1	48.718	39	20	0	92	130	3155	3039	5.05e-4	41.6	Bacillariophyta_sp_ASM1036717v1	-	JAACPG010000301_1:3155-3039				3097
thiDN	JAACPG010000413_1	39.13	184	97	3	4	177	659	1195	5.93e-24	104	Bacillariophyta_sp_ASM1036717v1	+	JAACPG010000413_1:659-1195				927
THI20	JAACPG010000413_1	35.119	168	102	3	39	202	701	1195	2.53e-17	85.1	Bacillariophyta_sp_ASM1036717v1	+	JAACPG010000413_1:701-1195				948
thiD	JAACPG010000413_1	34.359	195	115	4	20	202	704	1285	1.09e-24	102	Bacillariophyta_sp_ASM1036717v1	+	JAACPG010000413_1:704-1285				994.5
thiDE	JAACPG010000413_1	34.375	192	113	5	337	517	716	1285	1.45e-22	102	Bacillariophyta_sp_ASM1036717v1	+	JAACPG010000413_1:716-1285				1000.5
thiE	JAACPG010000413_1	37.313	201	118	5	10	202	1772	2374	2.74e-31	119	Bacillariophyta_sp_ASM1036717v1	+	JAACPG010000413_1:1772-2374				2073
THI6	JAACPG010000413_1	28.025	157	100	5	38	189	1841	2287	5.94e-5	45.4	Bacillariophyta_sp_ASM1036717v1	+	JAACPG010000413_1:1841-2287				2064
TPK1	JAACPG010000447_1	29.143	175	65	8	6	174	3189	2824	3.03e-9	56.6	Bacillariophyta_sp_ASM1036717v1	-	JAACPG010000447_1:3189-2824				3006.5
thiC	JAACPG010000494_1	87.43	358	41	1	262	619	3516	2455	0	632	Bacillariophyta_sp_ASM1036717v1	-	JAACPG010000494_1:3516-2455				2985.5
adk	JAACPG010001574_1	46.392	97	51	1	131	227	1682	1969	4.02e-18	84.3	Bacillariophyta_sp_ASM1036717v1	+	JAACPG010001574_1:1682-1969				1825.5
thiF	JAACPG010002227_1	35.223	247	149	4	1	236	396	1136	1.09e-31	122	Bacillariophyta_sp_ASM1036717v1	+	JAACPG010002227_1:396-1136				766
iscS	JAACPG010002438_1	82.368	380	66	1	20	398	1541	2680	0	647	Bacillariophyta_sp_ASM1036717v1	+	JAACPG010002438_1:1541-2680				2110.5
tenI	JAACPG010002997_1	27.586	145	82	5	74	202	8664	9077	3.17e-5	43.5	Bacillariophyta_sp_ASM1036717v1	+	JAACPG010002997_1:8664-9077				8870.5
ylmB	JAACPG010002998_1	27.922	154	101	5	17	162	5076	5531	4.73e-4	42	Bacillariophyta_sp_ASM1036717v1	+	JAACPG010002998_1:5076-5531				5303.5
THI5	JAACPG010003195_1	25	300	186	7	4	286	7119	7952	3.22e-13	70.1	Bacillariophyta_sp_ASM1036717v1	+	JAACPG010003195_1:7119-7952				7535.5
ylmB	JAACSZ010000324_1	27.922	154	101	5	17	162	5080	5535	8.53e-4	42	Bacillariophyta_sp_ASM1036716v1	+	JAACSZ010000324_1:5080-5535				5307.5
TPK1	JAACSZ010000501_1	29.143	175	65	8	6	174	7808	7443	5.96e-9	56.6	Bacillariophyta_sp_ASM1036716v1	-	JAACSZ010000501_1:7808-7443				7625.5
iscS	JAACSZ010000621_1	82.368	380	66	1	20	398	2805	3944	0	647	Bacillariophyta_sp_ASM1036716v1	+	JAACSZ010000621_1:2805-3944				3374.5
rsgA	JAACSZ010000863_1	36.937	111	60	4	139	247	15457	15149	3.67e-8	55.1	Bacillariophyta_sp_ASM1036716v1	-	JAACSZ010000863_1:15457-15149				15303
THI4	JAACSZ010001165_1	48.718	39	20	0	92	130	7116	7000	0.001	41.6	Bacillariophyta_sp_ASM1036716v1	-	JAACSZ010001165_1:7116-7000				7058
thiC	JAACSZ010001335_1	87.43	358	41	1	262	619	6209	5148	0	632	Bacillariophyta_sp_ASM1036716v1	-	JAACSZ010001335_1:6209-5148				5678.5
tenI	JAACSZ010001372_1	27.586	145	82	5	74	202	16858	17271	6.83e-5	43.1	Bacillariophyta_sp_ASM1036716v1	+	JAACSZ010001372_1:16858-17271				17064.5
thiO	JAACSZ010001385_1	29.213	356	208	10	45	363	12101	13147	7.27e-33	130	Bacillariophyta_sp_ASM1036716v1	+	JAACSZ010001385_1:12101-13147				12624
thiF	JAACSZ010001403_1	37.956	274	133	7	8	246	89692	90507	4.4e-35	132	Bacillariophyta_sp_ASM1036716v1	+	JAACSZ010001403_1:89692-90507				90099.5
dxs	JAACSZ010001495_1	81.818	704	99	2	51	726	12622	10514	0	1210	Bacillariophyta_sp_ASM1036716v1	-	JAACSZ010001495_1:12622-10514				11568
THTPA	JAACSZ010001744_1	32.246	276	144	11	41	275	13318	12497	8.31e-34	130	Bacillariophyta_sp_ASM1036716v1	-	JAACSZ010001744_1:13318-12497				12907.5
thiDN	JAACSZ010001753_1	39.13	184	97	3	4	177	2633	3169	1.16e-23	104	Bacillariophyta_sp_ASM1036716v1	+	JAACSZ010001753_1:2633-3169				2901
THI20	JAACSZ010001753_1	35.119	168	102	3	39	202	2675	3169	4.96e-17	85.1	Bacillariophyta_sp_ASM1036716v1	+	JAACSZ010001753_1:2675-3169				2922
thiD	JAACSZ010001753_1	34.359	195	115	4	20	202	2678	3259	2.04e-24	102	Bacillariophyta_sp_ASM1036716v1	+	JAACSZ010001753_1:2678-3259				2968.5
thiDE	JAACSZ010001753_1	34.375	192	113	5	337	517	2690	3259	2.89e-22	102	Bacillariophyta_sp_ASM1036716v1	+	JAACSZ010001753_1:2690-3259				2974.5
thiE	JAACSZ010001753_1	37.313	201	118	5	10	202	3746	4348	5.1e-31	119	Bacillariophyta_sp_ASM1036716v1	+	JAACSZ010001753_1:3746-4348				4047
THI6	JAACSZ010001753_1	28.025	157	100	5	38	189	3815	4261	1.11e-4	45.4	Bacillariophyta_sp_ASM1036716v1	+	JAACSZ010001753_1:3815-4261				4038
TH2	JAACSZ010001904_1	38.504	361	157	6	76	432	17264	18163	8.36e-57	202	Bacillariophyta_sp_ASM1036716v1	+	JAACSZ010001904_1:17264-18163				17713.5
adk	JAACSZ010002067_1	72.727	154	42	0	159	312	3490	3029	1.15e-69	234	Bacillariophyta_sp_ASM1036716v1	-	JAACSZ010002067_1:3490-3029				3259.5
THTPA	JAAFKC010000189_1	36.749	283	152	9	8	275	8184	8996	3.1e-46	166	Bacillariophyta_sp_ASM1329908v1	+	JAAFKC010000189_1:8184-8996				8590
TPK1	JAAFKC010000933_1	46.296	54	28	1	201	253	9993	9832	4.56e-5	44.7	Bacillariophyta_sp_ASM1329908v1	-	JAAFKC010000933_1:9993-9832				9912.5
thiF	JAAFKC010001210_1	41.975	243	133	6	8	244	3261	2539	6.09e-43	155	Bacillariophyta_sp_ASM1329908v1	-	JAAFKC010001210_1:3261-2539				2900
adk	JAAFKC010001296_1	39.556	225	112	4	106	307	4072	3401	4.38e-43	158	Bacillariophyta_sp_ASM1329908v1	-	JAAFKC010001296_1:4072-3401				3736.5
thiO	JAAFKC010001595_1	28.421	285	169	8	92	347	1365	529	9.23e-24	103	Bacillariophyta_sp_ASM1329908v1	-	JAAFKC010001595_1:1365-529				947
thiC	JAAFKC010001670_1	75.867	663	101	4	11	619	4506	2533	0	1004	Bacillariophyta_sp_ASM1329908v1	-	JAAFKC010001670_1:4506-2533				3519.5
THI4	JAAFKC010002248_1	41.071	56	33	0	75	130	635	802	1.02e-4	44.7	Bacillariophyta_sp_ASM1329908v1	+	JAAFKC010002248_1:635-802				718.5
dxs	JAAFKC010002472_1	87.923	679	81	1	52	730	1146	3179	0	1251	Bacillariophyta_sp_ASM1329908v1	+	JAAFKC010002472_1:1146-3179				2162.5
ylmB	JAAFKC010003840_1	29.134	127	81	3	75	193	540	917	8.34e-6	48.5	Bacillariophyta_sp_ASM1329908v1	+	JAAFKC010003840_1:540-917				728.5
iscS	JAAFKC010003848_1	78	400	86	2	1	398	3245	2046	0	639	Bacillariophyta_sp_ASM1329908v1	-	JAAFKC010003848_1:3245-2046				2645.5
thiE	JAAFKC010004228_1	38.421	190	103	5	15	190	1627	1058	4.69e-29	114	Bacillariophyta_sp_ASM1329908v1	-	JAAFKC010004228_1:1627-1058				1342.5
thiDE	JAAFKC010004228_1	31.557	244	119	5	343	539	2707	1979	5.65e-24	107	Bacillariophyta_sp_ASM1329908v1	-	JAAFKC010004228_1:2707-1979				2343
thiD	JAAFKC010004228_1	36.653	251	111	4	19	221	2740	1988	2.91e-29	116	Bacillariophyta_sp_ASM1329908v1	-	JAAFKC010004228_1:2740-1988				2364
thiDN	JAAFKC010004228_1	34.1	261	121	6	4	214	2782	2003	2.9e-23	103	Bacillariophyta_sp_ASM1329908v1	-	JAAFKC010004228_1:2782-2003				2392.5
THI20	JAAFKC010004228_1	30.824	279	149	8	21	258	2794	1967	1.85e-20	95.9	Bacillariophyta_sp_ASM1329908v1	-	JAAFKC010004228_1:2794-1967				2380.5
thiG	JAAFKC010005729_1	49.412	255	121	3	2	248	1062	1826	4.77e-77	247	Bacillariophyta_sp_ASM1329908v1	+	JAAFKC010005729_1:1062-1826				1444
THI20	KV784354_1	32.374	278	140	4	24	256	1271189	1272013	2.81e-23	106	Fragilariopsis_cylindrus_Fracy1	+	gene-FRACYDRAFT_161112	1271189	1272175	+	1271601
thiDN	KV784354_1	38.333	180	104	2	4	177	1271192	1271728	4.1e-25	110	Fragilariopsis_cylindrus_Fracy1	+	gene-FRACYDRAFT_161112	1271189	1272175	+	1271460
thiD	KV784354_1	32.422	256	119	7	19	221	1271234	1271998	3.54e-27	111	Fragilariopsis_cylindrus_Fracy1	+	gene-FRACYDRAFT_161112	1271189	1272175	+	1271616
thiDE	KV784354_1	32.819	259	120	7	342	548	1271264	1272034	3.41e-25	112	Fragilariopsis_cylindrus_Fracy1	+	gene-FRACYDRAFT_161112	1271189	1272175	+	1271649
thiE	KV784354_1	38.421	190	105	6	15	194	1272365	1272928	1.15e-25	105	Fragilariopsis_cylindrus_Fracy1	+	gene-FRACYDRAFT_153126	1272365	1272952	+	1272646.5
THI6	KV784354_1	27.5	200	119	7	38	229	1272419	1272964	7.36e-5	47	Fragilariopsis_cylindrus_Fracy1	+	gene-FRACYDRAFT_153126	1272365	1272952	+	1272691.5
tenI	KV784354_1	32.979	94	59	3	95	184	1272647	1272928	5.07e-4	41.6	Fragilariopsis_cylindrus_Fracy1	+	gene-FRACYDRAFT_153126	1272365	1272952	+	1272787.5
rsgA	KV784354_1	27.692	195	95	7	142	298	3430710	3431270	1.72e-6	50.8	Fragilariopsis_cylindrus_Fracy1	+	gene-FRACYDRAFT_235141	3429891	3431279	+	3430990
ylmB	KV784355_1	22.449	245	158	5	5	239	2400127	2400795	1.2e-6	52.4	Fragilariopsis_cylindrus_Fracy1	+	gene-FRACYDRAFT_236083	2400016	2401593	+	2400461
dxs	KV784356_1	85.51	490	70	1	76	565	597731	596265	0	890	Fragilariopsis_cylindrus_Fracy1	-	gene-FRACYDRAFT_206899	595358	598286	-	596998
TPK1	KV784358_1	26.846	298	158	11	6	266	997844	998668	2.64e-20	91.7	Fragilariopsis_cylindrus_Fracy1	+	gene-FRACYDRAFT_186232	997697	998683	+	998256
thiC	KV784358_1	79.798	594	109	5	30	617	1064906	1063140	0	941	Fragilariopsis_cylindrus_Fracy1	-	gene-FRACYDRAFT_225659	1063131	1065032	-	1064023
THTPA	KV784358_1	28	325	142	10	42	277	2551273	2552238	2.29e-23	100	Fragilariopsis_cylindrus_Fracy1	+	gene-FRACYDRAFT_239507	2551363	2552292	+	2551755.5
phoA	KV784360_1	33.75	80	49	2	118	196	696342	696572	0.001	42.7	Fragilariopsis_cylindrus_Fracy1	+	gene-FRACYDRAFT_187960	695261	697795	+	696457
adk	KV784363_1	73.913	207	52	1	103	307	916165	915545	2.76e-95	310	Fragilariopsis_cylindrus_Fracy1	-	KV784363_1:916165-915545				915855
THI5	KV784364_1	29.464	112	78	1	2	113	884757	884425	4.71e-8	55.8	Fragilariopsis_cylindrus_Fracy1	-	gene-FRACYDRAFT_227553	883816	884778	-	884591
thiO	KV784364_1	27.733	375	210	11	27	346	945496	946602	3.42e-27	114	Fragilariopsis_cylindrus_Fracy1	+	KV784364_1:945496-946602				946049
iscS	KV784373_1	79.81	421	63	1	1	399	835884	837146	0	679	Fragilariopsis_cylindrus_Fracy1	+	gene-FRACYDRAFT_271242	836305	837420	+	836515
thiF	KV784375_1	41.395	215	120	4	8	218	694865	694227	9.99e-40	147	Fragilariopsis_cylindrus_Fracy1	-	gene-FRACYDRAFT_194811	693595	694922	-	694546
TH2	KV784376_1	100	440	0	0	1	440	198981	197662	0	684	Fragilariopsis_cylindrus_Fracy1	-	gene-FRACYDRAFT_248593	197659	198981	-	198321.5
tenA	KV784395_1	24.242	165	107	5	52	198	260062	260556	6.36e-9	57	Fragilariopsis_cylindrus_Fracy1	+	gene-FRACYDRAFT_199067	259948	260793	+	260309
tenI	NKIB01000328_1	29.851	134	77	4	74	197	1982	1602	8.38e-6	46.6	Asterionella_formosa_ASM225602v1	-	NKIB01000328_1:1982-1602				1792
thiC	NKIB01001105_1	80.301	599	109	4	25	619	23719	21938	0	984	Asterionella_formosa_ASM225602v1	-	NKIB01001105_1:23719-21938				22828.5
TPK1	NKIB01001231_1	27.972	286	141	10	3	266	10235	10963	3.1400000000000002e-19	88.2	Asterionella_formosa_ASM225602v1	+	NKIB01001231_1:10235-10963				10599
THTPA	NKIB01002081_1	41.423	239	121	7	41	276	6948	7616	1.52e-40	150	Asterionella_formosa_ASM225602v1	+	NKIB01002081_1:6948-7616				7282
iscS	NKIB01002245_1	81.053	380	72	0	20	399	10680	11819	0	626	Asterionella_formosa_ASM225602v1	+	NKIB01002245_1:10680-11819				11249.5
adk	NKIB01004973_1	65	140	48	1	171	310	1584	2000	1.53e-82	184	Asterionella_formosa_ASM225602v1	+	NKIB01004973_1:1584-2000				1792
rsgA	NKIB01010859_1	30.455	220	126	9	42	247	8033	7413	4.59e-10	61.6	Asterionella_formosa_ASM225602v1	-	NKIB01010859_1:8033-7413				7723
dxs	NKIB01012851_1	87.398	492	61	1	75	566	2316	3788	0	906	Asterionella_formosa_ASM225602v1	+	NKIB01012851_1:2316-3788				3052
THI6	NKIB01013371_1	40	60	35	1	38	96	3589	3410	1.52e-4	45.8	Asterionella_formosa_ASM225602v1	-	NKIB01013371_1:3589-3410				3499.5
thiE	NKIB01013371_1	41.294	201	110	5	10	202	3658	3056	2.31e-34	129	Asterionella_formosa_ASM225602v1	-	NKIB01013371_1:3658-3056				3357
thiDE	NKIB01013371_1	35.47	234	118	6	337	539	4630	3935	3.13e-28	121	Asterionella_formosa_ASM225602v1	-	NKIB01013371_1:4630-3935				4282.5
thiD	NKIB01013371_1	32.646	291	145	8	19	261	4645	3782	1.13e-30	121	Asterionella_formosa_ASM225602v1	-	NKIB01013371_1:4645-3782				4213.5
thiDN	NKIB01013371_1	32.174	230	122	6	18	214	4645	3959	2.92e-27	116	Asterionella_formosa_ASM225602v1	-	NKIB01013371_1:4645-3959				4302
THI20	NKIB01013371_1	28.491	530	289	19	2	462	4726	3200	1.07e-28	122	Asterionella_formosa_ASM225602v1	-	NKIB01013371_1:4726-3200				3963
thiF	NKIB01013590_1	42.358	229	127	4	5	229	41433	40750	5.67e-42	153	Asterionella_formosa_ASM225602v1	-	NKIB01013590_1:41433-40750				41091.5
thiG	NKIB01013960_1	48.438	256	124	3	2	249	35880	36647	4.19e-71	237	Asterionella_formosa_ASM225602v1	+	NKIB01013960_1:35880-36647				36263.5
thiO	NKIB01014556_1	28.205	351	217	12	45	368	36199	37227	2.22e-26	112	Asterionella_formosa_ASM225602v1	+	NKIB01014556_1:36199-37227				36713
adk	OLMU01000439_1	62.245	196	41	1	150	312	2	589	4.17e-75	238	Licmophora_abbreviata_CCMP470	+	OLMU01000439_1:2-589				295.5
TPK1	OLMU01000581_1	28.374	289	143	11	4	266	8882	8130	5.38e-20	89.4	Licmophora_abbreviata_CCMP470	-	OLMU01000581_1:8882-8130				8506
thiO	OLMU01001464_1	28.075	374	221	12	32	363	991	2094	8.21e-31	123	Licmophora_abbreviata_CCMP470	+	OLMU01001464_1:991-2094				1542.5
rsgA	OLMU01001891_1	30.508	236	144	7	53	277	1428	2108	5.69e-14	72	Licmophora_abbreviata_CCMP470	+	OLMU01001891_1:1428-2108				1768
thi4	OLMU01002274_1	46.341	41	18	1	26	62	1314	1192	0.001	40	Licmophora_abbreviata_CCMP470	-	OLMU01002274_1:1314-1192				1253
thiF	OLMU01003076_1	34.568	243	148	4	5	236	6515	5787	2.37e-31	121	Licmophora_abbreviata_CCMP470	-	OLMU01003076_1:6515-5787				6151
tenA	OLMU01003438_1	27.419	124	85	3	52	171	25057	24689	7.77e-6	46.2	Licmophora_abbreviata_CCMP470	-	OLMU01003438_1:25057-24689				24873
iscS	OLMU01004083_1	82.461	382	67	0	18	399	2202	1057	0	641	Licmophora_abbreviata_CCMP470	-	OLMU01004083_1:2202-1057				1629.5
dxs	OLMU01004926_1	79.932	588	79	3	15	565	12004	13761	0	947	Licmophora_abbreviata_CCMP470	+	OLMU01004926_1:12004-13761				12882.5
ylmB	OLMU01004997_1	27.314	443	278	13	2	420	1056	2324	3.55e-33	132	Licmophora_abbreviata_CCMP470	+	OLMU01004997_1:1056-2324				1690
tenI	OLMU01005067_1	36	100	62	2	95	192	304	5	4.21e-9	55.1	Licmophora_abbreviata_CCMP470	-	OLMU01005067_1:304-5				154.5
THI6	OLMU01005067_1	26.923	104	73	1	38	141	517	215	7.03e-6	48.5	Licmophora_abbreviata_CCMP470	-	OLMU01005067_1:517-215				366
thiE	OLMU01005067_1	43.182	176	100	0	15	190	568	41	1.17e-41	147	Licmophora_abbreviata_CCMP470	-	OLMU01005067_1:568-41				304.5
thiDE	OLMU01005068_1	39.256	242	143	4	337	578	1487	774	4.63e-39	152	Licmophora_abbreviata_CCMP470	-	OLMU01005068_1:1487-774				1130.5
THI20	OLMU01005068_1	31.518	257	161	6	40	295	1499	771	7.24e-27	115	Licmophora_abbreviata_CCMP470	-	OLMU01005068_1:1499-771				1135
thiDN	OLMU01005068_1	44.286	210	117	0	5	214	1541	912	4.26e-38	147	Licmophora_abbreviata_CCMP470	-	OLMU01005068_1:1541-912				1226.5
thiD	OLMU01005068_1	51.145	262	127	1	5	266	1544	762	1.05e-66	221	Licmophora_abbreviata_CCMP470	-	OLMU01005068_1:1544-762				1153
thiG	OLMU01005533_1	50.196	255	119	3	2	248	796	1560	7.01e-72	238	Licmophora_abbreviata_CCMP470	+	OLMU01005533_1:796-1560				1178
THI5	OLMU01005660_1	22.545	275	169	16	2	259	2706	1963	9.8e-7	50.4	Licmophora_abbreviata_CCMP470	-	OLMU01005660_1:2706-1963				2334.5
THTPA	OLMU01007021_1	35.838	173	96	5	106	276	1	480	1.2e-23	96.7	Licmophora_abbreviata_CCMP470	+	OLMU01007021_1:1-480				240.5
dxs	QAXB01007216_1	91.971	137	11	0	167	303	411	1	1.4e-83	261	Halamphora_sp_MG8b	-	QAXB01007216_1:411-1				206
iscS	QAXB01029371_1	82.27	141	25	0	57	197	1	423	3.09e-83	251	Halamphora_sp_MG8b	+	QAXB01029371_1:1-423				212
thiE	QAXB01030865_1	41.379	116	55	4	8	110	19	366	3.64e-14	67	Halamphora_sp_MG8b	+	QAXB01030865_1:19-366				192.5
NTPCR	QAXB01032462_1	31.532	111	62	2	82	178	1	333	3.45e-9	55.5	Halamphora_sp_MG8b	+	QAXB01032462_1:1-333				167
THI5	QAXB01032885_1	37.255	51	32	0	5	55	1559	1711	4.35e-4	42.4	Halamphora_sp_MG8b	+	QAXB01032885_1:1559-1711				1635
adk	QAXB01033134_1	67.5	160	16	1	120	243	3	482	5.26e-67	207	Halamphora_sp_MG8b	+	QAXB01033134_1:3-482				242.5
thiO	QAXB01035153_1	24.149	323	205	12	21	310	55	1002	1.85e-11	66.2	Halamphora_sp_MG8b	+	QAXB01035153_1:55-1002				528.5
ylmB	QAXB01042305_1	30.464	151	95	5	46	188	38	484	3.53e-8	55.1	Halamphora_sp_MG8b	+	QAXB01042305_1:38-484				261
thiDN	QAXB01043945_1	30.864	81	52	3	101	179	2697	2461	5.48e-4	43.1	Halamphora_sp_MG8b	-	QAXB01043945_1:2697-2461				2579
TPK1	QAXB01047145_1	27.322	183	76	5	20	198	439	50	5.71e-14	71.2	Halamphora_sp_MG8b	-	QAXB01047145_1:439-50				244.5
THTPA	QAXB01048104_1	35.827	254	134	12	40	275	519	1247	1.37e-35	133	Halamphora_sp_MG8b	+	QAXB01048104_1:519-1247				883
thiDE	QAXB01048656_1	26.108	203	140	5	21	221	630	1214	6.17e-8	56.2	Halamphora_sp_MG8b	+	QAXB01048656_1:630-1214				922
tenA	QAXB01048656_1	22.843	197	135	7	47	230	633	1211	6.51e-4	40.8	Halamphora_sp_MG8b	+	QAXB01048656_1:633-1211				922
thiF	QAXB01048911_1	40.773	233	131	5	5	232	2097	1405	4.26e-40	147	Halamphora_sp_MG8b	-	QAXB01048911_1:2097-1405				1751
TH2	QAXB01054039_1	35.635	362	154	8	71	432	1553	705	1.96e-53	192	Halamphora_sp_MG8b	-	QAXB01054039_1:1553-705				1129
thiH	QAXB01054450_1	38.824	85	48	2	69	152	440	195	7.65e-13	70.5	Halamphora_sp_MG8b	-	QAXB01054450_1:440-195				317.5
THI4	QAXC01000002_1	40.476	42	25	0	91	132	500074	500199	6.01e-4	41.6	Halamphora_sp_AAB	+	QAXC01000002_1:500074-500199				500136.5
rsgA	QAXC01000003_1	37.073	205	114	5	50	247	166944	166354	1.44e-30	121	Halamphora_sp_AAB	-	QAXC01000003_1:166944-166354				166649
thiH	QAXC01000003_1	61.644	365	139	1	3	367	1207700	1206609	2.06e-147	461	Halamphora_sp_AAB	-	QAXC01000003_1:1207700-1206609				1207154.5
thiG	QAXC01000003_1	69.565	253	77	0	1	253	1208467	1207709	1.91e-112	355	Halamphora_sp_AAB	-	QAXC01000003_1:1208467-1207709				1208088
thiF	QAXC01000003_1	52.245	245	116	1	1	244	1209414	1208680	2.14e-72	239	Halamphora_sp_AAB	-	QAXC01000003_1:1209414-1208680				1209047
tenI	QAXC01000003_1	32.075	106	68	3	95	197	1209733	1209419	2.57e-7	50.1	Halamphora_sp_AAB	-	QAXC01000003_1:1209733-1209419				1209576
thiE	QAXC01000003_1	61.084	203	73	1	7	203	1210039	1209431	1.26e-67	224	Halamphora_sp_AAB	-	QAXC01000003_1:1210039-1209431				1209735
thiC	QAXC01000003_1	61.444	568	142	5	109	599	1212623	1210920	0	677	Halamphora_sp_AAB	-	QAXC01000003_1:1212623-1210920				1211771.5
adk	QAXC01000003_1	41.296	247	118	4	71	306	1556361	1557053	2.62e-51	182	Halamphora_sp_AAB	+	QAXC01000003_1:1556361-1557053				1556707
iscS	QAXC01000004_1	51.316	380	181	3	2	379	1244682	1245815	4.93e-119	380	Halamphora_sp_AAB	+	QAXC01000004_1:1244682-1245815				1245248.5
thiL	QAXC01000004_1	52.648	321	147	5	5	323	1432294	1433247	1.04e-101	327	Halamphora_sp_AAB	+	QAXC01000004_1:1432294-1433247				1432770.5
dxs	QAXC01000004_1	41.854	669	321	14	54	716	1443312	1441492	6.95e-157	504	Halamphora_sp_AAB	-	QAXC01000004_1:1443312-1441492				1442402
phoA	QAXC01000023_1	36.12	299	165	6	42	338	62806	63630	7.15e-31	127	Halamphora_sp_AAB	+	QAXC01000023_1:62806-63630				63218
thiI	QAXC01000024_1	57.851	484	202	1	1	482	27446	28897	0	582	Halamphora_sp_AAB	+	QAXC01000024_1:27446-28897				28171.5
thiO	QAXC01000031_1	28.629	248	171	5	121	364	794377	793640	2.42e-15	77.8	Halamphora_sp_AAB	-	QAXC01000031_1:794377-793640				794008.5
THI5	QAXC01001892_1	26.394	269	179	5	2	266	1159	398	1.72e-29	119	Halamphora_sp_AAB	-	QAXC01001892_1:1159-398				778.5
ylmB	QAXC01002049_1	27.74	447	253	19	1	412	1821	586	9.52e-25	106	Halamphora_sp_AAB	-	QAXC01002049_1:1821-586				1203.5
thiDN	QAXC01003237_1	42.692	260	145	3	1	256	138	917	9.88e-38	140	Halamphora_sp_AAB	+	QAXC01003237_1:138-917				527.5
thiD	QAXC01003237_1	52.672	262	123	1	6	266	150	935	3.09e-80	244	Halamphora_sp_AAB	+	QAXC01003237_1:150-935				542.5
THI20	QAXC01003237_1	32.946	258	160	7	40	296	192	929	8.25e-31	122	Halamphora_sp_AAB	+	QAXC01003237_1:192-929				560.5
thiDE	QAXC01003237_1	40.329	243	141	4	337	578	204	923	9.47e-44	159	Halamphora_sp_AAB	+	QAXC01003237_1:204-923				563.5
THI6	QAXC01003315_1	27.753	227	113	8	254	475	623	81	6.66e-10	61.2	Halamphora_sp_AAB	-	QAXC01003315_1:623-81				352
thiM	QAXC01003315_1	38.865	229	121	3	9	237	644	15	2.07e-30	118	Halamphora_sp_AAB	-	QAXC01003315_1:644-15				329.5
tenA	QAXC01006055_1	32.927	164	103	4	49	207	1646	2131	1.88e-18	83.6	Halamphora_sp_AAB	+	QAXC01006055_1:1646-2131				1888.5
ACP1	QAXC01006285_1	41.401	157	89	2	1	156	1578	1114	1.19e-34	127	Halamphora_sp_AAB	-	QAXC01006285_1:1578-1114				1346
iscS	QPGO01000014_1	83.113	379	64	0	20	398	153512	154648	0	634	Psammoneis_japonica_ASM863298v1	+	QPGO01000014_1:153512-154648				154080
tenI	QPGO01000015_1	27.737	137	80	6	74	198	91136	91525	7.79e-4	41.2	Psammoneis_japonica_ASM863298v1	+	QPGO01000015_1:91136-91525				91330.5
adk	QPGO01000048_1	73.362	229	57	1	78	306	462895	463569	1.67e-105	339	Psammoneis_japonica_ASM863298v1	+	QPGO01000048_1:462895-463569				463232
THTPA	QPGO01000052_1	38.947	190	99	8	36	214	5818	6369	1.18e-30	97.8	Psammoneis_japonica_ASM863298v1	+	QPGO01000052_1:5818-6369				6093.5
TPK1	QPGO01000057_1	29.259	270	129	11	17	266	371091	371774	1.47e-18	86.7	Psammoneis_japonica_ASM863298v1	+	QPGO01000057_1:371091-371774				371432.5
thiF	QPGO01000094_1	40.506	237	112	5	4	212	34663	33956	3.71e-38	142	Psammoneis_japonica_ASM863298v1	-	QPGO01000094_1:34663-33956				34309.5
TH2	QPGO01000096_1	30.709	381	154	12	77	432	231961	231074	5.35e-30	125	Psammoneis_japonica_ASM863298v1	-	QPGO01000096_1:231961-231074				231517.5
dxs	QPGO01000173_1	81.473	448	58	2	305	728	76113	74773	0	748	Psammoneis_japonica_ASM863298v1	-	QPGO01000173_1:76113-74773				75443
THI20	QPGO01000173_1	35.955	178	101	5	10	180	149251	149766	2.56e-13	74.7	Psammoneis_japonica_ASM863298v1	+	QPGO01000173_1:149251-149766				149508.5
thiDN	QPGO01000173_1	39.157	166	95	3	4	163	149296	149793	1.14e-19	94	Psammoneis_japonica_ASM863298v1	+	QPGO01000173_1:149296-149793				149544.5
thiD	QPGO01000173_1	40.299	134	76	1	19	148	149338	149739	2.26e-20	91.7	Psammoneis_japonica_ASM863298v1	+	QPGO01000173_1:149338-149739				149538.5
thiDE	QPGO01000173_1	34.286	140	87	2	337	472	149353	149769	2.24e-15	81.6	Psammoneis_japonica_ASM863298v1	+	QPGO01000173_1:149353-149769				149561
thiE	QPGO01000173_1	39.109	202	115	5	15	208	150649	151254	1.4e-32	125	Psammoneis_japonica_ASM863298v1	+	QPGO01000173_1:150649-151254				150951.5
THI6	QPGO01000173_1	43.333	60	33	1	38	96	150703	150882	7.21e-5	47.4	Psammoneis_japonica_ASM863298v1	+	QPGO01000173_1:150703-150882				150792.5
thiC	QPGO01000179_1	79.253	482	54	3	178	617	78777	77344	0	755	Psammoneis_japonica_ASM863298v1	-	QPGO01000179_1:78777-77344				78060.5
thiO	QPGO01000424_1	27.614	373	228	10	27	363	20503	21603	3.44e-28	117	Psammoneis_japonica_ASM863298v1	+	QPGO01000424_1:20503-21603				21053
iscS	scaffold_1000	78.271	428	65	1	1	400	48486	49769	0	679	Pseudo-nitzschia_multiseries_Psemu1	+	"""e_gw1.1000.17.1"""	48726	49778	+	49127.5
thiG	scaffold_102471	54.054	37	8	1	124	160	53	136	4.89e-4	38.9	Cyclotella_cryptica_Cyccr1	+	scaffold_102471:53-136				94.5
ylmB	scaffold_104	27.451	204	138	5	64	261	228246	228845	1.1e-8	60.1	Pseudo-nitzschia_multiseries_Psemu1	+	"""e_gw1.104.45.1"""	228015	229571	+	228545.5
thiE	scaffold_10691	42.5	200	104	7	15	204	4226	3630	1.68e-31	122	Cyclotella_cryptica_Cyccr1	-	gene_582	3618	5530	-	3928
thiDE	scaffold_10691	37.419	155	86	3	349	493	5464	5003	9.09e-19	92.8	Cyclotella_cryptica_Cyccr1	-	gene_582	3618	5530	-	5233.5
thiDN	scaffold_10691	35.028	177	101	3	15	177	5533	5003	2.18e-22	102	Cyclotella_cryptica_Cyccr1	-	gene_582	3618	5530	-	5268
thiD	scaffold_10691	36.517	178	98	4	16	179	5533	5003	4.54e-21	94.4	Cyclotella_cryptica_Cyccr1	-	gene_582	3618	5530	-	5268
THI20	scaffold_10691	32.418	182	103	4	36	202	5533	5003	3.49e-15	81.3	Cyclotella_cryptica_Cyccr1	-	gene_582	3618	5530	-	5268
thiL	scaffold_107955	100	44	0	0	33	76	1	132	7.26e-22	88.6	Cyclotella_cryptica_Cyccr1	+	scaffold_107955:1-132				66.5
thiC	scaffold_124	79.705	611	115	4	11	617	118075	116258	0	990	Pseudo-nitzschia_multiseries_Psemu1	-	"""estExt_Genewise1Plus.C_1240062"""	116249	118126	-	117166.5
TPK1	scaffold_14726	28.767	146	76	5	148	266	621	1055	1.66e-21	62.4	Cyclotella_cryptica_Cyccr1	+	gene_2720	1	1070	+	838
TPK1	scaffold_1605	27.097	310	136	11	3	266	20193	20990	9.89e-17	82.4	Pseudo-nitzschia_multiseries_Psemu1	+	"""estExt_Genewise1Plus.C_16050006"""	20499	21014	+	20591.5
dxs	scaffold_163	86.29	496	67	1	70	565	127219	128703	0	906	Pseudo-nitzschia_multiseries_Psemu1	+	"""estExt_Genemark1.C_1630038"""	127237	128698	+	127961
tenA	scaffold_2416	26.415	159	104	4	52	197	7418	6942	4.73e-7	52.8	Pseudo-nitzschia_multiseries_Psemu1	-	"""e_gw1.2416.4.1"""	6753	7517	-	7180
THTPA	scaffold_260	34.333	300	130	12	40	281	78515	77643	9.84e-33	129	Pseudo-nitzschia_multiseries_Psemu1	-	"""e_gw1.260.37.1"""	77631	78324	-	78079
thiO	scaffold_2973	27.136	398	223	11	27	363	5291	4116	6.42e-27	115	Pseudo-nitzschia_multiseries_Psemu1	-	"""e_gw1.2973.5.1"""	3834	5426	-	4703.5
TH2	scaffold_338	37.772	368	143	7	138	433	18462	17401	4.94e-62	195	Pseudo-nitzschia_multiseries_Psemu1	-	"""e_gw1.338.15.1"""	17517	18352	-	17931.5
tenA	scaffold_3942	23.333	180	105	5	52	198	41278	40739	2.25e-4	43.9	Cyclotella_cryptica_Cyccr1	-	gene_7260	40565	41338	-	41008.5
TH2	scaffold_3947	32.36	411	214	10	72	437	49345	48170	2.47e-42	162	Cyclotella_cryptica_Cyccr1	-	gene_7293	48125	49594	-	48757.5
THI20	scaffold_412	33.571	280	136	5	24	256	40574	41404	4.19e-23	107	Pseudo-nitzschia_multiseries_Psemu1	+	"""estExt_fgenesh1_pm.C_4120005"""	40546	41141	+	40989
thiDN	scaffold_412	37.569	181	105	2	4	177	40577	41116	3.56e-23	105	Pseudo-nitzschia_multiseries_Psemu1	+	"""estExt_fgenesh1_pm.C_4120005"""	40546	41141	+	40846.5
thiD	scaffold_412	30.124	322	147	9	20	266	40622	41578	7.04e-29	117	Pseudo-nitzschia_multiseries_Psemu1	+	"""estExt_fgenesh1_pm.C_4120005"""	40546	41141	+	41100
thiDE	scaffold_412	33.852	257	114	6	337	539	40634	41398	2.45e-26	117	Pseudo-nitzschia_multiseries_Psemu1	+	"""estExt_fgenesh1_pm.C_4120005"""	40546	41141	+	41016
thiE	scaffold_412	40.206	194	108	5	9	194	41687	42268	3.35e-29	116	Pseudo-nitzschia_multiseries_Psemu1	+	"""estExt_fgenesh1_pm.C_4120005"""	41199	42313	+	41977.5
THI5	scaffold_42	30.275	109	75	1	5	113	332609	332932	5.93e-8	57	Pseudo-nitzschia_multiseries_Psemu1	+	"""estExt_fgenesh1_pm.C_420005"""	332601	333529	+	332770.5
thiC	scaffold_4249	73.869	199	48	2	73	271	6937	7521	2.9e-92	308	Cyclotella_cryptica_Cyccr1	+	gene_9184	6474	8884	+	7229
adk	scaffold_4250	72.619	84	23	0	224	307	35593	35342	7.02e-31	124	Cyclotella_cryptica_Cyccr1	-	scaffold_4250:35593-35342				35467.5
thiF	scaffold_434	36.327	245	148	4	8	244	85134	84400	5.32e-38	143	Pseudo-nitzschia_multiseries_Psemu1	-	"""e_gw1.434.71.1"""	84388	85161	-	84767
thiO	scaffold_4408	27.869	366	211	13	26	348	13940	15007	4.52e-27	115	Cyclotella_cryptica_Cyccr1	+	gene_9996	13673	16249	+	14473.5
THTPA	scaffold_4628	31.081	296	149	15	25	275	11064	11921	3.58e-20	92.4	Cyclotella_cryptica_Cyccr1	+	gene_11011	10869	11924	+	11492.5
ylmB	scaffold_4717	22.016	486	303	15	3	425	5807	4389	9.29e-14	75.9	Cyclotella_cryptica_Cyccr1	-	gene_11380	4386	5906	-	5098
adk	scaffold_529	73.709	213	54	1	103	313	64115	63477	2.39e-95	311	Pseudo-nitzschia_multiseries_Psemu1	-	"""fgenesh1_kg.529_#_14_#_6139_1_CCCI_CCOA_CCOB_CCOC_CFAP_CFAS"""	63471	64355	-	63796
dxs	scaffold_5316	76.963	573	120	4	1	567	11178	12878	0	920	Cyclotella_cryptica_Cyccr1	+	gene_13448	11178	13528	+	12028
rsgA	scaffold_570	33.621	116	54	4	170	265	46806	47144	3.56e-4	44.7	Pseudo-nitzschia_multiseries_Psemu1	+	"""gm1.35096_g"""	46851	47303	+	46975
thiI	scaffold_61961	100	63	0	0	163	225	1	189	7.88e-41	142	Cyclotella_cryptica_Cyccr1	+	scaffold_61961:1-189				95
iscS	scaffold_6256	79.915	234	47	0	166	399	6361	5660	3.89e-162	364	Cyclotella_cryptica_Cyccr1	-	gene_15800	5657	6970	-	6010.5
NTPCR	scaffold_81	33.659	205	101	6	7	178	69286	69894	4.99e-21	91.7	Pseudo-nitzschia_multiseries_Psemu1	+	scaffold_81:69286-69894				69590
thiK	scaffold_83269	100	52	0	0	26	77	3	158	6.65e-31	111	Cyclotella_cryptica_Cyccr1	+	scaffold_83269:3-158				80.5
thiH	scaffold_87833	100	50	0	0	227	276	1	150	4.48e-30	111	Cyclotella_cryptica_Cyccr1	+	scaffold_87833:1-150				75.5
thiF	scaffold_8901	39.823	226	114	5	8	212	248	922	3.78e-38	143	Cyclotella_cryptica_Cyccr1	+	gene_19958	1	1605	+	585
THI6	scaffold_984	30.055	183	112	7	9	188	11155	11664	1.91e-6	53.5	Pseudo-nitzschia_multiseries_Psemu1	+	"""e_gw1.984.18.1"""	11149	11772	+	11409.5
tenI	scaffold_984	29.688	128	88	2	59	184	11344	11727	6.15e-8	54.7	Pseudo-nitzschia_multiseries_Psemu1	+	"""e_gw1.984.18.1"""	11149	11772	+	11535.5
thiO	scaffold00005	30	350	200	13	45	363	784928	783921	1.19e-29	122	Synedra_acus_sac1	-	15420-gene	782892	785282	-	784424.5
iscS	scaffold00013	75.87	431	71	1	2	399	395030	396322	0	653	Synedra_acus_sac1	+	8658-gene	395069	396325	+	395676
thiE	scaffold00017	40.291	206	113	7	9	204	274644	274027	3.93e-26	106	Synedra_acus_sac1	-	21613-gene	274015	275784	-	274335.5
THTPA	scaffold00053	35.021	237	139	8	40	273	49929	49255	1.34e-26	110	Synedra_acus_sac1	-	10373-gene	49234	49929	-	49592
tenA	scaffold00078	26.582	158	100	5	52	198	91827	92285	1.91e-7	52.8	Synedra_acus_sac1	+	22646-gene	91764	92462	+	92056
TPK1	scaffold00091	28.846	260	115	12	6	242	135674	135036	2.9e-16	79.7	Synedra_acus_sac1	-	4907-gene	135045	135758	-	135355
adk	scaffold00101	67.606	142	46	0	171	312	93702	93277	4.41e-80	200	Synedra_acus_sac1	-	4024-gene	93274	94313	-	93489.5
dxs	scaffold00328	80.468	727	115	4	16	719	51327	49159	0	1182	Synedra_acus_sac1	-	23730-gene	49194	51736	-	50243
thiC	scaffold00411	81.894	602	97	4	25	619	39485	37695	0	999	Synedra_acus_sac1	-	2740-gene	37656	39641	-	38590
THI20	scaffold00580	40.226	266	138	9	12	274	17987	18730	2.39e-42	164	Synedra_acus_sac1	+	594-gene	15798	20629	-	18358.5
thiDE	scaffold00580	42	250	136	4	310	559	18008	18730	2.11e-34	141	Synedra_acus_sac1	+	594-gene	15798	20629	-	18369
thiDN	scaffold00580	38.843	242	134	5	6	243	18038	18733	3.63e-30	125	Synedra_acus_sac1	+	594-gene	15798	20629	-	18385.5
thiG	scaffold00637	46.8	250	132	1	4	252	18473	19222	3.23e-66	223	Synedra_acus_sac1	+	20708-gene	17851	23331	+	18847.5
thiF	scaffold00756	37.849	251	150	3	1	248	17676	18419	2.14e-41	152	Synedra_acus_sac1	+	17005-gene	17868	21990	-	18047.5
THI6	scaffold01060	31.298	131	84	3	12	141	9708	10085	4.75e-10	63.9	Synedra_acus_sac1	+	1479-gene	9645	13863	+	9896.5
ylmB	scaffold01734	28.431	102	69	3	20	119	5670	5969	3.89e-7	53.9	Synedra_acus_sac1	+	12851-gene	2972	5950	-	5819.5
thiD	scaffold03013	36.194	268	128	5	20	261	1043	291	5.02e-40	148	Synedra_acus_sac1	-	8753-gene	1	1549	-	667
thiL	scaffold03272	35.562	329	173	13	5	321	1264	359	5.3e-30	121	Synedra_acus_sac1	-	6294-gene	266	2234	-	811.5
tenI	scaffold03633	35.294	102	64	2	85	184	1562	1867	6.64e-9	56.2	Synedra_acus_sac1	+	10271-gene	1121	2090	-	1714.5
tenA	scaffold101_size565204	23.333	180	105	5	52	198	432028	432567	2.4e-4	43.9	Cyclotella_cryptica_ASM1318728v1	+	CCRYP_009563_size565204-processed-gene-4.50	431439	432877	+	432297.5
TH2	scaffold14_size2522936|	32.36	411	214	10	72	437	1557009	1555834	2.66e-42	162	Cyclotella_cryptica_ASM1318728v1	-	scaffold14_size2522936|:1557009-1555834				1556421.5
thiC	scaffold23_size1082546	73.869	199	48	2	73	271	319701	320285	4.02e-92	308	Cyclotella_cryptica_ASM1318728v1	+	CCRYP_003000_size1082546-augustus-gene-3.15	319042	321978	+	319993
thiDN	scaffold30_size1839819	32.948	173	102	3	19	177	264261	264779	9.41e-19	91.7	Cyclotella_cryptica_ASM1318728v1	+	CCRYP_000796_size1839819-augustus-gene-2.35	263582	268112	-	264520
thiD	scaffold30_size1839819	34.483	174	99	4	20	179	264261	264779	9.24e-17	82	Cyclotella_cryptica_ASM1318728v1	+	CCRYP_000796_size1839819-augustus-gene-2.35	263582	268112	-	264520
THI20	scaffold30_size1839819	30.899	178	103	4	40	202	264261	264779	3.42e-13	75.1	Cyclotella_cryptica_ASM1318728v1	+	CCRYP_000796_size1839819-augustus-gene-2.35	263582	268112	-	264520
thiDE	scaffold30_size1839819	37.419	155	86	3	349	493	264318	264779	5.19e-19	94	Cyclotella_cryptica_ASM1318728v1	+	CCRYP_000796_size1839819-augustus-gene-2.35	263582	268112	-	264548.5
thiE	scaffold30_size1839819	42.5	200	104	7	15	204	265556	266152	1.92e-31	122	Cyclotella_cryptica_ASM1318728v1	+	CCRYP_000796_size1839819-augustus-gene-2.35	263582	268112	-	265854
iscS	scaffold347_size139305	79.915	234	47	0	166	399	99439	98738	4.57e-162	364	Cyclotella_cryptica_ASM1318728v1	-	CCRYP_018707_size139305-snap-gene-0.49	98595	100684	-	99088.5
THTPA	scaffold470_size119222	31.081	296	149	15	25	275	109837	108980	3.86e-20	92.4	Cyclotella_cryptica_ASM1318728v1	-	CCRYP_019333_size119222-exonerate_est2genome-gene-0.5	108877	110184	-	109408.5
dxs	scaffold49_size1113722	76.963	573	120	4	1	567	374578	376278	0	920	Cyclotella_cryptica_ASM1318728v1	+	CCRYP_002852_size1113722-snap-gene-3.3	374078	377370	+	375428
ylmB	scaffold50_size1076052	22.016	486	303	15	3	425	1068348	1069766	1.01e-13	75.9	Cyclotella_cryptica_ASM1318728v1	+	CCRYP_003523_size1076052-processed-gene-9.65	1068249	1069769	+	1069057
TPK1	scaffold53_size842038	28.767	146	76	5	148	266	99638	99204	1.76e-21	62.8	Cyclotella_cryptica_ASM1318728v1	-	CCRYP_005566_size842038-augustus-gene-1.3	99113	100664	-	99421
thiO	scaffold58_size654149	27.869	366	211	13	26	348	137191	136124	4.91e-27	115	Cyclotella_cryptica_ASM1318728v1	-	CCRYP_008169_size654149-processed-gene-1.26	134882	137458	-	136657.5
thiF	scaffold81_size906611	39.823	226	114	5	8	212	32393	31719	6.95e-38	142	Cyclotella_cryptica_ASM1318728v1	-	CCRYP_004866_size906611-augustus-gene-0.14	30994	33077	-	32056
adk	scaffold91_size1046064	61.417	254	47	1	105	307	971673	972434	1.35e-91	300	Cyclotella_cryptica_ASM1318728v1	+	CCRYP_003889_size1046064-augustus-gene-9.78	971190	974232	+	972053.5
thiG	Sro_chlor_contig51	47.059	255	127	3	2	248	58187	57423	1.07e-68	231	Seminavis_robusta_version1.2	-	Sro51_chlor_g029930	57402	58208	-	57805
TPK1	Sro_contig103	30.12	166	92	8	119	266	47722	47243	1.79e-15	60.5	Seminavis_robusta_version1.2	-	Sro103_g052470	47216	48054	-	47482.5
thiH	Sro_contig1555	34.385	317	184	9	69	363	21106	22050	1.66e-46	172	Seminavis_robusta_version1.2	+	Sro1555_g282170	20686	22308	+	21578
NTPCR	Sro_contig186	41.081	185	90	6	7	178	24671	24135	4.74e-28	111	Seminavis_robusta_version1.2	-	Sro186_g080610	23028	24813	-	24403
thiF	Sro_contig1881	41.063	207	116	4	8	210	2263	1649	1.41e-34	132	Seminavis_robusta_version1.2	-	Sro1881_g303260	872	2990	-	1956
iscS	Sro_contig19	83.508	382	62	1	18	398	169073	170218	0	652	Seminavis_robusta_version1.2	+	Sro19_g013730	168192	170813	+	169645.5
dxs	Sro_contig197	78.498	586	86	3	17	565	19466	21214	0	934	Seminavis_robusta_version1.2	+	Sro197_g083720	18486	24020	+	20340
THI6	Sro_contig3058	38.333	60	36	1	38	96	6498	6319	1.07e-4	47	Seminavis_robusta_version1.2	-	Sro3058_g342900	5947	7739	-	6408.5
thiE	Sro_contig3058	39.512	205	116	5	9	205	6570	5956	1.41e-30	119	Seminavis_robusta_version1.2	-	Sro3058_g342900	5947	7739	-	6263
thiDE	Sro_contig3058	40	160	91	3	337	493	7670	7197	1.81e-25	114	Seminavis_robusta_version1.2	-	Sro3058_g342900	5947	7739	-	7433.5
thiDN	Sro_contig3058	40.86	186	103	3	4	183	7727	7173	3.39e-28	120	Seminavis_robusta_version1.2	-	Sro3058_g342900	5947	7739	-	7450
thiD	Sro_contig3058	47.802	182	91	3	1	179	7739	7197	5.18e-35	134	Seminavis_robusta_version1.2	-	Sro3058_g342900	5947	7739	-	7468
THI20	Sro_contig3058	37.5	192	109	6	16	202	7754	7197	4.11e-19	93.6	Seminavis_robusta_version1.2	-	Sro3058_g342900	5947	7739	-	7475.5
THTPA	Sro_contig3376	34.169	319	161	12	2	276	4572	3631	2.68e-35	135	Seminavis_robusta_version1.2	-	Sro3376_g347400	3226	4777	-	4101.5
thiO	Sro_contig399	28.045	353	212	13	45	363	53304	54338	1.66e-25	110	Seminavis_robusta_version1.2	+	Sro399_g134930	53091	55801	+	53821
thiC	Sro_contig446	85.754	358	47	1	262	619	43831	44892	0	619	Seminavis_robusta_version1.2	+	Sro446_g144700	42554	45358	+	44361.5
rsgA	Sro_contig453	30.189	159	72	11	90	212	21132	20665	5.36e-4	43.5	Seminavis_robusta_version1.2	-	Sro453_g146070	20034	22500	-	20898.5
phoA	Sro_contig525	32.781	302	137	7	43	293	33810	32950	1.75e-24	110	Seminavis_robusta_version1.2	-	Sro525_g160150	31694	33897	-	33380
ylmB	Sro_contig87	39.535	86	52	0	83	168	84313	84056	1.63e-9	62	Seminavis_robusta_version1.2	-	Sro87_g046140	82392	84862	-	84184.5
adk	Sro_contig886	67.451	255	44	2	92	307	39373	38609	1.79e-103	333	Seminavis_robusta_version1.2	-	Sro886_g216240	38387	39721	-	38991
tenA	Sro_contig90	29.323	133	89	4	52	180	36789	36394	9.35e-6	48.1	Seminavis_robusta_version1.2	-	Sro90_g047300	35847	37052	-	36591.5
THI20	WKLE02000418_1	31.295	278	163	5	24	276	54657	55481	1.06e-23	107	Asterionellopsis_glacialis_ASM1488511v2	+	WKLE02000418_1:54657-55481				55069
thiDN	WKLE02000418_1	34.94	249	119	5	4	214	54660	55391	4.74e-23	103	Asterionellopsis_glacialis_ASM1488511v2	+	WKLE02000418_1:54660-55391				55025.5
thiD	WKLE02000418_1	36.709	237	114	7	19	221	54702	55406	1.86e-30	120	Asterionellopsis_glacialis_ASM1488511v2	+	WKLE02000418_1:54702-55406				55054
thiDE	WKLE02000418_1	32.34	235	125	5	337	539	54717	55415	8.61e-25	110	Asterionellopsis_glacialis_ASM1488511v2	+	WKLE02000418_1:54717-55415				55066
thiE	WKLE02000418_1	39.394	198	112	5	15	204	55710	56303	1.63e-31	121	Asterionellopsis_glacialis_ASM1488511v2	+	WKLE02000418_1:55710-56303				56006.5
THI6	WKLE02000418_1	25.98	204	131	6	38	236	55764	56330	7.64e-5	46.6	Asterionellopsis_glacialis_ASM1488511v2	+	WKLE02000418_1:55764-56330				56047
iscS	WKLE02000668_1	72.566	452	70	2	2	399	26770	25415	0	645	Asterionellopsis_glacialis_ASM1488511v2	-	WKLE02000668_1:26770-25415				26092.5
TPK1	WKLE02000689_1	26.962	293	161	9	3	266	34402	35208	1.15e-21	95.1	Asterionellopsis_glacialis_ASM1488511v2	+	WKLE02000689_1:34402-35208				34805
tenI	WKLE02000702_1	28.049	164	100	9	42	188	106029	106517	2.62e-5	45.1	Asterionellopsis_glacialis_ASM1488511v2	+	WKLE02000702_1:106029-106517				106273
thiC	WKLE02001293_1	83.531	589	90	3	32	618	18349	20100	0	1010	Asterionellopsis_glacialis_ASM1488511v2	+	WKLE02001293_1:18349-20100				19224.5
thiO	WKLE02001329_1	27.887	355	208	13	45	363	14177	13149	3.27e-27	114	Asterionellopsis_glacialis_ASM1488511v2	-	WKLE02001329_1:14177-13149				13663
THI5	WKLE02001615_1	26.19	252	165	8	5	244	3635	2907	1.14e-10	63.9	Asterionellopsis_glacialis_ASM1488511v2	-	WKLE02001615_1:3635-2907				3271
TH2	WKLE02002003_1	36.565	361	148	8	75	435	30916	30077	2.49e-51	187	Asterionellopsis_glacialis_ASM1488511v2	-	WKLE02002003_1:30916-30077				30496.5
ylmB	WKLE02002038_1	27.329	161	105	6	8	159	5399	5872	3.56e-5	47.4	Asterionellopsis_glacialis_ASM1488511v2	+	WKLE02002038_1:5399-5872				5635.5
thiF	WKLE02002052_1	34.959	246	148	3	1	234	14281	15018	4.63e-32	124	Asterionellopsis_glacialis_ASM1488511v2	+	WKLE02002052_1:14281-15018				14649.5
dxs	WKLE02003169_1	77.46	559	76	2	51	560	6921	8594	0	894	Asterionellopsis_glacialis_ASM1488511v2	+	WKLE02003169_1:6921-8594				7757.5
THTPA	WKLE02005184_1	37.548	261	142	10	23	277	16420	17157	2.21e-44	161	Asterionellopsis_glacialis_ASM1488511v2	+	WKLE02005184_1:16420-17157				16788.5
adk	WKLE02005941_1	52.29	262	87	1	90	313	284	1069	1.47e-87	267	Asterionellopsis_glacialis_ASM1488511v2	+	WKLE02005941_1:284-1069				676.5
NTPCR	WKLE02006038_1	35.227	176	101	7	7	177	13557	14060	8.18e-20	86.7	Asterionellopsis_glacialis_ASM1488511v2	+	WKLE02006038_1:13557-14060				13808.5
thiG	WKLE02006732_1	51.765	255	115	3	2	248	883	1647	5.32e-74	245	Asterionellopsis_glacialis_ASM1488511v2	+	WKLE02006732_1:883-1647				1265
iscS	WXVQ01000013_1	86.162	383	53	0	18	400	215677	216825	0	671	Nitzschia_sp_Nitz4	+	WXVQ01000013_1:215677-216825				216251
rsgA	WXVQ01000041_1	33.036	112	58	7	117	212	21435	21103	2.3e-4	42.7	Nitzschia_sp_Nitz4	-	WXVQ01000041_1:21435-21103				21269
thiO	WXVQ01000050_1	25.773	194	115	7	195	363	39352	39921	1.2e-6	50.4	Nitzschia_sp_Nitz4	+	WXVQ01000050_1:39352-39921				39636.5
thiDN	WXVQ01000058_1	33.333	102	61	3	77	173	26836	27135	2.56e-10	62.8	Nitzschia_sp_Nitz4	+	WXVQ01000058_1:26836-27135				26985.5
adk	WXVQ01000075_1	63.855	249	57	2	89	307	87245	86508	3.78e-96	311	Nitzschia_sp_Nitz4	-	WXVQ01000075_1:87245-86508				86876.5
dxs	WXVQ01000081_1	29.921	127	82	5	422	544	110818	111189	5.94e-5	46.6	Nitzschia_sp_Nitz4	+	WXVQ01000081_1:110818-111189				111003.5
thiF	WXVQ01000107_1	38.728	173	101	3	42	211	6474	5962	5.48e-31	110	Nitzschia_sp_Nitz4	-	WXVQ01000107_1:6474-5962				6218
ylmB	WXVQ01000155_1	33.333	84	56	0	83	166	45592	45843	6.8e-6	48.1	Nitzschia_sp_Nitz4	+	WXVQ01000155_1:45592-45843				45717.5
TPK1	WXVQ01000181_1	30.035	283	130	11	3	266	6441	7142	1e-24	103	Nitzschia_sp_Nitz4	+	WXVQ01000181_1:6441-7142				6791.5
THTPA	WXVQ01000185_1	36.719	256	145	10	28	277	12229	11495	1.69e-34	132	Nitzschia_sp_Nitz4	-	WXVQ01000185_1:12229-11495				11862
