237	2+306	0	32390	1	331411at2759|QAXB01007585_1|+|60|2.206e-10|1|2|307|2[2]:307[307]:306[306]
243	268+162	0	128012	1	687505at2759|QAXB01007777_1|+|67|1.724e-12|1|268|429|268[268]:429[429]:162[162]
393	541-105	0	37066	-1	751335at2759|QAXB01012577_1|-|38|0.0009254|1|437|541|541[541]:437[437]:105[105]
414	221-129	0	128012	-1	687505at2759|QAXB01013249_1|-|51|1.13e-07|1|93|221|221[221]:93[93]:129[129]
496	1838-300	0	3798	-1	142542at2759|QAXB01015873_1|-|82|5.26e-17|1|1539|1838|1838[1838]:1539[1539]:300[300]
662	9+345	0	193361	1	598949at2759|QAXB01021185_1|+|64|1.379e-11|1|9|353|9[9]:353[353]:345[345]
793	5+997	0	221265	1	1014314at2759|QAXB01025377_1|+|215|4.831e-57|2|5|1001|5[5]:73[73]:69[69]|204[204]:1001[1001]:798[798]
842	354-354	0	198951	-1	1322299at2759|QAXB01026945_1|-|94|1.284e-20|1|1|354|354[354]:1[1]:354[354]
1033	241-213	0	180782	-1	179362at2759|QAXB01033057_1|-|42|5.784e-05|1|29|241|241[241]:29[29]:213[213]
1037	240-240	0	146797	-1	866359at2759|QAXB01033185_1|-|108|7.838e-25|1|1|240|240[240]:1[1]:240[240]
1042	6+501	0	101489	1	418107at2759|QAXB01033345_1|+|52|5.648e-08|1|6|506|6[6]:506[506]:501[501]
1054	744-739	0	111628	-1	39650at2759|QAXB01033729_1|-|149|3.564e-37|2|6|744|744[744]:397[397]:348[348]|311[311]:6[6]:306[306]
1200	260+747	0	51923	1	719531at2759|QAXB01038401_1|+|55|7.06e-09|1|260|1006|260[260]:1006[1006]:747[747]
1229	563-285	0	188346	-1	142542at2759|QAXB01039329_1|-|63|2.758e-11|1|279|563|563[563]:279[279]:285[285]
1305	631-630	0	56221	-1	392369at2759|QAXB01041761_1|-|203|1.979e-53|1|2|631|631[631]:2[2]:630[630]
1313	58+363	0	155956	1	734341at2759|QAXB01042017_1|+|38|0.0009254|1|58|420|58[58]:420[420]:363[363]
1323	16+222	0	151884	1	392369at2759|QAXB01042337_1|+|117|1.531e-27|1|16|237|16[16]:237[237]:222[222]
1426	1824+408	0	206397	1	1312453at2759|QAXB01045633_1|+|42|5.784e-05|1|1824|2231|1824[1824]:2231[2231]:408[408]
1534	236+1996	0	191566	1	39650at2759|QAXB01049089_1|+|525|2.316e-150|2|236|2231|236[236]:1843[1843]:1608[1608]|1953[1959]:2231[2231]:279[273]
1557	1887+1041	0	149463	1	931188at2759|QAXB01049825_1|+|89|4.11e-19|1|1887|2927|1887[1887]:2927[2927]:1041[1041]
1567	355-336	0	48468	-1	911863at2759|QAXB01050145_1|-|40|0.0002313|1|20|355|355[355]:20[20]:336[336]
1573	496-348	0	28962	-1	1312453at2759|QAXB01050337_1|-|51|1.13e-07|1|149|496|496[496]:149[149]:348[348]
1585	2187-705	0	175603	-1	664730at2759|QAXB01050721_1|-|46|3.615e-06|1|1483|2187|2187[2187]:1483[1483]:705[705]
1664	516-504	0	28962	-1	1312453at2759|QAXB01053249_1|-|71|1.077e-13|1|13|516|516[516]:13[13]:504[504]
1670	7+228	0	155469	1	673132at2759|QAXB01053441_1|+|67|1.724e-12|1|7|234|7[7]:234[234]:228[228]
1687	2932-270	0	207489	-1	1405146at2759|QAXB01053985_1|-|83|2.63e-17|1|2663|2932|2932[2932]:2663[2663]:270[270]
1693	2457+700	0	113345	1	1312453at2759|QAXB01054177_1|+|113|2.449e-26|2|2457|3156|2457[2457]:2732[2732]:276[276]|2833[2833]:3156[3156]:324[324]
1697	282+945	0	171520	1	1003258at2759|QAXB01054305_1|+|40|0.0002313|1|282|1226|282[282]:1226[1226]:945[945]
1709	534+381	0	68449	1	674160at2759|QAXB01054689_1|+|42|5.784e-05|1|534|914|534[534]:914[914]:381[381]
1710	2309-714	0	71102	-1	1588798at2759|QAXB01054721_1|-|58|8.825e-10|1|1596|2309|2309[2309]:1596[1596]:714[714]
1718	7770-975	0	66811	-1	1563319at2759|QAXB01054977_1|-|265|4.291e-72|1|6796|7770|7770[7770]:6796[6796]:975[975]
1816	0+504	0	22657	1	801857at2759|QAXB01003042_1|+|103|2.508e-23|1|0|503|0[0]:503[503]:504[504]
1817	363-363	0	14394	-1	418107at2759|QAXB01003074_1|-|72|5.386e-14|1|1|363|363[363]:1[1]:363[363]
1830	308-309	0	4604	-1	1107630at2759|QAXB01003490_1|-|57|1.765e-09|1|0|308|308[308]:0[0]:309[309]
1885	313-312	0	123620	-1	1108845at2759|QAXB01005250_1|-|130|1.869e-31|1|2|313|313[313]:2[2]:312[312]
2144	353-351	0	182138	-1	1112002at2759|QAXB01013538_1|-|61|1.103e-10|1|3|353|353[353]:3[3]:351[351]
2312	0+243	0	118746	1	97116at2759|QAXB01018914_1|+|81|1.052e-16|1|0|242|0[0]:242[242]:243[243]
2324	437-432	0	173051	-1	974865at2759|QAXB01019298_1|-|138|7.3e-34|1|6|437|437[437]:6[6]:432[432]
2646	365-303	0	136083	-1	1405146at2759|QAXB01029602_1|-|126|2.99e-30|1|63|365|365[365]:63[63]:303[303]
2647	341-339	0	180985	-1	814241at2759|QAXB01029634_1|-|52|5.648e-08|1|3|341|341[341]:3[3]:339[339]
2737	1310-516	0	39494	-1	779909at2759|QAXB01032514_1|-|38|0.0009254|1|795|1310|1310[1310]:795[795]:516[516]
2750	82+822	0	10055	1	671536at2759|QAXB01032930_1|+|110|1.96e-25|1|82|903|82[82]:903[903]:822[822]
2759	1646-186	0	224463	-1	858842at2759|QAXB01033218_1|-|48|9.037e-07|1|1461|1646|1646[1646]:1461[1461]:186[186]
2793	484-483	0	192846	-1	426305at2759|QAXB01034306_1|-|75|6.733e-15|1|2|484|484[484]:2[2]:483[483]
2802	211+1204	0	1833	1	973442at2759|QAXB01034594_1|+|211|7.729e-56|2|211|1414|211[211]:456[456]:246[246]|647[650]:1414[1414]:768[765]
2893	1261-501	0	90414	-1	1065019at2759|QAXB01037506_1|-|113|2.449e-26|1|761|1261|1261[1261]:761[761]:501[501]
2941	2479-895	0	40789	-1	671536at2759|QAXB01039042_1|-|523|9.263e-150|2|1585|2479|2479[2479]:1799[1799]:681[681]|1713[1713]:1585[1585]:129[129]
2952	1229-525	0	28962	-1	1312453at2759|QAXB01039394_1|-|61|1.103e-10|1|705|1229|1229[1229]:705[705]:525[525]
3037	473+882	0	48679	1	1445102at2759|QAXB01042114_1|+|126|2.99e-30|1|473|1354|473[473]:1354[1354]:882[882]
3103	738+777	0	209491	1	905026at2759|QAXB01044226_1|+|61|1.103e-10|1|738|1514|738[738]:1514[1514]:777[777]
3112	675+318	0	30856	1	975557at2759|QAXB01044514_1|+|74|1.347e-14|1|675|992|675[675]:992[992]:318[318]
3273	1474+147	0	36990	1	142542at2759|QAXB01049666_1|+|50|2.259e-07|1|1474|1620|1474[1474]:1620[1620]:147[147]
3306	2187-705	0	175603	-1	664730at2759|QAXB01050722_1|-|46|3.615e-06|1|1483|2187|2187[2187]:1483[1483]:705[705]
3319	1015-1008	0	135221	-1	1370304at2759|QAXB01051138_1|-|192|4.052e-50|1|8|1015|1015[1015]:8[8]:1008[1008]
3333	146+1004	0	111628	1	39650at2759|QAXB01051586_1|+|134|1.168e-32|2|146|1149|146[146]:514[514]:369[369]|862[862]:1149[1149]:288[288]
3344	2733-1011	0	200084	-1	1284731at2759|QAXB01051938_1|-|81|1.052e-16|1|1723|2733|2733[2733]:1723[1723]:1011[1011]
3356	402+585	0	141161	1	721605at2759|QAXB01052322_1|+|39|0.0004627|1|402|986|402[402]:986[986]:585[585]
3413	1309-552	0	901	-1	245208at2759|QAXB01054146_1|-|286|2.046e-78|1|758|1309|1309[1309]:758[758]:552[552]
3413	351-198	0	214548	-1	245208at2759|QAXB01054146_1|-|87|1.644e-18|1|154|351|351[351]:154[154]:198[198]
3418	1221+267	0	229685	1	1249159at2759|QAXB01054306_1|+|55|7.06e-09|1|1221|1487|1221[1221]:1487[1487]:267[267]
3434	22+249	0	29768	1	779909at2759|QAXB01054818_1|+|81|1.052e-16|1|22|270|22[22]:270[270]:249[249]
3508	1022-981	0	153439	-1	1348942at2759|QAXB01002115_1|-|98|8.026e-22|1|42|1022|1022[1022]:42[42]:981[981]
3556	2+312	0	163485	1	390348at2759|QAXB01003651_1|+|159|3.481e-40|1|2|313|2[2]:313[313]:312[312]
3588	547-495	0	156736	-1	1112002at2759|QAXB01004675_1|-|77|1.683e-15|1|53|547|547[547]:53[53]:495[495]
4170	7+186	0	59768	1	396755at2759|QAXB01023299_1|+|46|3.615e-06|1|7|192|7[7]:192[192]:186[186]
4290	37+204	0	25271	1	1014314at2759|QAXB01027139_1|+|42|5.784e-05|1|37|240|37[37]:240[240]:204[204]
4390	1062-285	0	105592	-1	1107630at2759|QAXB01030339_1|-|70|2.155e-13|1|778|1062|1062[1062]:778[778]:285[285]
4442	13+240	0	70641	1	87842at2759|QAXB01032003_1|+|54|1.412e-08|1|13|252|13[13]:252[252]:240[240]
4504	1827-732	0	153439	-1	1348942at2759|QAXB01033987_1|-|71|1.077e-13|1|1096|1827|1827[1827]:1096[1096]:732[732]
4533	1478-843	0	192388	-1	719531at2759|QAXB01034915_1|-|308|4.878e-85|1|636|1478|1478[1478]:636[636]:843[843]
4554	1754+822	0	229892	1	761109at2759|QAXB01035587_1|+|42|5.784e-05|1|1754|2575|1754[1754]:2575[2575]:822[822]
4594	564-165	0	92552	-1	390348at2759|QAXB01036867_1|-|38|0.0009254|1|400|564|564[564]:400[400]:165[165]
4614	1285-501	0	90414	-1	1065019at2759|QAXB01037507_1|-|113|2.449e-26|1|785|1285|1285[1285]:785[785]:501[501]
4779	718+636	0	209491	1	905026at2759|QAXB01042787_1|+|54|1.412e-08|1|718|1353|718[718]:1353[1353]:636[636]
4802	1543-573	0	156234	-1	801857at2759|QAXB01043523_1|-|46|3.615e-06|1|971|1543|1543[1543]:971[971]:573[573]
4813	1012+591	0	78519	1	1588798at2759|QAXB01043875_1|+|39|0.0004627|1|1012|1602|1012[1012]:1602[1602]:591[591]
4840	2958+204	0	3973	1	1079827at2759|QAXB01044739_1|+|48|9.037e-07|1|2958|3161|2958[2958]:3161[3161]:204[204]
4841	338+681	0	164167	1	905026at2759|QAXB01044771_1|+|50|2.259e-07|1|338|1018|338[338]:1018[1018]:681[681]
4954	1057-201	0	47030	-1	858842at2759|QAXB01048387_1|-|52|5.648e-08|1|857|1057|1057[1057]:857[857]:201[201]
4966	762-582	0	11910	-1	1530008at2759|QAXB01048771_1|-|89|4.11e-19|1|181|762|762[762]:181[181]:582[582]
4973	0+552	0	7864	1	671536at2759|QAXB01048995_1|+|155|5.569e-39|1|0|551|0[0]:551[551]:552[552]
5009	3145-897	0	111628	-1	39650at2759|QAXB01050147_1|-|144|1.141e-35|1|2249|3145|3145[3145]:2249[2249]:897[897]
5016	874+1539	0	42772	1	664730at2759|QAXB01050371_1|+|127|1.495e-30|1|874|2412|874[874]:2412[2412]:1539[1539]
5030	1037-207	0	28418	-1	931188at2759|QAXB01050819_1|-|63|2.758e-11|1|831|1037|1037[1037]:831[831]:207[207]
5030	1621-309	0	175169	-1	931188at2759|QAXB01050819_1|-|108|7.838e-25|1|1313|1621|1621[1621]:1313[1313]:309[309]
5046	1170-1097	0	84655	-1	1364586at2759|QAXB01051331_1|-|124|1.196e-29|2|74|1170|1170[1170]:607[607]:564[564]|349[349]:74[74]:276[276]
5052	2897-2892	0	46594	-1	1450538at2759|QAXB01051523_1|-|581|3.214e-167|1|6|2897|2897[2897]:6[6]:2892[2892]
5061	1858-132	0	17825	-1	1264469at2759|QAXB01051811_1|-|45|7.23e-06|1|1727|1858|1858[1858]:1727[1727]:132[132]
5108	908-411	0	193361	-1	598949at2759|QAXB01053315_1|-|74|1.347e-14|1|498|908|908[908]:498[498]:411[411]
5136	2301-874	0	30719	-1	1428265at2759|QAXB01054211_1|-|399|1.97e-112|2|1428|2301|2301[2301]:2161[2161]:141[141]|2066[2066]:1428[1428]:639[639]
5147	883-766	0	111628	-1	39650at2759|QAXB01054563_1|-|136|2.92e-33|2|118|883|883[883]:716[716]:168[168]|588[588]:118[118]:471[471]
5156	17131-396	0	171169	-1	1575179at2759|QAXB01054851_1|-|50|2.259e-07|1|16736|17131|17131[17131]:16736[16736]:396[396]
5444	43+2073	0	132302	1	142542at2759|QAXB01008996_1|+|201|7.915e-53|3|43|2115|43[43]:426[426]:384[384]|519[519]:707[707]:189[189]|1042[1042]:2115[2115]:1074[1074]
5633	268-264	0	229061	-1	1530008at2759|QAXB01015044_1|-|152|4.456e-38|1|5|268|268[268]:5[5]:264[264]
5988	1574-1243	0	67917	-1	299766at2759|QAXB01026404_1|-|268|5.363e-73|3|332|1574|1574[1574]:789[789]:786[786]|719[710]:579[579]:141[132]|499[499]:332[332]:168[168]
6085	64+177	0	141441	1	1223488at2759|QAXB01029508_1|+|64|1.379e-11|1|64|240|64[64]:240[240]:177[177]
6094	537-489	0	113345	-1	1312453at2759|QAXB01029796_1|-|102|5.017e-23|1|49|537|537[537]:49[49]:489[489]
6106	24+384	0	199190	1	1421503at2759|QAXB01030180_1|+|40|0.0002313|1|24|407|24[24]:407[407]:384[384]
6240	853-852	0	177954	-1	491869at2759|QAXB01034468_1|-|280|1.309e-76|1|2|853|853[853]:2[2]:852[852]
6261	255+699	0	210476	1	261419at2759|QAXB01035140_1|+|186|2.593e-48|2|255|953|255[255]:344[344]:90[90]|450[450]:953[953]:504[504]
6383	408-384	0	157527	-1	923657at2759|QAXB01039044_1|-|74|1.347e-14|1|25|408|408[408]:25[25]:384[384]
6562	987-681	0	164167	-1	905026at2759|QAXB01044772_1|-|50|2.259e-07|1|307|987|987[987]:307[307]:681[681]
6588	427-219	0	3973	-1	1079827at2759|QAXB01045604_1|-|105|6.271e-24|1|209|427|427[427]:209[209]:219[219]
6694	0+552	0	7864	1	671536at2759|QAXB01048996_1|+|155|5.569e-39|1|0|551|0[0]:551[551]:552[552]
6741	53+591	0	90414	1	1065019at2759|QAXB01050500_1|+|85|6.575e-18|1|53|643|53[53]:643[643]:591[591]
6869	541+708	0	111628	1	39650at2759|QAXB01054596_1|+|87|1.644e-18|1|541|1248|541[541]:1248[1248]:708[708]
6882	6822+405	0	28962	1	1312453at2759|QAXB01055012_1|+|61|1.103e-10|1|6822|7226|6822[6822]:7226[7226]:405[405]
6902	663-663	0	76888	-1	1108845at2759|QAXB01000581_1|-|265|4.291e-72|1|1|663|663[663]:1[1]:663[663]
7101	523-276	0	229685	-1	1249159at2759|QAXB01006949_1|-|38|0.0009254|1|248|523|523[523]:248[248]:276[276]
7193	247+657	0	107570	1	290630at2759|QAXB01009893_1|+|184|1.037e-47|1|247|903|247[247]:903[903]:657[657]
7196	536+777	0	111628	1	39650at2759|QAXB01009989_1|+|122|4.784e-29|1|536|1312|536[536]:1312[1312]:777[777]
7203	1270-381	0	157558	-1	1430056at2759|QAXB01010213_1|-|38|0.0009254|1|890|1270|1270[1270]:890[890]:381[381]
7258	365-366	0	206397	-1	1312453at2759|QAXB01011973_1|-|43|2.892e-05|1|0|365|365[365]:0[0]:366[366]
7283	1994-498	0	222919	-1	1014314at2759|QAXB01012773_1|-|44|1.446e-05|1|1497|1994|1994[1994]:1497[1497]:498[498]
7295	782+309	0	80063	1	142542at2759|QAXB01013157_1|+|51|1.13e-07|1|782|1090|782[782]:1090[1090]:309[309]
7306	1474-249	0	184076	-1	179362at2759|QAXB01013509_1|-|41|0.0001157|1|1226|1474|1474[1474]:1226[1226]:249[249]
7396	490-450	0	119447	-1	1405146at2759|QAXB01016389_1|-|44|1.446e-05|1|41|490|490[490]:41[41]:450[450]
7414	415-222	0	191126	-1	418107at2759|QAXB01016965_1|-|54|1.412e-08|1|194|415|415[415]:194[194]:222[222]
7458	0+474	0	175103	1	1346432at2759|QAXB01018373_1|+|149|3.564e-37|1|0|473|0[0]:473[473]:474[474]
7671	2+1140	0	153439	1	1348942at2759|QAXB01025189_1|+|242|3.599e-65|1|2|1141|2[2]:1141[1141]:1140[1140]
7922	305+741	0	111628	1	39650at2759|QAXB01033221_1|+|57|1.765e-09|1|305|1045|305[305]:1045[1045]:741[741]
7931	1012-354	0	193333	-1	142542at2759|QAXB01033509_1|-|48|9.037e-07|1|659|1012|1012[1012]:659[659]:354[354]
7973	7+513	0	1318	1	671536at2759|QAXB01034853_1|+|103|2.508e-23|1|7|519|7[7]:519[519]:513[513]
7990	759-760	0	16278	-1	1032689at2759|QAXB01035397_1|-|261|6.865e-71|2|0|759|759[759]:382[382]:378[378]|302[293]:0[0]:303[294]
7993	835-795	0	172475	-1	946128at2759|QAXB01035493_1|-|190|1.621e-49|1|41|835|835[835]:41[41]:795[795]
8049	260+468	0	99895	1	1287094at2759|QAXB01037285_1|+|83|2.63e-17|1|260|727|260[260]:727[727]:468[468]
8117	1532-837	0	45155	-1	768809at2759|QAXB01039461_1|-|271|6.704e-74|1|696|1532|1532[1532]:696[696]:837[837]
8137	956+411	0	80068	1	97116at2759|QAXB01040101_1|+|70|2.155e-13|1|956|1366|956[956]:1366[1366]:411[411]
8144	1770-414	0	113345	-1	1312453at2759|QAXB01040325_1|-|98|8.026e-22|1|1357|1770|1770[1770]:1357[1357]:414[414]
8154	5328-640	0	113345	-1	1312453at2759|QAXB01040645_1|-|111|9.798e-26|2|4689|5328|5328[5328]:5113[5113]:216[216]|5012[5012]:4689[4689]:324[324]
8283	987-681	0	164167	-1	905026at2759|QAXB01044773_1|-|50|2.259e-07|1|307|987|987[987]:307[307]:681[681]
8381	1468-507	0	26351	-1	1617752at2759|QAXB01047909_1|-|201|7.915e-53|2|962|1468|1468[1468]:1349[1349]:120[120]|1243[1243]:962[962]:282[282]
8383	1936-363	0	155956	-1	734341at2759|QAXB01047973_1|-|38|0.0009254|1|1574|1936|1936[1936]:1574[1574]:363[363]
8393	2019+207	0	128012	1	687505at2759|QAXB01048293_1|+|56|3.53e-09|1|2019|2225|2019[2019]:2225[2225]:207[207]
8399	31+957	0	66811	1	1563319at2759|QAXB01048485_1|+|261|6.865e-71|1|31|987|31[31]:987[987]:957[957]
8450	2778-459	0	80068	-1	97116at2759|QAXB01050117_1|-|69|4.309e-13|1|2320|2778|2778[2778]:2320[2320]:459[459]
8562	5471-747	0	51923	-1	719531at2759|QAXB01053701_1|-|55|7.06e-09|1|4725|5471|5471[5471]:4725[4725]:747[747]
8574	1710-258	0	210996	-1	1398309at2759|QAXB01054085_1|-|96|3.211e-21|1|1453|1710|1710[1710]:1453[1453]:258[258]
8577	2588-693	0	149463	-1	931188at2759|QAXB01054181_1|-|82|5.26e-17|1|1896|2588|2588[2588]:1896[1896]:693[693]
8586	2821+939	0	175208	1	1314980at2759|QAXB01054469_1|+|126|2.99e-30|1|2821|3759|2821[2821]:3759[3759]:939[939]
8596	2054-969	0	13206	-1	1284731at2759|QAXB01054789_1|-|74|1.347e-14|1|1086|2054|2054[2054]:1086[1086]:969[969]
8799	687+720	0	154546	1	721605at2759|QAXB01006214_1|+|66|3.447e-12|1|687|1406|687[687]:1406[1406]:720[720]
9620	2230-1194	0	153439	-1	1348942at2759|QAXB01032486_1|-|118|7.655e-28|1|1037|2230|2230[2230]:1037[1037]:1194[1194]
9633	1738-1710	0	88634	-1	156083at2759|QAXB01032902_1|-|951|1.336e-278|1|29|1738|1738[1738]:29[29]:1710[1710]
9755	708-249	0	100575	-1	142542at2759|QAXB01036806_1|-|72|5.386e-14|1|460|708|708[708]:460[460]:249[249]
9762	26+582	0	120780	1	721605at2759|QAXB01037030_1|+|127|1.495e-30|3|26|607|26[26]:148[148]:123[123]|199[199]:318[318]:120[120]|320[323]:607[607]:288[285]
9774	333-240	0	51323	-1	1421503at2759|QAXB01037414_1|-|38|0.0009254|1|94|333|333[333]:94[94]:240[240]
9936	30+297	0	161218	1	1001705at2759|QAXB01042598_1|+|68|8.618e-13|1|30|326|30[30]:326[326]:297[297]
10115	823-801	0	111628	-1	39650at2759|QAXB01048326_1|-|85|6.575e-18|1|23|823|823[823]:23[23]:801[801]
10150	291+822	0	80068	1	97116at2759|QAXB01049446_1|+|83|2.63e-17|1|291|1112|291[291]:1112[1112]:822[822]
10222	2273+867	0	11910	1	1530008at2759|QAXB01051750_1|+|214|9.661e-57|1|2273|3139|2273[2273]:3139[3139]:867[867]
10224	1386-849	0	153439	-1	1348942at2759|QAXB01051814_1|-|80|2.104e-16|1|538|1386|1386[1386]:538[538]:849[849]
10271	1991-1992	0	170736	-1	176625at2759|QAXB01053318_1|-|624|3.654e-180|1|0|1991|1991[1991]:0[0]:1992[1992]
10283	5158+984	0	25273	1	679771at2759|QAXB01053702_1|+|138|7.3e-34|1|5158|6141|5158[5158]:6141[6141]:984[984]
10326	916-756	0	80068	-1	97116at2759|QAXB01000007_1|-|146|2.852e-36|2|161|916|916[916]:485[485]:432[432]|412[403]:161[161]:252[243]
10364	283-276	0	158883	-1	761109at2759|QAXB01001223_1|-|120|1.914e-28|1|8|283|283[283]:8[8]:276[276]
10414	224-201	0	105107	-1	687505at2759|QAXB01002823_1|-|38|0.0009254|1|24|224|224[224]:24[24]:201[201]
10419	325+936	0	17916	1	179362at2759|QAXB01002983_1|+|75|6.733e-15|1|325|1260|325[325]:1260[1260]:936[936]
10434	218-219	0	217170	-1	1441854at2759|QAXB01003463_1|-|68|8.618e-13|1|0|218|218[218]:0[0]:219[219]
10450	31+402	0	216636	1	290630at2759|QAXB01003975_1|+|65|6.895e-12|1|31|432|31[31]:432[432]:402[402]
10605	4+450	0	80068	1	97116at2759|QAXB01008935_1|+|83|2.63e-17|1|4|453|4[4]:453[453]:450[450]
10657	166+135	0	133970	1	1014314at2759|QAXB01010599_1|+|39|0.0004627|1|166|300|166[166]:300[300]:135[135]
11286	1097-687	0	149463	-1	931188at2759|QAXB01030727_1|-|64|1.379e-11|1|411|1097|1097[1097]:411[411]:687[687]
11309	556-309	0	893	-1	671536at2759|QAXB01031463_1|-|48|9.037e-07|1|248|556|556[556]:248[248]:309[309]
11343	332+897	0	111628	1	39650at2759|QAXB01032551_1|+|199|3.166e-52|2|332|1228|332[332]:697[697]:366[366]|806[806]:1228[1228]:423[423]
11363	0+867	0	30714	1	891751at2759|QAXB01033191_1|+|186|2.593e-48|1|0|866|0[0]:866[866]:867[867]
11378	96+255	0	141860	1	1459797at2759|QAXB01033671_1|+|106|3.135e-24|1|96|350|96[96]:350[350]:255[255]
11416	744-732	0	188602	-1	1258856at2759|QAXB01034887_1|-|61|1.103e-10|1|13|744|744[744]:13[13]:732[732]
11488	4+531	0	212150	1	751335at2759|QAXB01037191_1|+|276|2.095e-75|1|4|534|4[4]:534[534]:531[531]
11521	28+990	0	210012	1	679187at2759|QAXB01038247_1|+|138|7.3e-34|1|28|1017|28[28]:1017[1017]:990[990]
11552	1152-225	0	48011	-1	1620056at2759|QAXB01039239_1|-|102|5.017e-23|1|928|1152|1152[1152]:928[928]:225[225]
11670	1767+1498	0	71530	1	293315at2759|QAXB01043015_1|+|261|6.865e-71|4|1767|3264|1767[1767]:1997[1997]:231[231]|2079[2079]:2477[2477]:399[399]|2556[2559]:2861[2861]:306[303]|2920[2926]:3264[3264]:345[339]
11716	796+255	0	229685	1	1249159at2759|QAXB01044487_1|+|61|1.103e-10|1|796|1050|796[796]:1050[1050]:255[255]
11729	695+231	0	3973	1	1079827at2759|QAXB01044903_1|+|152|4.456e-38|1|695|925|695[695]:925[925]:231[231]
11779	1017-643	0	183275	-1	751335at2759|QAXB01046503_1|-|180|1.66e-46|2|375|1017|1017[1017]:661[661]:357[357]|575[575]:375[375]:201[201]
11781	6+543	0	156572	1	664730at2759|QAXB01046567_1|+|47|1.807e-06|1|6|548|6[6]:548[548]:543[543]
11787	335+225	0	3973	1	1079827at2759|QAXB01046759_1|+|78|8.416e-16|1|335|559|335[335]:559[559]:225[225]
11817	1230-132	0	69526	-1	917326at2759|QAXB01047719_1|-|48|9.037e-07|1|1099|1230|1230[1230]:1099[1099]:132[132]
11836	246+822	0	111628	1	39650at2759|QAXB01048327_1|+|85|6.575e-18|1|246|1067|246[246]:1067[1067]:822[822]
11857	4007-1017	0	105022	-1	687505at2759|QAXB01048999_1|-|85|6.575e-18|1|2991|4007|4007[4007]:2991[2991]:1017[1017]
11864	1817-879	0	25273	-1	679771at2759|QAXB01049223_1|-|135|5.84e-33|1|939|1817|1817[1817]:939[939]:879[879]
11891	2898+201	0	47030	1	858842at2759|QAXB01050087_1|+|52|5.648e-08|1|2898|3098|2898[2898]:3098[3098]:201[201]
11894	3240-2001	0	126971	-1	299766at2759|QAXB01050183_1|-|77|1.683e-15|1|1240|3240|3240[3240]:1240[1240]:2001[2001]
11999	2152-666	0	202742	-1	721605at2759|QAXB01053543_1|-|39|0.0004627|1|1487|2152|2152[2152]:1487[1487]:666[666]
12001	195+1509	0	170205	1	320059at2759|QAXB01053607_1|+|227|1.179e-60|1|195|1703|195[195]:1703[1703]:1509[1509]
12198	310-306	0	178614	-1	768809at2759|QAXB01004840_1|-|86|3.288e-18|1|5|310|310[310]:5[5]:306[306]
12480	512+264	0	4957	1	1049599at2759|QAXB01013864_1|+|43|2.892e-05|1|512|775|512[512]:775[775]:264[264]
12555	906-315	0	67507	-1	687505at2759|QAXB01016264_1|-|80|2.104e-16|1|592|906|906[906]:592[592]:315[315]
12655	292-120	0	3973	-1	1079827at2759|QAXB01019464_1|-|63|2.758e-11|1|173|292|292[292]:173[173]:120[120]
12662	346-345	0	199607	-1	1233814at2759|QAXB01019688_1|-|190|1.621e-49|1|2|346|346[346]:2[2]:345[345]
13101	2016-1106	0	199497	-1	777920at2759|QAXB01033736_1|-|195|5.065e-51|2|911|2016|2016[2016]:1351[1351]:666[666]|1270[1255]:911[911]:360[345]
13115	37+537	0	4117	1	179362at2759|QAXB01034184_1|+|135|5.84e-33|3|37|573|37[37]:246[246]:210[210]|330[330]:419[419]:90[90]|502[502]:573[573]:72[72]
13122	1282-1273	0	172099	-1	426305at2759|QAXB01034408_1|-|246|2.249e-66|2|10|1282|1282[1282]:773[773]:510[510]|675[675]:10[10]:666[666]
13155	2+1014	0	55807	1	1309031at2759|QAXB01035464_1|+|200|1.583e-52|1|2|1015|2[2]:1015[1015]:1014[1014]
13234	372+429	0	97295	1	911863at2759|QAXB01037992_1|+|72|5.386e-14|1|372|800|372[372]:800[800]:429[429]
13242	290+225	0	3973	1	1079827at2759|QAXB01038248_1|+|146|2.852e-36|1|290|514|290[290]:514[514]:225[225]
13261	1556+1072	0	84655	1	1364586at2759|QAXB01038856_1|+|71|1.077e-13|2|1556|2627|1556[1556]:1936[1936]:381[381]|2055[2055]:2627[2627]:573[573]
13305	1149+723	0	153439	1	1348942at2759|QAXB01040264_1|+|94|1.284e-20|1|1149|1871|1149[1149]:1871[1871]:723[723]
13342	1778+285	0	230448	1	1428854at2759|QAXB01041448_1|+|50|2.259e-07|1|1778|2062|1778[1778]:2062[2062]:285[285]
13370	368+135	0	226586	1	858842at2759|QAXB01042344_1|+|44|1.446e-05|1|368|502|368[368]:502[502]:135[135]
13412	711-705	0	142628	-1	664730at2759|QAXB01043688_1|-|56|3.53e-09|1|7|711|711[711]:7[7]:705[705]
13480	2+372	0	29705	1	1138059at2759|QAXB01045864_1|+|39|0.0004627|1|2|373|2[2]:373[373]:372[372]
13495	1123-147	0	36990	-1	142542at2759|QAXB01046344_1|-|50|2.259e-07|1|977|1123|1123[1123]:977[977]:147[147]
13509	2026-198	0	100575	-1	142542at2759|QAXB01046792_1|-|51|1.13e-07|1|1829|2026|2026[2026]:1829[1829]:198[198]
13527	1196+540	0	137723	1	1364586at2759|QAXB01047368_1|+|59|4.413e-10|2|1196|1735|1196[1196]:1270[1270]:75[75]|1448[1448]:1735[1735]:288[288]
13533	875-351	0	204860	-1	156083at2759|QAXB01047560_1|-|125|5.98e-30|1|525|875|875[875]:525[525]:351[351]
13554	1239+573	0	156234	1	801857at2759|QAXB01048232_1|+|46|3.615e-06|1|1239|1811|1239[1239]:1811[1811]:573[573]
13576	883-552	0	28962	-1	1312453at2759|QAXB01048936_1|-|72|5.386e-14|1|332|883|883[883]:332[332]:552[552]
13608	389+909	0	25273	1	679771at2759|QAXB01049960_1|+|114|1.225e-26|1|389|1297|389[389]:1297[1297]:909[909]
13608	2963+552	0	28962	1	1312453at2759|QAXB01049960_1|+|72|5.386e-14|1|2963|3514|2963[2963]:3514[3514]:552[552]
13615	1465+2001	0	126971	1	299766at2759|QAXB01050184_1|+|77|1.683e-15|1|1465|3465|1465[1465]:3465[3465]:2001[2001]
13622	1990-822	0	111628	-1	39650at2759|QAXB01050408_1|-|85|6.575e-18|1|1169|1990|1990[1990]:1169[1169]:822[822]
13644	3128-1019	0	111628	-1	39650at2759|QAXB01051112_1|-|103|2.508e-23|2|2110|3128|3128[3128]:2679[2679]:450[450]|2478[2478]:2110[2110]:369[369]
13670	2384+866	0	124567	1	1364586at2759|QAXB01051944_1|+|188|6.484e-49|2|2384|3249|2384[2384]:3001[3001]:618[618]|3100[3100]:3249[3249]:150[150]
13723	85+648	0	57898	1	905026at2759|QAXB01053640_1|+|140|1.825e-34|1|85|732|85[85]:732[732]:648[648]
13757	467-468	0	219894	-1	671536at2759|QAXB01054728_1|-|269|2.682e-73|1|0|467|467[467]:0[0]:468[468]
13767	2293+531	0	103274	1	911863at2759|QAXB01055048_1|+|38|0.0009254|1|2293|2823|2293[2293]:2823[2823]:531[531]
13975	354-210	0	100575	-1	142542at2759|QAXB01006633_1|-|64|1.379e-11|1|145|354|354[354]:145[145]:210[210]
14228	1+617	0	120780	1	721605at2759|QAXB01014729_1|+|76|3.367e-15|2|1|617|1[1]:297[297]:297[297]|378[378]:617[617]:240[240]
14469	87+369	0	11386	1	679187at2759|QAXB01022441_1|+|73|2.693e-14|1|87|455|87[87]:455[455]:369[369]
14615	415-414	0	150076	-1	719531at2759|QAXB01027113_1|-|143|2.281e-35|1|2|415|415[415]:2[2]:414[414]
14681	37+126	0	149818	1	866359at2759|QAXB01029225_1|+|44|1.446e-05|1|37|162|37[37]:162[162]:126[126]
14755	883-882	0	9063	-1	1346165at2759|QAXB01031593_1|-|371|5.288e-104|1|2|883|883[883]:2[2]:882[882]
14799	532+714	0	111628	1	39650at2759|QAXB01033001_1|+|169|3.399e-43|1|532|1245|532[532]:1245[1245]:714[714]
14982	1557+1072	0	84655	1	1364586at2759|QAXB01038857_1|+|71|1.077e-13|2|1557|2628|1557[1557]:1937[1937]:381[381]|2056[2056]:2628[2628]:573[573]
15018	4+401	0	65801	1	655400at2759|QAXB01040009_1|+|78|8.416e-16|2|4|404|4[4]:51[51]:48[48]|135[138]:404[404]:270[267]
15069	1363-531	0	130354	-1	779909at2759|QAXB01041641_1|-|52|5.648e-08|1|833|1363|1363[1363]:833[833]:531[531]
15127	225+297	0	71380	1	1421503at2759|QAXB01043497_1|+|45|7.23e-06|1|225|521|225[225]:521[521]:297[297]
15129	1404-333	0	54777	-1	1057950at2759|QAXB01043561_1|-|85|6.575e-18|1|1072|1404|1404[1404]:1072[1072]:333[333]
15135	1244-477	0	144145	-1	1138059at2759|QAXB01043753_1|-|39|0.0004627|1|768|1244|1244[1244]:768[768]:477[477]
15192	891+471	0	162362	1	1275837at2759|QAXB01045577_1|+|62|5.516e-11|1|891|1361|891[891]:1361[1361]:471[471]
15206	5+1209	0	106341	1	687505at2759|QAXB01046025_1|+|83|2.63e-17|1|5|1213|5[5]:1213[1213]:1209[1209]
15212	860+675	0	113345	1	1312453at2759|QAXB01046217_1|+|63|2.758e-11|1|860|1534|860[860]:1534[1534]:675[675]
15237	1006+621	0	111628	1	39650at2759|QAXB01047017_1|+|119|3.827e-28|1|1006|1626|1006[1006]:1626[1626]:621[621]
15273	1316-630	0	113345	-1	1312453at2759|QAXB01048169_1|-|73|2.693e-14|1|687|1316|1316[1316]:687[687]:630[630]
15294	501-471	0	99895	-1	1287094at2759|QAXB01048841_1|-|85|6.575e-18|1|31|501|501[501]:31[31]:471[471]
15332	603+957	0	197052	1	1249159at2759|QAXB01050057_1|+|88|8.219e-19|1|603|1559|603[603]:1559[1559]:957[957]
15340	736-333	0	106366	-1	1223488at2759|QAXB01050313_1|-|38|0.0009254|1|404|736|736[736]:404[404]:333[333]
15402	4161+204	0	3973	1	1079827at2759|QAXB01052297_1|+|49|4.518e-07|1|4161|4364|4161[4161]:4364[4364]:204[204]
15424	611+648	0	57898	1	905026at2759|QAXB01053001_1|+|134|1.168e-32|1|611|1258|611[611]:1258[1258]:648[648]
15424	1184+369	0	67591	1	905026at2759|QAXB01053001_1|+|38|0.0009254|1|1184|1552|1184[1184]:1552[1552]:369[369]
15441	3277-504	0	113345	-1	1312453at2759|QAXB01053545_1|-|84|1.315e-17|1|2774|3277|3277[3277]:2774[2774]:504[504]
15459	3+2541	0	62447	1	598949at2759|QAXB01054121_1|+|528|2.895e-151|1|3|2543|3[3]:2543[2543]:2541[2541]
15482	396+1095	0	111628	1	39650at2759|QAXB01054857_1|+|217|1.208e-57|3|396|1490|396[396]:767[767]:372[372]|880[880]:1128[1128]:249[249]|1230[1239]:1490[1490]:261[252]
15483	1927+270	0	57815	1	1079827at2759|QAXB01054889_1|+|46|3.615e-06|1|1927|2196|1927[1927]:2196[2196]:270[270]
15483	1398+189	0	86692	1	1079827at2759|QAXB01054889_1|+|54|1.412e-08|1|1398|1586|1398[1398]:1586[1586]:189[189]
15518	2+744	0	84952	1	325552at2759|QAXB01000938_1|+|89|4.11e-19|1|2|745|2[2]:745[745]:744[744]
15656	254-210	0	105340	-1	1284731at2759|QAXB01005354_1|-|45|7.23e-06|1|45|254|254[254]:45[45]:210[210]
15764	257+549	0	169476	1	1107630at2759|QAXB01008810_1|+|148|7.129e-37|1|257|805|257[257]:805[805]:549[549]
15815	1805-477	0	24653	-1	1038775at2759|QAXB01010442_1|-|39|0.0004627|1|1329|1805|1805[1805]:1329[1329]:477[477]
15852	312-216	0	164463	-1	1049599at2759|QAXB01011626_1|-|44|1.446e-05|1|97|312|312[312]:97[97]:216[216]
15911	757-156	0	173040	-1	1249159at2759|QAXB01013514_1|-|40|0.0002313|1|602|757|757[757]:602[602]:156[156]
15970	17+288	0	155135	1	687505at2759|QAXB01015402_1|+|45|7.23e-06|1|17|304|17[17]:304[304]:288[288]
15995	1+939	0	204430	1	1428854at2759|QAXB01016202_1|+|63|2.758e-11|1|1|939|1[1]:939[939]:939[939]
16353	477+879	0	80068	1	97116at2759|QAXB01027658_1|+|155|5.569e-39|1|477|1355|477[477]:1355[1355]:879[879]
16403	734+378	0	57898	1	905026at2759|QAXB01029258_1|+|66|3.447e-12|1|734|1111|734[734]:1111[1111]:378[378]
16533	281+468	0	80068	1	97116at2759|QAXB01033418_1|+|65|6.895e-12|1|281|748|281[281]:748[748]:468[468]
16546	417-408	0	80068	-1	97116at2759|QAXB01033834_1|-|64|1.379e-11|1|10|417|417[417]:10[10]:408[408]
16591	1971-1356	0	48013	-1	887370at2759|QAXB01035274_1|-|199|3.166e-52|1|616|1971|1971[1971]:616[616]:1356[1356]
16594	1366-228	0	3973	-1	1079827at2759|QAXB01035370_1|-|148|7.129e-37|1|1139|1366|1366[1366]:1139[1139]:228[228]
16632	815-606	0	129161	-1	946128at2759|QAXB01036586_1|-|100|2.007e-22|1|210|815|815[815]:210[210]:606[606]
16663	554+522	0	80068	1	97116at2759|QAXB01037578_1|+|113|2.449e-26|1|554|1075|554[554]:1075[1075]:522[522]
16732	423+675	0	113345	1	1312453at2759|QAXB01039786_1|+|63|2.758e-11|1|423|1097|423[423]:1097[1097]:675[675]
16754	1379+303	0	220844	1	901894at2759|QAXB01040490_1|+|91|1.027e-19|1|1379|1681|1379[1379]:1681[1681]:303[303]
16770	3081-1132	0	141855	-1	937686at2759|QAXB01041002_1|-|526|1.158e-150|2|1950|3081|3081[3081]:2911[2911]:171[171]|2837[2822]:1950[1950]:888[873]
16790	1368-531	0	130354	-1	779909at2759|QAXB01041642_1|-|52|5.648e-08|1|838|1368|1368[1368]:838[838]:531[531]
16793	937+659	0	90414	1	1065019at2759|QAXB01041738_1|+|148|7.129e-37|2|937|1595|937[937]:1077[1077]:141[141]|1233[1239]:1595[1595]:363[357]
16855	2+603	0	156294	1	1260807at2759|QAXB01043722_1|+|250|1.406e-67|1|2|604|2[2]:604[604]:603[603]
16885	755+866	0	124567	1	1364586at2759|QAXB01044682_1|+|188|6.484e-49|2|755|1620|755[755]:1372[1372]:618[618]|1471[1471]:1620[1620]:150[150]
16888	76+907	0	76917	1	721605at2759|QAXB01044778_1|+|129|3.738e-31|2|76|982|76[76]:174[174]:99[99]|632[635]:982[982]:351[348]
16903	14+243	0	181836	1	1085752at2759|QAXB01045258_1|+|43|2.892e-05|1|14|256|14[14]:256[256]:243[243]
16942	2555+900	0	185556	1	271586at2759|QAXB01046506_1|+|55|7.06e-09|1|2555|3454|2555[2555]:3454[3454]:900[900]
16957	2318-900	0	185556	-1	271586at2759|QAXB01046986_1|-|55|7.06e-09|1|1419|2318|2318[2318]:1419[1419]:900[900]
16959	1056-1056	0	141857	-1	901894at2759|QAXB01047050_1|-|383|1.291e-107|1|1|1056|1056[1056]:1[1]:1056[1056]
17061	736-333	0	106366	-1	1223488at2759|QAXB01050314_1|-|38|0.0009254|1|404|736|736[736]:404[404]:333[333]
17094	2205-855	0	153439	-1	1348942at2759|QAXB01051370_1|-|89|4.11e-19|1|1351|2205|2205[2205]:1351[1351]:855[855]
17200	1702+258	0	108228	1	1459797at2759|QAXB01054762_1|+|38|0.0009254|1|1702|1959|1702[1702]:1959[1959]:258[258]
17284	371-372	0	69670	-1	869548at2759|QAXB01002379_1|-|162|4.351e-41|1|0|371|371[371]:0[0]:372[372]
17824	139+150	0	63033	1	369837at2759|QAXB01019659_1|+|49|4.518e-07|1|139|288|139[139]:288[288]:150[150]
17839	516-516	0	24558	-1	551907at2759|QAXB01020139_1|-|71|1.077e-13|1|1|516|516[516]:1[1]:516[516]
17884	100+534	0	76513	1	39650at2759|QAXB01021579_1|+|76|3.367e-15|1|100|633|100[100]:633[633]:534[534]
18202	301-171	0	198480	-1	87842at2759|QAXB01031755_1|-|45|7.23e-06|1|131|301|301[301]:131[131]:171[171]
18245	468-258	0	48591	-1	142542at2759|QAXB01033131_1|-|58|8.825e-10|1|211|468|468[468]:211[211]:258[258]
18248	43+585	0	171312	1	513979at2759|QAXB01033227_1|+|148|7.129e-37|2|43|627|43[43]:351[351]:309[309]|448[448]:627[627]:180[180]
18250	95+666	0	190161	1	664730at2759|QAXB01033291_1|+|40|0.0002313|1|95|760|95[95]:760[760]:666[666]
18271	157+995	0	963	1	1248958at2759|QAXB01033963_1|+|84|1.315e-17|2|157|1151|157[157]:303[303]:147[147]|501[501]:1151[1151]:651[651]
18282	463+633	0	55810	1	1057950at2759|QAXB01034315_1|+|244|8.998e-66|1|463|1095|463[463]:1095[1095]:633[633]
18326	87+1350	0	25469	1	976469at2759|QAXB01035723_1|+|93|2.568e-20|1|87|1436|87[87]:1436[1436]:1350[1350]
18326	3924+607	0	62449	1	1398309at2759|QAXB01035723_1|+|278|5.237e-76|2|3924|4530|3924[3924]:4406[4406]:483[483]|4489[4489]:4530[4530]:42[42]
18329	799-798	0	60797	-1	687505at2759|QAXB01035819_1|-|95|6.421e-21|1|2|799|799[799]:2[2]:798[798]
18386	632+300	0	229685	1	1249159at2759|QAXB01037643_1|+|38|0.0009254|1|632|931|632[632]:931[931]:300[300]
18492	1936-1184	0	145034	-1	671536at2759|QAXB01041035_1|-|317|9.527e-88|2|753|1936|1936[1936]:1427[1427]:510[510]|965[965]:753[753]:213[213]
18566	1985-669	0	111628	-1	39650at2759|QAXB01043403_1|-|86|3.288e-18|1|1317|1985|1985[1985]:1317[1317]:669[669]
18588	543+1097	0	84655	1	1364586at2759|QAXB01044107_1|+|123|2.392e-29|2|543|1639|543[543]:1106[1106]:564[564]|1364[1364]:1639[1639]:276[276]
18589	1544-507	0	183145	-1	655400at2759|QAXB01044139_1|-|42|5.784e-05|1|1038|1544|1544[1544]:1038[1038]:507[507]
18661	1709+732	0	11910	1	1530008at2759|QAXB01046443_1|+|117|1.531e-27|1|1709|2440|1709[1709]:2440[2440]:732[732]
18679	2493-132	0	17825	-1	1264469at2759|QAXB01047019_1|-|45|7.23e-06|1|2362|2493|2493[2493]:2362[2362]:132[132]
18716	129+684	0	111628	1	39650at2759|QAXB01048203_1|+|157|1.392e-39|1|129|812|129[129]:812[812]:684[684]
18736	11+645	0	30715	1	1003258at2759|QAXB01048843_1|+|213|1.932e-56|1|11|655|11[11]:655[655]:645[645]
18773	543+207	0	122789	1	87842at2759|QAXB01050027_1|+|49|4.518e-07|1|543|749|543[543]:749[749]:207[207]
18784	329+312	0	12866	1	1228942at2759|QAXB01050379_1|+|39|0.0004627|1|329|640|329[329]:640[640]:312[312]
18791	191+1086	0	26268	1	324863at2759|QAXB01050603_1|+|267|1.073e-72|1|191|1276|191[191]:1276[1276]:1086[1086]
18824	1039-687	0	111628	-1	39650at2759|QAXB01051659_1|-|139|3.65e-34|1|353|1039|1039[1039]:353[353]:687[687]
18893	1019+1176	0	121514	1	655400at2759|QAXB01053867_1|+|56|3.53e-09|1|1019|2194|1019[1019]:2194[2194]:1176[1176]
18895	153+258	0	89391	1	1434266at2759|QAXB01053931_1|+|50|2.259e-07|1|153|410|153[153]:410[410]:258[258]
19005	287-285	0	114725	-1	869548at2759|QAXB01002380_1|-|87|1.644e-18|1|3|287|287[287]:3[3]:285[285]
19077	471+174	0	3973	1	1079827at2759|QAXB01004684_1|+|40|0.0002313|1|471|644|471[471]:644[644]:174[174]
19134	266-264	0	97476	-1	464990at2759|QAXB01006508_1|-|64|1.379e-11|1|3|266|266[266]:3[3]:264[264]
19389	1185-1162	0	133855	-1	166920at2759|QAXB01014668_1|-|100|2.007e-22|2|24|1185|1185[1185]:514[514]:672[672]|452[440]:24[24]:429[417]
19472	4+195	0	210028	1	918816at2759|QAXB01017324_1|+|55|7.06e-09|1|4|198|4[4]:198[198]:195[195]
19615	1+411	0	38510	1	1112002at2759|QAXB01021900_1|+|62|5.516e-11|1|1|411|1[1]:411[411]:411[411]
19754	818-768	0	41246	-1	299766at2759|QAXB01026348_1|-|98|8.026e-22|1|51|818|818[818]:51[51]:768[768]
19792	729-285	0	207390	-1	543764at2759|QAXB01027564_1|-|68|8.618e-13|1|445|729|729[729]:445[445]:285[285]
19856	60+252	0	215772	1	996662at2759|QAXB01029612_1|+|44|1.446e-05|1|60|311|60[60]:311[311]:252[252]
19911	17+537	0	192365	1	390348at2759|QAXB01031372_1|+|199|3.166e-52|1|17|553|17[17]:553[553]:537[537]
19940	343+687	0	111628	1	39650at2759|QAXB01032300_1|+|94|1.284e-20|1|343|1029|343[343]:1029[1029]:687[687]
19960	794-795	0	23501	-1	1193442at2759|QAXB01032940_1|-|323|1.489e-89|1|0|794|794[794]:0[0]:795[795]
19994	96+567	0	72484	1	779909at2759|QAXB01034028_1|+|66|3.447e-12|1|96|662|96[96]:662[662]:567[567]
20005	761-591	0	129161	-1	946128at2759|QAXB01034380_1|-|86|3.288e-18|1|171|761|761[761]:171[171]:591[591]
20006	1510-753	0	172475	-1	946128at2759|QAXB01034412_1|-|96|3.211e-21|1|758|1510|1510[1510]:758[758]:753[753]
20200	138+858	0	111628	1	39650at2759|QAXB01040620_1|+|101|1.003e-22|1|138|995|138[138]:995[995]:858[858]
20201	1242-549	0	137723	-1	1364586at2759|QAXB01040652_1|-|59|4.413e-10|2|694|1242|1242[1242]:1168[1168]:75[75]|981[981]:694[694]:288[288]
20334	1020-429	0	84106	-1	1079827at2759|QAXB01044908_1|-|272|3.352e-74|1|592|1020|1020[1020]:592[592]:429[429]
20367	3837-459	0	80068	-1	97116at2759|QAXB01045964_1|-|79|4.208e-16|1|3379|3837|3837[3837]:3379[3379]:459[459]
20402	133+432	0	26321	1	604979at2759|QAXB01047084_1|+|61|1.103e-10|1|133|564|133[133]:564[564]:432[432]
20449	0+900	0	40325	1	293315at2759|QAXB01048588_1|+|163|2.176e-41|1|0|899|0[0]:899[899]:900[900]
20535	460+438	0	113345	1	1312453at2759|QAXB01051340_1|+|90|2.055e-19|1|460|897|460[460]:897[897]:438[438]
20538	1654-297	0	161218	-1	1001705at2759|QAXB01051436_1|-|68|8.618e-13|1|1358|1654|1654[1654]:1358[1358]:297[297]
20564	1+369	0	63024	1	1445102at2759|QAXB01052268_1|+|213|1.932e-56|1|1|369|1[1]:369[369]:369[369]
20586	417-411	0	76889	-1	1382842at2759|QAXB01052972_1|-|111|9.798e-26|1|7|417|417[417]:7[7]:411[411]
20596	542+309	0	11134	1	39650at2759|QAXB01053292_1|+|45|7.23e-06|1|542|850|542[542]:850[850]:309[309]
20639	1534-909	0	25273	-1	679771at2759|QAXB01054668_1|-|109|3.919e-25|1|626|1534|1534[1534]:626[626]:909[909]
20767	21+450	0	110056	1	464990at2759|QAXB01003693_1|+|53|2.824e-08|1|21|470|21[21]:470[470]:450[450]
20904	174-174	0	3973	-1	1079827at2759|QAXB01008077_1|-|41|0.0001157|1|1|174|174[174]:1[1]:174[174]
20949	117+213	0	186979	1	866359at2759|QAXB01009517_1|+|55|7.06e-09|1|117|329|117[117]:329[329]:213[213]
21032	7+231	0	175679	1	655400at2759|QAXB01012173_1|+|38|0.0009254|1|7|237|7[7]:237[237]:231[231]
21084	648-648	0	22786	-1	1128607at2759|QAXB01013837_1|-|128|7.475e-31|1|1|648|648[648]:1[1]:648[648]
21138	2776-720	0	110986	-1	1108845at2759|QAXB01015565_1|-|79|4.208e-16|1|2057|2776|2776[2776]:2057[2057]:720[720]
21544	4+534	0	41377	1	1003258at2759|QAXB01028557_1|+|172|4.249e-44|1|4|537|4[4]:537[537]:534[534]
21562	2+466	0	221267	1	1304061at2759|QAXB01029133_1|+|183|2.075e-47|3|2|467|2[2]:85[85]:84[84]|163[178]:207[207]:45[30]|297[297]:467[467]:171[171]
21583	11+189	0	47030	1	858842at2759|QAXB01029805_1|+|67|1.724e-12|1|11|199|11[11]:199[199]:189[189]
21661	38+927	0	135312	1	1051021at2759|QAXB01032301_1|+|92|5.137e-20|1|38|964|38[38]:964[964]:927[927]
21668	23+507	0	162445	1	1014314at2759|QAXB01032525_1|+|101|1.003e-22|1|23|529|23[23]:529[529]:507[507]
21677	7+345	0	30643	1	687505at2759|QAXB01032813_1|+|69|4.309e-13|1|7|351|7[7]:351[351]:345[345]
21699	761-756	0	111628	-1	39650at2759|QAXB01033517_1|-|188|6.484e-49|1|6|761|761[761]:6[6]:756[756]
21719	316+357	0	80063	1	142542at2759|QAXB01034157_1|+|68|8.618e-13|1|316|672|316[316]:672[672]:357[357]
21744	774+288	0	76646	1	1428854at2759|QAXB01034957_1|+|44|1.446e-05|1|774|1061|774[774]:1061[1061]:288[288]
21752	541-522	0	190679	-1	392369at2759|QAXB01035213_1|-|57|1.765e-09|1|20|541|541[541]:20[20]:522[522]
21762	1242-846	0	141389	-1	604979at2759|QAXB01035533_1|-|81|1.052e-16|1|397|1242|1242[1242]:397[397]:846[846]
21765	88+342	0	171189	1	975557at2759|QAXB01035629_1|+|55|7.06e-09|1|88|429|88[88]:429[429]:342[342]
21826	494-411	0	126915	-1	1019762at2759|QAXB01037581_1|-|134|1.168e-32|1|84|494|494[494]:84[84]:411[411]
21931	1364-198	0	206162	-1	687505at2759|QAXB01040941_1|-|44|1.446e-05|1|1167|1364|1364[1364]:1167[1167]:198[198]
21959	220+660	0	111628	1	39650at2759|QAXB01041837_1|+|112|4.899e-26|1|220|879|220[220]:879[879]:660[660]
22036	1002-684	0	111628	-1	39650at2759|QAXB01044301_1|-|109|3.919e-25|1|319|1002|1002[1002]:319[319]:684[684]
22154	1537+336	0	48468	1	911863at2759|QAXB01048077_1|+|40|0.0002313|1|1537|1872|1537[1537]:1872[1872]:336[336]
22176	3999-735	0	19552	-1	1249159at2759|QAXB01048781_1|-|48|9.037e-07|1|3265|3999|3999[3999]:3265[3265]:735[735]
22186	465+1086	0	176300	1	1014314at2759|QAXB01049101_1|+|321|5.954e-89|1|465|1550|465[465]:1550[1550]:1086[1086]
22209	8+837	0	81253	1	1010730at2759|QAXB01049837_1|+|228|5.897e-61|1|8|844|8[8]:844[844]:837[837]
22243	366-339	0	14718	-1	674160at2759|QAXB01050925_1|-|44|1.446e-05|1|28|366|366[366]:28[28]:339[339]
22243	1266-336	0	215482	-1	674160at2759|QAXB01050925_1|-|59|4.413e-10|1|931|1266|1266[1266]:931[931]:336[336]
22256	460+765	0	113345	1	1312453at2759|QAXB01051341_1|+|108|7.838e-25|2|460|1224|460[460]:897[897]:438[438]|1117[1117]:1224[1224]:108[108]
22365	1745-474	0	70246	-1	679771at2759|QAXB01054829_1|-|201|7.915e-53|1|1272|1745|1745[1745]:1272[1272]:474[474]
22379	300+228	0	3973	1	1079827at2759|QAXB01000206_1|+|94|1.284e-20|1|300|527|300[300]:527[527]:228[228]
22455	779+249	0	105332	1	1312453at2759|QAXB01002638_1|+|40|0.0002313|1|779|1027|779[779]:1027[1027]:249[249]
22607	257+306	0	4355	1	1014314at2759|QAXB01007502_1|+|49|4.518e-07|1|257|562|257[257]:562[562]:306[306]
22686	288-177	0	33371	-1	1106766at2759|QAXB01010030_1|-|40|0.0002313|1|112|288|288[288]:112[112]:177[177]
22739	0+765	0	189535	1	655400at2759|QAXB01011726_1|+|169|3.399e-43|1|0|764|0[0]:764[764]:765[765]
22993	1456-411	0	80068	-1	97116at2759|QAXB01019854_1|-|70|2.155e-13|1|1046|1456|1456[1456]:1046[1046]:411[411]
23053	1516-504	0	148969	-1	721605at2759|QAXB01021774_1|-|40|0.0002313|1|1013|1516|1516[1516]:1013[1013]:504[504]
23201	2+420	0	118313	1	1324510at2759|QAXB01026510_1|+|147|1.426e-36|1|2|421|2[2]:421[421]:420[420]
23276	163-162	0	48591	-1	142542at2759|QAXB01028910_1|-|40|0.0002313|1|2|163|163[163]:2[2]:162[162]
23350	666-624	0	113345	-1	1312453at2759|QAXB01031278_1|-|55|7.06e-09|1|43|666|666[666]:43[43]:624[624]
23410	1+375	0	190494	1	1430056at2759|QAXB01033198_1|+|127|1.495e-30|1|1|375|1[1]:375[375]:375[375]
23463	228+252	0	100575	1	142542at2759|QAXB01034894_1|+|75|6.733e-15|1|228|479|228[228]:479[479]:252[252]
23570	127+465	0	33770	1	1563319at2759|QAXB01038318_1|+|58|8.825e-10|1|127|591|127[127]:591[591]:465[465]
23615	73+641	0	178528	1	383503at2759|QAXB01039758_1|+|234|9.214e-63|2|73|713|73[73]:252[252]:180[180]|336[336]:713[713]:378[378]
23621	2+219	0	55426	1	1038775at2759|QAXB01039950_1|+|81|1.052e-16|1|2|220|2[2]:220[220]:219[219]
23639	3400-2001	0	126971	-1	299766at2759|QAXB01040526_1|-|77|1.683e-15|1|1400|3400|3400[3400]:1400[1400]:2001[2001]
23663	991+621	0	111628	1	39650at2759|QAXB01041294_1|+|119|3.827e-28|1|991|1611|991[991]:1611[1611]:621[621]
23667	1048+870	0	37146	1	721605at2759|QAXB01041422_1|+|40|0.0002313|1|1048|1917|1048[1048]:1917[1917]:870[870]
23774	1257+591	0	78519	1	1588798at2759|QAXB01044846_1|+|38|0.0009254|1|1257|1847|1257[1257]:1847[1847]:591[591]
23796	2016-870	0	37146	-1	721605at2759|QAXB01045550_1|-|40|0.0002313|1|1147|2016|2016[2016]:1147[1147]:870[870]
23815	517+237	0	217543	1	598949at2759|QAXB01046158_1|+|100|2.007e-22|1|517|753|517[517]:753[753]:237[237]
23841	559+924	0	20695	1	671536at2759|QAXB01046990_1|+|153|2.228e-38|1|559|1482|559[559]:1482[1482]:924[924]
23881	29+708	0	80068	1	97116at2759|QAXB01048270_1|+|100|2.007e-22|1|29|736|29[29]:736[736]:708[708]
23905	0+462	0	152807	1	1107630at2759|QAXB01049038_1|+|128|7.475e-31|1|0|461|0[0]:461[461]:462[462]
23927	1982+771	0	80068	1	97116at2759|QAXB01049742_1|+|108|7.838e-25|1|1982|2752|1982[1982]:2752[2752]:771[771]
23956	384-303	0	133741	-1	918816at2759|QAXB01050670_1|-|69|4.309e-13|1|82|384|384[384]:82[82]:303[303]
23964	366-339	0	14718	-1	674160at2759|QAXB01050926_1|-|44|1.446e-05|1|28|366|366[366]:28[28]:339[339]
23964	1281-351	0	215482	-1	674160at2759|QAXB01050926_1|-|66|3.447e-12|1|931|1281|1281[1281]:931[931]:351[351]
23988	1413+228	0	31131	1	330169at2759|QAXB01051694_1|+|73|2.693e-14|1|1413|1640|1413[1413]:1640[1640]:228[228]
24022	1437+504	0	12106	1	261328at2759|QAXB01052782_1|+|40|0.0002313|1|1437|1940|1437[1437]:1940[1940]:504[504]
24025	752+864	0	111628	1	39650at2759|QAXB01052878_1|+|215|4.831e-57|2|752|1615|752[752]:1411[1411]:660[660]|1505[1505]:1615[1615]:111[111]
24055	2893+864	0	149463	1	931188at2759|QAXB01053838_1|+|73|2.693e-14|1|2893|3756|2893[2893]:3756[3756]:864[864]
24086	2248-396	0	206397	-1	1312453at2759|QAXB01054830_1|-|51|1.13e-07|1|1853|2248|2248[2248]:1853[1853]:396[396]
24090	2331-1086	0	111628	-1	39650at2759|QAXB01054958_1|-|192|4.052e-50|3|1246|2331|2331[2331]:1924[1924]:408[408]|1847[1847]:1806[1806]:42[42]|1539[1539]:1246[1246]:294[294]
24193	210-210	0	181769	-1	1014314at2759|QAXB01003183_1|-|41|0.0001157|1|1|210|210[210]:1[1]:210[210]
24269	1578-315	0	27990	-1	543764at2759|QAXB01005615_1|-|79|4.208e-16|1|1264|1578|1578[1578]:1264[1264]:315[315]
24302	185-186	0	3973	-1	1079827at2759|QAXB01006671_1|-|122|4.784e-29|1|0|185|185[185]:0[0]:186[186]
24398	222+159	0	198480	1	87842at2759|QAXB01009743_1|+|42|5.784e-05|1|222|380|222[222]:380[380]:159[159]
24463	177+722	0	80068	1	97116at2759|QAXB01011823_1|+|59|4.413e-10|2|177|898|177[177]:605[605]:429[429]|755[755]:898[898]:144[144]
24501	761-156	0	4679	-1	392369at2759|QAXB01013039_1|-|38|0.0009254|1|606|761|761[761]:606[606]:156[156]
24507	57+228	0	96620	1	1322642at2759|QAXB01013231_1|+|54|1.412e-08|1|57|284|57[57]:284[284]:228[228]
24635	2214-462	0	113345	-1	1312453at2759|QAXB01017327_1|-|57|1.765e-09|1|1753|2214|2214[2214]:1753[1753]:462[462]
24669	283-282	0	165166	-1	1112002at2759|QAXB01018415_1|-|58|8.825e-10|1|2|283|283[283]:2[2]:282[282]
24743	226-222	0	193058	-1	1322299at2759|QAXB01020783_1|-|45|7.23e-06|1|5|226|226[226]:5[5]:222[222]
24901	861-513	0	153076	-1	779909at2759|QAXB01025839_1|-|40|0.0002313|1|349|861|861[861]:349[349]:513[513]
24973	453+219	0	105107	1	687505at2759|QAXB01028143_1|+|49|4.518e-07|1|453|671|453[453]:671[671]:219[219]
25108	298+441	0	8006	1	1324510at2759|QAXB01032463_1|+|58|8.825e-10|1|298|738|298[298]:738[738]:441[441]
25151	35+168	0	48591	1	142542at2759|QAXB01033839_1|+|50|2.259e-07|1|35|202|35[35]:202[202]:168[168]
25183	1+756	0	25067	1	156083at2759|QAXB01034863_1|+|226|2.359e-60|1|1|756|1[1]:756[756]:756[756]
25190	11+822	0	153439	1	1348942at2759|QAXB01035087_1|+|78|8.416e-16|1|11|832|11[11]:832[832]:822[822]
25196	524-518	0	80068	-1	97116at2759|QAXB01035279_1|-|100|2.007e-22|2|7|524|524[524]:240[240]:285[285]|168[168]:7[7]:162[162]
25225	1564+459	0	80068	1	97116at2759|QAXB01036207_1|+|79|4.208e-16|1|1564|2022|1564[1564]:2022[2022]:459[459]
25241	179+933	0	153439	1	1348942at2759|QAXB01036719_1|+|98|8.026e-22|1|179|1111|179[179]:1111[1111]:933[933]
25303	20+342	0	220137	1	1576404at2759|QAXB01038703_1|+|99|4.013e-22|1|20|361|20[20]:361[361]:342[342]
25378	177-159	0	224463	-1	858842at2759|QAXB01041103_1|-|64|1.379e-11|1|19|177|177[177]:19[19]:159[159]
25408	1218-369	0	59758	-1	671536at2759|QAXB01042063_1|-|54|1.412e-08|1|850|1218|1218[1218]:850[850]:369[369]
25437	23+1428	0	207407	1	1370304at2759|QAXB01042991_1|+|308|4.878e-85|1|23|1450|23[23]:1450[1450]:1428[1428]
25446	536+837	0	153439	1	1348942at2759|QAXB01043279_1|+|81|1.052e-16|1|536|1372|536[536]:1372[1372]:837[837]
25488	545-456	0	57898	-1	905026at2759|QAXB01044623_1|-|61|1.103e-10|1|90|545|545[545]:90[90]:456[456]
25518	1032+225	0	48591	1	142542at2759|QAXB01045583_1|+|51|1.13e-07|1|1032|1256|1032[1032]:1256[1256]:225[225]
25518	156+621	0	226404	1	142542at2759|QAXB01045583_1|+|81|1.052e-16|1|156|776|156[156]:776[776]:621[621]
25519	39+438	0	113345	1	1312453at2759|QAXB01045615_1|+|76|3.367e-15|1|39|476|39[39]:476[476]:438[438]
25526	31+1017	0	200084	1	1284731at2759|QAXB01045839_1|+|93|2.568e-20|1|31|1047|31[31]:1047[1047]:1017[1017]
25543	308-207	0	105340	-1	1284731at2759|QAXB01046383_1|-|47|1.807e-06|1|102|308|308[308]:102[102]:207[207]
25613	1213-294	0	15178	-1	1346165at2759|QAXB01048623_1|-|98|8.026e-22|1|920|1213|1213[1213]:920[920]:294[294]
25622	2036-822	0	96283	-1	549762at2759|QAXB01048911_1|-|44|1.446e-05|1|1215|2036|2036[2036]:1215[1215]:822[822]
25624	823-696	0	111628	-1	39650at2759|QAXB01048975_1|-|110|1.96e-25|1|128|823|823[823]:128[128]:696[696]
25626	0+462	0	152807	1	1107630at2759|QAXB01049039_1|+|128|7.475e-31|1|0|461|0[0]:461[461]:462[462]
25645	346+1164	0	17916	1	179362at2759|QAXB01049647_1|+|99|4.013e-22|2|346|1509|346[346]:855[855]:510[510]|949[955]:1509[1509]:561[555]
25708	419-363	0	187601	-1	1269244at2759|QAXB01051663_1|-|49|4.518e-07|1|57|419|419[419]:57[57]:363[363]
25743	1453+897	0	111628	1	39650at2759|QAXB01052783_1|+|144|1.141e-35|1|1453|2349|1453[1453]:2349[2349]:897[897]
25787	2732+708	0	80068	1	97116at2759|QAXB01054191_1|+|125|5.98e-30|1|2732|3439|2732[2732]:3439[3439]:708[708]
25795	3406-969	0	153439	-1	1348942at2759|QAXB01054447_1|-|87|1.644e-18|1|2438|3406|3406[3406]:2438[2438]:969[969]
25812	2593+228	0	3973	1	1079827at2759|QAXB01054991_1|+|145|5.703e-36|1|2593|2820|2593[2593]:2820[2820]:228[228]
25865	187+1038	0	93227	1	905026at2759|QAXB01001616_1|+|45|7.23e-06|1|187|1224|187[187]:1224[1224]:1038[1038]
25978	595-594	0	50636	-1	1051021at2759|QAXB01005232_1|-|197|1.266e-51|1|2|595|595[595]:2[2]:594[594]
26010	551-552	0	80068	-1	97116at2759|QAXB01006256_1|-|82|5.26e-17|1|0|551|551[551]:0[0]:552[552]
26455	337-291	0	75991	-1	142542at2759|QAXB01020496_1|-|61|1.103e-10|1|47|337|337[337]:47[47]:291[291]
26472	174-174	0	100575	-1	142542at2759|QAXB01021040_1|-|40|0.0002313|1|1|174|174[174]:1[1]:174[174]
26655	23+558	0	222722	1	1248958at2759|QAXB01026896_1|+|113|2.449e-26|1|23|580|23[23]:580[580]:558[558]
26763	647-606	0	160437	-1	392369at2759|QAXB01030352_1|-|40|0.0002313|1|42|647|647[647]:42[42]:606[606]
26842	2133-627	0	185751	-1	1370285at2759|QAXB01032880_1|-|195|5.065e-51|1|1507|2133|2133[2133]:1507[1507]:627[627]
26868	608-336	0	28962	-1	1312453at2759|QAXB01033712_1|-|57|1.765e-09|1|273|608|608[608]:273[273]:336[336]
26907	1020-870	0	39377	-1	761109at2759|QAXB01034960_1|-|85|6.575e-18|1|151|1020|1020[1020]:151[151]:870[870]
26919	7+264	0	197121	1	777920at2759|QAXB01035344_1|+|89|4.11e-19|1|7|270|7[7]:270[270]:264[264]
26924	84+901	0	169476	1	1107630at2759|QAXB01035504_1|+|165|5.439e-42|2|84|984|84[84]:269[269]:186[186]|532[541]:984[984]:453[444]
26947	2452+870	0	37146	1	721605at2759|QAXB01036240_1|+|40|0.0002313|1|2452|3321|2452[2452]:3321[3321]:870[870]
26976	2355-1535	0	17916	-1	179362at2759|QAXB01037168_1|-|154|1.114e-38|2|821|2355|2355[2355]:1786[1786]:570[570]|1693[1693]:821[821]:873[873]
26977	814-552	0	80068	-1	97116at2759|QAXB01037200_1|-|69|4.309e-13|1|263|814|814[814]:263[263]:552[552]
27043	577+387	0	159787	1	1107630at2759|QAXB01039312_1|+|42|5.784e-05|1|577|963|577[577]:963[963]:387[387]
27068	5+675	0	206827	1	457861at2759|QAXB01040112_1|+|231|7.371e-62|1|5|679|5[5]:679[679]:675[675]
27085	1223-633	0	111628	-1	39650at2759|QAXB01040656_1|-|130|1.869e-31|1|591|1223|1223[1223]:591[591]:633[633]
27090	1371-633	0	111628	-1	39650at2759|QAXB01040816_1|-|130|1.869e-31|1|739|1371|1371[1371]:739[739]:633[633]
27110	1612-837	0	81253	-1	1010730at2759|QAXB01041456_1|-|231|7.371e-62|1|776|1612|1612[1612]:776[776]:837[837]
27137	1493-777	0	11910	-1	1530008at2759|QAXB01042320_1|-|218|6.038e-58|1|717|1493|1493[1493]:717[717]:777[777]
27277	1181-507	0	183145	-1	655400at2759|QAXB01046800_1|-|42|5.784e-05|1|675|1181|1181[1181]:675[675]:507[507]
27345	3+684	0	111628	1	39650at2759|QAXB01048976_1|+|109|3.919e-25|1|3|686|3[3]:686[686]:684[684]
27400	328+189	0	198480	1	87842at2759|QAXB01050736_1|+|40|0.0002313|1|328|516|328[328]:516[516]:189[189]
27420	1481+867	0	11910	1	1530008at2759|QAXB01051376_1|+|214|9.661e-57|1|1481|2347|1481[1481]:2347[2347]:867[867]
27446	673+600	0	221440	1	1049599at2759|QAXB01052208_1|+|40|0.0002313|1|673|1272|673[673]:1272[1272]:600[600]
27480	1395-249	0	75667	-1	179362at2759|QAXB01053296_1|-|42|5.784e-05|1|1147|1395|1395[1395]:1147[1147]:249[249]
27484	455-456	0	147586	-1	671536at2759|QAXB01053424_1|-|158|6.962e-40|1|0|455|455[455]:0[0]:456[456]
27509	1149+351	0	131407	1	931188at2759|QAXB01054224_1|+|44|1.446e-05|1|1149|1499|1149[1149]:1499[1499]:351[351]
27510	2268+993	0	98542	1	1085752at2759|QAXB01054256_1|+|240|1.44e-64|1|2268|3260|2268[2268]:3260[3260]:993[993]
27577	2109+309	0	229225	1	1014314at2759|QAXB01001329_1|+|44|1.446e-05|1|2109|2417|2109[2109]:2417[2417]:309[309]
27694	1500-303	0	191098	-1	1275837at2759|QAXB01005073_1|-|92|5.137e-20|1|1198|1500|1500[1500]:1198[1198]:303[303]
27886	1+360	0	69668	1	1128607at2759|QAXB01011217_1|+|81|1.052e-16|1|1|360|1[1]:360[360]:360[360]
27904	0+426	0	156297	1	1264469at2759|QAXB01011793_1|+|181|8.299e-47|1|0|425|0[0]:425[425]:426[426]
28010	370-171	0	226587	-1	858842at2759|QAXB01015185_1|-|44|1.446e-05|1|200|370|370[370]:200[200]:171[171]
28030	642+597	0	127806	1	931188at2759|QAXB01015825_1|+|56|3.53e-09|1|642|1238|642[642]:1238[1238]:597[597]
28206	2+210	0	121169	1	179362at2759|QAXB01021457_1|+|66|3.447e-12|1|2|211|2[2]:211[211]:210[210]
28224	301-267	0	188371	-1	1193442at2759|QAXB01022033_1|-|99|4.013e-22|1|35|301|301[301]:35[35]:267[267]
28270	437-438	0	175680	-1	156083at2759|QAXB01023505_1|-|274|8.38e-75|1|0|437|437[437]:0[0]:438[438]
28320	404-144	0	116182	-1	621827at2759|QAXB01025105_1|-|64|1.379e-11|1|261|404|404[404]:261[261]:144[144]
28566	2+495	0	104456	1	345441at2759|QAXB01032977_1|+|89|4.11e-19|1|2|496|2[2]:496[496]:495[495]
28607	862-528	0	92102	-1	679187at2759|QAXB01034289_1|-|58|8.825e-10|1|335|862|862[862]:335[335]:528[528]
28624	817-798	0	108883	-1	1178688at2759|QAXB01034833_1|-|171|8.498e-44|2|20|817|817[817]:314[314]:504[504]|241[238]:20[20]:222[219]
28634	1350+1271	0	20100	1	673132at2759|QAXB01035153_1|+|157|1.392e-39|2|1350|2620|1350[1350]:1676[1676]:327[327]|1772[1772]:2620[2620]:849[849]
28637	294+168	0	218778	1	551907at2759|QAXB01035249_1|+|53|2.824e-08|1|294|461|294[294]:461[461]:168[168]
28646	1398+459	0	181371	1	142542at2759|QAXB01035537_1|+|44|1.446e-05|1|1398|1856|1398[1398]:1856[1856]:459[459]
28652	2067+750	0	36958	1	1264469at2759|QAXB01035729_1|+|86|3.288e-18|1|2067|2816|2067[2067]:2816[2816]:750[750]
28660	548-261	0	229685	-1	1249159at2759|QAXB01035985_1|-|59|4.413e-10|1|288|548|548[548]:288[288]:261[261]
28969	895+195	0	94503	1	320059at2759|QAXB01045873_1|+|59|4.413e-10|1|895|1089|895[895]:1089[1089]:195[195]
28972	38+507	0	227711	1	858842at2759|QAXB01045969_1|+|175|5.311e-45|1|38|544|38[38]:544[544]:507[507]
29005	898+528	0	105340	1	1284731at2759|QAXB01047025_1|+|125|5.98e-30|2|898|1425|898[898]:1038[1038]:141[141]|1228[1228]:1425[1425]:198[198]
29028	675-222	0	151884	-1	392369at2759|QAXB01047761_1|-|117|1.531e-27|1|454|675|675[675]:454[454]:222[222]
29073	350+870	0	37146	1	721605at2759|QAXB01049201_1|+|40|0.0002313|1|350|1219|350[350]:1219[1219]:870[870]
29104	3986-285	0	120771	-1	1430056at2759|QAXB01050193_1|-|67|1.724e-12|1|3702|3986|3986[3986]:3702[3702]:285[285]
29140	1653+315	0	155830	1	768809at2759|QAXB01051345_1|+|43|2.892e-05|1|1653|1967|1653[1653]:1967[1967]:315[315]
29145	1037-507	0	227711	-1	858842at2759|QAXB01051505_1|-|175|5.311e-45|1|531|1037|1037[1037]:531[531]:507[507]
29365	376-375	0	91085	-1	751335at2759|QAXB01003474_1|-|46|3.615e-06|1|2|376|376[376]:2[2]:375[375]
29463	257-258	0	125200	-1	671536at2759|QAXB01006610_1|-|55|7.06e-09|1|0|257|257[257]:0[0]:258[258]
29540	350-270	0	196661	-1	1421503at2759|QAXB01009074_1|-|40|0.0002313|1|81|350|350[350]:81[81]:270[270]
29589	352-273	0	136083	-1	1405146at2759|QAXB01010642_1|-|115|6.124e-27|1|80|352|352[352]:80[80]:273[273]
29650	27+204	0	21180	1	1161199at2759|QAXB01012594_1|+|47|1.807e-06|1|27|230|27[27]:230[230]:204[204]
29662	470+297	0	121640	1	418107at2759|QAXB01012978_1|+|57|1.765e-09|1|470|766|470[470]:766[766]:297[297]
29918	386-363	0	175956	-1	1626636at2759|QAXB01021170_1|-|117|1.531e-27|1|24|386|386[386]:24[24]:363[363]
29960	661-501	0	80068	-1	97116at2759|QAXB01022514_1|-|49|4.518e-07|1|161|661|661[661]:161[161]:501[501]
30008	1434+683	0	48593	1	1275837at2759|QAXB01024050_1|+|273|1.676e-74|2|1434|2116|1434[1434]:1610[1610]:177[177]|1739[1739]:2116[2116]:378[378]
30280	1872-276	0	225986	-1	1421503at2759|QAXB01032754_1|-|49|4.518e-07|1|1597|1872|1872[1872]:1597[1597]:276[276]
30300	427+531	0	31489	1	1563319at2759|QAXB01033394_1|+|76|3.367e-15|1|427|957|427[427]:957[957]:531[531]
30394	3871-459	0	80068	-1	97116at2759|QAXB01036402_1|-|79|4.208e-16|1|3413|3871|3871[3871]:3413[3413]:459[459]
30424	1989-396	0	37910	-1	721605at2759|QAXB01037362_1|-|41|0.0001157|1|1594|1989|1989[1989]:1594[1594]:396[396]
30454	610+605	0	141858	1	779909at2759|QAXB01038322_1|+|275|4.19e-75|2|610|1214|610[610]:900[900]:291[291]|1002[1002]:1214[1214]:213[213]
30473	1134-822	0	80068	-1	97116at2759|QAXB01038930_1|-|83|2.63e-17|1|313|1134|1134[1134]:313[313]:822[822]
30522	533-378	0	100285	-1	1309031at2759|QAXB01040498_1|-|84|1.315e-17|1|156|533|533[533]:156[156]:378[378]
30525	791+636	0	120200	1	1038775at2759|QAXB01040594_1|+|310|1.219e-85|1|791|1426|791[791]:1426[1426]:636[636]
30535	1964-678	0	227756	-1	917326at2759|QAXB01040914_1|-|47|1.807e-06|1|1287|1964|1964[1964]:1287[1287]:678[678]
30539	1977-471	0	90414	-1	1065019at2759|QAXB01041042_1|-|137|1.46e-33|1|1507|1977|1977[1977]:1507[1507]:471[471]
30689	319+351	0	157808	1	1312453at2759|QAXB01045842_1|+|40|0.0002313|1|319|669|319[319]:669[669]:351[351]
30698	66+288	0	198936	1	1161199at2759|QAXB01046130_1|+|57|1.765e-09|1|66|353|66[66]:353[353]:288[288]
30788	233-234	0	172763	-1	671536at2759|QAXB01049010_1|-|73|2.693e-14|1|0|233|233[233]:0[0]:234[234]
30841	898-888	0	228843	-1	1010730at2759|QAXB01050706_1|-|75|6.733e-15|1|11|898|898[898]:11[11]:888[888]
30905	428-378	0	45730	-1	1112002at2759|QAXB01052754_1|-|41|0.0001157|1|51|428|428[428]:51[51]:378[378]
31001	1373-1374	0	18423	-1	673132at2759|QAXB01000755_1|-|267|1.073e-72|2|0|1373|1373[1373]:1074[1074]:300[300]|866[851]:0[0]:867[852]
31372	550-186	0	100575	-1	142542at2759|QAXB01012627_1|-|40|0.0002313|1|365|550|550[550]:365[365]:186[186]
31452	355-297	0	68235	-1	299766at2759|QAXB01015187_1|-|52|5.648e-08|1|59|355|355[355]:59[59]:297[297]
31465	158+228	0	206162	1	687505at2759|QAXB01015603_1|+|54|1.412e-08|1|158|385|158[158]:385[385]:228[228]
31480	1628+754	0	212272	1	1617752at2759|QAXB01016083_1|+|49|4.518e-07|2|1628|2381|1628[1628]:1798[1798]:171[171]|2205[2205]:2381[2381]:177[177]
31500	211+531	0	145034	1	671536at2759|QAXB01016723_1|+|121|9.568e-29|1|211|741|211[211]:741[741]:531[531]
31757	630-615	0	4980	-1	83779at2759|QAXB01024947_1|-|126|2.99e-30|1|16|630|630[630]:16[16]:615[615]
31937	808-447	0	28962	-1	1312453at2759|QAXB01030707_1|-|91|1.027e-19|1|362|808|808[808]:362[362]:447[447]
32039	202+768	0	133144	1	549762at2759|QAXB01033971_1|+|101|1.003e-22|1|202|969|202[202]:969[969]:768[768]
32085	130+519	0	128391	1	664730at2759|QAXB01035443_1|+|39|0.0004627|1|130|648|130[130]:648[648]:519[519]
32086	489+375	0	82136	1	671536at2759|QAXB01035475_1|+|125|5.98e-30|1|489|863|489[489]:863[863]:375[375]
32086	276+588	0	222221	1	671536at2759|QAXB01035475_1|+|165|5.439e-42|2|276|863|276[276]:362[362]:87[87]|489[489]:863[863]:375[375]
32159	1168-477	0	90414	-1	1065019at2759|QAXB01037811_1|-|141|9.125e-35|1|692|1168|1168[1168]:692[692]:477[477]
32256	1946-678	0	227756	-1	917326at2759|QAXB01040915_1|-|47|1.807e-06|1|1269|1946|1946[1946]:1269[1269]:678[678]
32314	2103-801	0	103763	-1	679187at2759|QAXB01042771_1|-|138|7.3e-34|1|1303|2103|2103[2103]:1303[1303]:801[801]
32373	1922-1535	0	17916	-1	179362at2759|QAXB01044659_1|-|154|1.114e-38|2|388|1922|1922[1922]:1353[1353]:570[570]|1260[1260]:388[388]:873[873]
32399	439-396	0	146250	-1	779909at2759|QAXB01045491_1|-|42|5.784e-05|1|44|439|439[439]:44[44]:396[396]
32409	781-760	0	53148	-1	345441at2759|QAXB01045811_1|-|205|4.947e-54|2|22|781|781[781]:305[305]:477[477]|294[294]:22[22]:273[273]
32419	66+288	0	198936	1	1161199at2759|QAXB01046131_1|+|57|1.765e-09|1|66|353|66[66]:353[353]:288[288]
32438	1721+1498	0	71530	1	293315at2759|QAXB01046739_1|+|261|6.865e-71|4|1721|3218|1721[1721]:1951[1951]:231[231]|2033[2033]:2431[2431]:399[399]|2510[2513]:2815[2815]:306[303]|2874[2880]:3218[3218]:345[339]
32479	2559-168	0	47030	-1	858842at2759|QAXB01048051_1|-|45|7.23e-06|1|2392|2559|2559[2559]:2392[2392]:168[168]
32504	931+369	0	111741	1	271586at2759|QAXB01048851_1|+|38|0.0009254|1|931|1299|931[931]:1299[1299]:369[369]
32554	751-733	0	111628	-1	39650at2759|QAXB01050451_1|-|162|4.351e-41|2|19|751|751[751]:380[380]:372[372]|267[267]:19[19]:249[249]
32562	3+525	0	28962	1	1312453at2759|QAXB01050707_1|+|61|1.103e-10|1|3|527|3[3]:527[527]:525[525]
32608	685-405	0	67507	-1	687505at2759|QAXB01052179_1|-|76|3.367e-15|1|281|685|685[685]:281[281]:405[405]
32608	2443-696	0	134168	-1	604979at2759|QAXB01052179_1|-|96|3.211e-21|1|1748|2443|2443[2443]:1748[1748]:696[696]
32632	576-153	0	100575	-1	142542at2759|QAXB01052947_1|-|48|9.037e-07|1|424|576|576[576]:424[424]:153[153]
32670	545-534	0	198076	-1	866359at2759|QAXB01054163_1|-|40|0.0002313|1|12|545|545[545]:12[12]:534[534]
32832	0+807	0	18742	1	83779at2759|QAXB01004276_1|+|312|3.049e-86|1|0|806|0[0]:806[806]:807[807]
32870	7+237	0	115380	1	671536at2759|QAXB01005492_1|+|74|1.347e-14|1|7|243|7[7]:243[243]:237[237]
32961	12+660	0	222415	1	345441at2759|QAXB01008404_1|+|175|5.311e-45|1|12|671|12[12]:671[671]:660[660]
32963	7+465	0	113345	1	1312453at2759|QAXB01008468_1|+|75|6.733e-15|1|7|471|7[7]:471[471]:465[465]
32979	251+402	0	223631	1	257318at2759|QAXB01008980_1|+|61|1.103e-10|1|251|652|251[251]:652[652]:402[402]
33304	111+777	0	153439	1	1348942at2759|QAXB01019380_1|+|65|6.895e-12|1|111|887|111[111]:887[887]:777[777]
33393	2154-168	0	47354	-1	687505at2759|QAXB01022228_1|-|56|3.53e-09|1|1987|2154|2154[2154]:1987[1987]:168[168]
33399	1432-1431	0	182319	-1	759498at2759|QAXB01022420_1|-|709|9.445e-206|1|2|1432|1432[1432]:2[2]:1431[1431]
33741	294+675	0	80068	1	97116at2759|QAXB01033364_1|+|45|7.23e-06|2|294|968|294[294]:485[485]:192[192]|762[762]:968[968]:207[207]
33779	1+564	0	117504	1	679187at2759|QAXB01034580_1|+|102|5.017e-23|1|1|564|1[1]:564[564]:564[564]
33785	495-486	0	77344	-1	931188at2759|QAXB01034772_1|-|161|8.702e-41|1|10|495|495[495]:10[10]:486[486]
33828	683+681	0	71102	1	1588798at2759|QAXB01036148_1|+|57|1.765e-09|1|683|1363|683[683]:1363[1363]:681[681]
33884	3185+504	0	155832	1	396755at2759|QAXB01037940_1|+|109|3.919e-25|1|3185|3688|3185[3185]:3688[3688]:504[504]
33891	3585-327	0	162802	-1	671536at2759|QAXB01038164_1|-|92|5.137e-20|1|3259|3585|3585[3585]:3259[3259]:327[327]
34058	755+618	0	111628	1	39650at2759|QAXB01043508_1|+|100|2.007e-22|1|755|1372|755[755]:1372[1372]:618[618]
34094	1350-576	0	28962	-1	1312453at2759|QAXB01044660_1|-|70|2.155e-13|1|775|1350|1350[1350]:775[775]:576[576]
34326	99+207	0	105107	1	687505at2759|QAXB01052084_1|+|72|5.386e-14|1|99|305|99[99]:305[305]:207[207]
34354	885+261	0	229685	1	1249159at2759|QAXB01052980_1|+|38|0.0009254|1|885|1145|885[885]:1145[1145]:261[261]
34437	482-438	0	136314	-1	687505at2759|QAXB01000565_1|-|146|2.852e-36|1|45|482|482[482]:45[45]:438[438]
34540	10+480	0	80068	1	97116at2759|QAXB01003861_1|+|55|7.06e-09|1|10|489|10[10]:489[489]:480[480]
35042	4+372	0	207782	1	166920at2759|QAXB01019925_1|+|48|9.037e-07|1|4|375|4[4]:375[375]:372[372]
35205	21+207	0	13971	1	388820at2759|QAXB01025141_1|+|61|1.103e-10|1|21|227|21[21]:227[227]:207[207]
35212	52+147	0	158728	1	1049599at2759|QAXB01025365_1|+|40|0.0002313|1|52|198|52[52]:198[198]:147[147]
35230	643-531	0	120779	-1	671846at2759|QAXB01025941_1|-|72|5.386e-14|1|113|643|643[643]:113[113]:531[531]
35359	321-315	0	45730	-1	1112002at2759|QAXB01030069_1|-|55|7.06e-09|1|7|321|321[321]:7[7]:315[315]
35396	2+237	0	2188	1	1193442at2759|QAXB01031253_1|+|83|2.63e-17|1|2|238|2[2]:238[238]:237[237]
35432	1729-303	0	206397	-1	1312453at2759|QAXB01032405_1|-|38|0.0009254|1|1427|1729|1729[1729]:1427[1427]:303[303]
35434	348-261	0	48591	-1	142542at2759|QAXB01032469_1|-|160|1.74e-40|1|88|348|348[348]:88[88]:261[261]
35456	468-393	0	167009	-1	917326at2759|QAXB01033173_1|-|54|1.412e-08|1|76|468|468[468]:76[76]:393[393]
35493	297+972	0	181908	1	345441at2759|QAXB01034357_1|+|50|2.259e-07|1|297|1268|297[297]:1268[1268]:972[972]
35558	849-270	0	57815	-1	1079827at2759|QAXB01036437_1|-|45|7.23e-06|1|580|849|849[849]:580[580]:270[270]
35558	1378-189	0	86692	-1	1079827at2759|QAXB01036437_1|-|54|1.412e-08|1|1190|1378|1378[1378]:1190[1190]:189[189]
35563	2165+867	0	220764	1	814241at2759|QAXB01036597_1|+|53|2.824e-08|1|2165|3031|2165[2165]:3031[3031]:867[867]
35594	120+282	0	46636	1	457861at2759|QAXB01037589_1|+|70|2.155e-13|1|120|401|120[120]:401[401]:282[282]
35620	338+183	0	155353	1	1038775at2759|QAXB01038421_1|+|53|2.824e-08|1|338|520|338[338]:520[520]:183[183]
35749	281+529	0	80068	1	97116at2759|QAXB01042549_1|+|117|1.531e-27|2|281|809|281[281]:415[415]:135[135]|489[492]:809[809]:321[318]
35764	448+609	0	111628	1	39650at2759|QAXB01043029_1|+|100|2.007e-22|1|448|1056|448[448]:1056[1056]:609[609]
35813	1369-645	0	30715	-1	1003258at2759|QAXB01044597_1|-|213|1.932e-56|1|725|1369|1369[1369]:725[725]:645[645]
35854	1356-576	0	28962	-1	1312453at2759|QAXB01045909_1|-|70|2.155e-13|1|781|1356|1356[1356]:781[781]:576[576]
35915	93+348	0	26689	1	330169at2759|QAXB01047861_1|+|65|6.895e-12|1|93|440|93[93]:440[440]:348[348]
35964	349-168	0	226587	-1	858842at2759|QAXB01049429_1|-|70|2.155e-13|1|182|349|349[349]:182[182]:168[168]
35973	670+747	0	153439	1	1348942at2759|QAXB01049717_1|+|82|5.26e-17|1|670|1416|670[670]:1416[1416]:747[747]
35990	1543-1539	0	42772	-1	664730at2759|QAXB01050261_1|-|127|1.495e-30|1|5|1543|1543[1543]:5[5]:1539[1539]
36118	2136-906	0	111628	-1	39650at2759|QAXB01054357_1|-|223|1.887e-59|1|1231|2136|2136[2136]:1231[1231]:906[906]
36131	144+423	0	140953	1	1010730at2759|QAXB01054773_1|+|42|5.784e-05|1|144|566|144[144]:566[566]:423[423]
36132	269-249	0	41121	-1	931188at2759|QAXB01054805_1|-|55|7.06e-09|1|21|269|269[269]:21[21]:249[249]
36132	2926-597	0	127806	-1	931188at2759|QAXB01054805_1|-|51|1.13e-07|1|2330|2926|2926[2926]:2330[2330]:597[597]
36133	1467+669	0	121349	1	858842at2759|QAXB01054837_1|+|76|3.367e-15|1|1467|2135|1467[1467]:2135[2135]:669[669]
36137	236+441	0	136903	1	1441854at2759|QAXB01054965_1|+|43|2.892e-05|1|236|676|236[236]:676[676]:441[441]
36150	5+1857	0	43181	1	1312453at2759|QAXB01000310_1|+|127|1.495e-30|1|5|1861|5[5]:1861[1861]:1857[1857]
36870	248-249	0	48011	-1	1620056at2759|QAXB01023350_1|-|111|9.798e-26|1|0|248|248[248]:0[0]:249[249]
37043	57+384	0	67631	1	392369at2759|QAXB01028886_1|+|41|0.0001157|1|57|440|57[57]:440[440]:384[384]
37151	2718-1062	0	153439	-1	1348942at2759|QAXB01032342_1|-|271|6.704e-74|1|1657|2718|2718[2718]:1657[1657]:1062[1062]
37245	0+249	0	30643	1	687505at2759|QAXB01035350_1|+|57|1.765e-09|1|0|248|0[0]:248[248]:249[249]
37337	1750-207	0	122789	-1	87842at2759|QAXB01038294_1|-|49|4.518e-07|1|1544|1750|1750[1750]:1544[1544]:207[207]
37339	0+252	0	84400	1	1258856at2759|QAXB01038358_1|+|42|5.784e-05|1|0|251|0[0]:251[251]:252[252]
37443	964-351	0	204860	-1	156083at2759|QAXB01041686_1|-|125|5.98e-30|1|614|964|964[964]:614[614]:351[351]
37473	1013+1247	0	19708	1	598949at2759|QAXB01042646_1|+|625|1.827e-180|2|1013|2259|1013[1013]:1972[1972]:960[960]|2071[2077]:2259[2259]:189[183]
37522	464+351	0	157808	1	1312453at2759|QAXB01044214_1|+|40|0.0002313|1|464|814|464[464]:814[814]:351[351]
37628	3+546	0	10935	1	388820at2759|QAXB01047606_1|+|121|9.568e-29|1|3|548|3[3]:548[548]:546[546]
37631	46+675	0	113345	1	1312453at2759|QAXB01047702_1|+|47|1.807e-06|1|46|720|46[46]:720[720]:675[675]
37678	1603-837	0	153439	-1	1348942at2759|QAXB01049206_1|-|81|1.052e-16|1|767|1603|1603[1603]:767[767]:837[837]
37723	3155-384	0	202475	-1	687505at2759|QAXB01050646_1|-|64|1.379e-11|1|2772|3155|3155[3155]:2772[2772]:384[384]
37775	1310-357	0	28962	-1	1312453at2759|QAXB01052310_1|-|57|1.765e-09|1|954|1310|1310[1310]:954[954]:357[357]
37828	6152-1200	0	111628	-1	39650at2759|QAXB01054006_1|-|161|8.702e-41|2|4953|6152|6152[6152]:5760[5760]:393[393]|5297[5297]:4953[4953]:345[345]
37881	176+291	0	126229	1	341721at2759|QAXB01000631_1|+|70|2.155e-13|1|176|466|176[176]:466[466]:291[291]
38167	3+327	0	57898	1	905026at2759|QAXB01009783_1|+|59|4.413e-10|1|3|329|3[3]:329[329]:327[327]
38220	220-213	0	3973	-1	1079827at2759|QAXB01011479_1|-|138|7.3e-34|1|8|220|220[220]:8[8]:213[213]
38252	0+183	0	20215	1	1322642at2759|QAXB01012503_1|+|77|1.683e-15|1|0|182|0[0]:182[182]:183[183]
38278	254+486	0	113345	1	1312453at2759|QAXB01013335_1|+|91|1.027e-19|1|254|739|254[254]:739[739]:486[486]
38498	1+366	0	28962	1	1312453at2759|QAXB01020375_1|+|51|1.13e-07|1|1|366|1[1]:366[366]:366[366]
38589	334-315	0	26350	-1	956854at2759|QAXB01023287_1|-|129|3.738e-31|1|20|334|334[334]:20[20]:315[315]
38881	2901-708	0	71102	-1	1588798at2759|QAXB01032631_1|-|53|2.824e-08|1|2194|2901|2901[2901]:2194[2194]:708[708]
38922	1428-834	0	15435	-1	1001705at2759|QAXB01033943_1|-|83|2.63e-17|1|595|1428|1428[1428]:595[595]:834[834]
38939	620-612	0	111628	-1	39650at2759|QAXB01034487_1|-|142|4.562e-35|1|9|620|620[620]:9[9]:612[612]
38957	590-589	0	214625	-1	1194691at2759|QAXB01035063_1|-|244|8.998e-66|2|2|590|590[590]:333[333]:258[258]|244[238]:2[2]:243[237]
38973	158+574	0	80068	1	97116at2759|QAXB01035575_1|+|93|2.568e-20|2|158|731|158[158]:382[382]:225[225]|462[474]:731[731]:270[258]
38993	1000-819	0	201352	-1	946128at2759|QAXB01036215_1|-|95|6.421e-21|1|182|1000|1000[1000]:182[182]:819[819]
39065	1122+528	0	105340	1	1284731at2759|QAXB01038519_1|+|125|5.98e-30|2|1122|1649|1122[1122]:1262[1262]:141[141]|1452[1452]:1649[1649]:198[198]
39094	1590-831	0	34244	-1	1593937at2759|QAXB01039447_1|-|56|3.53e-09|1|760|1590|1590[1590]:760[760]:831[831]
39108	1895-162	0	226586	-1	858842at2759|QAXB01039895_1|-|57|1.765e-09|1|1734|1895|1895[1895]:1734[1734]:162[162]
39134	1725+771	0	80068	1	97116at2759|QAXB01040727_1|+|108|7.838e-25|1|1725|2495|1725[1725]:2495[2495]:771[771]
39141	907-192	0	73833	-1	176625at2759|QAXB01040951_1|-|40|0.0002313|1|716|907|907[907]:716[716]:192[192]
39146	1480-507	0	26351	-1	1617752at2759|QAXB01041111_1|-|201|7.915e-53|2|974|1480|1480[1480]:1361[1361]:120[120]|1255[1255]:974[974]:282[282]
39158	2+788	0	217889	1	734666at2759|QAXB01041495_1|+|214|9.661e-57|2|2|789|2[2]:316[316]:315[315]|379[391]:789[789]:411[399]
39195	1223-474	0	106468	-1	865202at2759|QAXB01042679_1|-|42|5.784e-05|1|750|1223|1223[1223]:750[750]:474[474]
39231	317-261	0	172763	-1	671536at2759|QAXB01043831_1|-|70|2.155e-13|1|57|317|317[317]:57[57]:261[261]
39338	7+420	0	113345	1	1312453at2759|QAXB01047255_1|+|68|8.618e-13|1|7|426|7[7]:426[426]:420[420]
39356	3665-276	0	158102	-1	687505at2759|QAXB01047831_1|-|66|3.447e-12|1|3390|3665|3665[3665]:3390[3390]:276[276]
39429	2+270	0	207489	1	1405146at2759|QAXB01050167_1|+|83|2.63e-17|1|2|271|2[2]:271[271]:270[270]
39441	964-549	0	113345	-1	1312453at2759|QAXB01050551_1|-|60|2.206e-10|1|416|964|964[964]:416[416]:549[549]
39448	1579-882	0	48679	-1	1445102at2759|QAXB01050775_1|-|129|3.738e-31|1|698|1579|1579[1579]:698[698]:882[882]
39498	429+1053	0	114319	1	931188at2759|QAXB01052375_1|+|112|4.899e-26|1|429|1481|429[429]:1481[1481]:1053[1053]
39569	4+531	0	212150	1	751335at2759|QAXB01054647_1|+|276|2.095e-75|1|4|534|4[4]:534[534]:531[531]
39601	344-270	0	16412	-1	1138059at2759|QAXB01000600_1|-|109|3.919e-25|1|75|344|344[344]:75[75]:270[270]
39730	9+198	0	193248	1	1051021at2759|QAXB01004728_1|+|60|2.206e-10|1|9|206|9[9]:206[206]:198[198]
39753	2209-450	0	95901	-1	708105at2759|QAXB01005464_1|-|53|2.824e-08|1|1760|2209|2209[2209]:1760[1760]:450[450]
39790	35+564	0	11910	1	1530008at2759|QAXB01006648_1|+|113|2.449e-26|1|35|598|35[35]:598[598]:564[564]
39933	244-150	0	158728	-1	1049599at2759|QAXB01011224_1|-|41|0.0001157|1|95|244|244[244]:95[95]:150[150]
39991	30+165	0	57560	1	1626636at2759|QAXB01013080_1|+|74|1.347e-14|1|30|194|30[30]:194[194]:165[165]
40006	314-126	0	149818	-1	866359at2759|QAXB01013560_1|-|44|1.446e-05|1|189|314|314[314]:189[189]:126[126]
40027	266+564	0	1214	1	719531at2759|QAXB01014232_1|+|42|5.784e-05|1|266|829|266[266]:829[829]:564[564]
40036	67+423	0	219489	1	1053181at2759|QAXB01014520_1|+|59|4.413e-10|1|67|489|67[67]:489[489]:423[423]
40048	401-378	0	192297	-1	1112002at2759|QAXB01014904_1|-|103|2.508e-23|1|24|401|401[401]:24[24]:378[378]
40111	283-204	0	128012	-1	687505at2759|QAXB01016920_1|-|43|2.892e-05|1|80|283|283[283]:80[80]:204[204]
40335	202+588	0	80068	1	97116at2759|QAXB01024088_1|+|97|1.605e-21|1|202|789|202[202]:789[789]:588[588]
40480	0+297	0	141076	1	1049599at2759|QAXB01028728_1|+|45|7.23e-06|1|0|296|0[0]:296[296]:297[297]
40585	539-237	0	186979	-1	866359at2759|QAXB01032088_1|-|56|3.53e-09|1|303|539|539[539]:303[303]:237[237]
40612	588-207	0	40269	-1	1228942at2759|QAXB01032952_1|-|50|2.259e-07|1|382|588|588[588]:382[382]:207[207]
40635	13+717	0	192973	1	375960at2759|QAXB01033688_1|+|154|1.114e-38|1|13|729|13[13]:729[729]:717[717]
40692	207+831	0	6005	1	671536at2759|QAXB01035512_1|+|266|2.145e-72|2|207|1037|207[207]:350[350]:144[144]|450[456]:1037[1037]:588[582]
40765	1442-552	0	28962	-1	1312453at2759|QAXB01037848_1|-|72|5.386e-14|1|891|1442|1442[1442]:891[891]:552[552]
40775	288+411	0	135224	1	1575179at2759|QAXB01038168_1|+|102|5.017e-23|2|288|698|288[288]:368[368]:81[81]|471[471]:698[698]:228[228]
40784	1146-585	0	76886	-1	865202at2759|QAXB01038456_1|-|263|1.716e-71|1|562|1146|1146[1146]:562[562]:585[585]
40833	1+1375	0	9910	1	179362at2759|QAXB01040024_1|+|252|3.515e-68|3|1|1375|1[1]:54[54]:54[54]|241[244]:396[396]:156[153]|524[524]:1375[1375]:852[852]
40899	531+135	0	226586	1	858842at2759|QAXB01042136_1|+|44|1.446e-05|1|531|665|531[531]:665[665]:135[135]
40940	2083-651	0	57898	-1	905026at2759|QAXB01043448_1|-|74|1.347e-14|1|1433|2083|2083[2083]:1433[1433]:651[651]
41020	245+225	0	3973	1	1079827at2759|QAXB01046008_1|+|146|2.852e-36|1|245|469|245[245]:469[469]:225[225]
41035	1174+261	0	172763	1	671536at2759|QAXB01046488_1|+|70|2.155e-13|1|1174|1434|1174[1174]:1434[1434]:261[261]
41059	7+420	0	113345	1	1312453at2759|QAXB01047256_1|+|68|8.618e-13|1|7|426|7[7]:426[426]:420[420]
41080	528-492	0	132954	-1	1322642at2759|QAXB01047928_1|-|76|3.367e-15|1|37|528|528[528]:37[37]:492[492]
41113	738-189	0	180782	-1	179362at2759|QAXB01048984_1|-|39|0.0004627|1|550|738|738[738]:550[550]:189[189]
41123	3458+531	0	113345	1	1312453at2759|QAXB01049304_1|+|64|1.379e-11|2|3458|3988|3458[3458]:3637[3637]:180[180]|3755[3764]:3988[3988]:234[225]
41187	12+198	0	100575	1	142542at2759|QAXB01051352_1|+|51|1.13e-07|1|12|209|12[12]:209[209]:198[198]
41209	1084-730	0	111628	-1	39650at2759|QAXB01052056_1|-|137|1.46e-33|2|355|1084|1084[1084]:854[854]:231[231]|744[744]:355[355]:390[390]
41256	2332-501	0	113345	-1	1312453at2759|QAXB01053560_1|-|52|5.648e-08|1|1832|2332|2332[2332]:1832[1832]:501[501]
41262	1760-543	0	19196	-1	604979at2759|QAXB01053752_1|-|77|1.683e-15|1|1218|1760|1760[1760]:1218[1218]:543[543]
41287	1423-726	0	91325	-1	1090038at2759|QAXB01054552_1|-|223|1.887e-59|1|698|1423|1423[1423]:698[698]:726[726]
41930	244+213	0	100575	1	142542at2759|QAXB01020057_1|+|70|2.155e-13|1|244|456|244[244]:456[456]:213[213]
42032	306-204	0	37092	-1	345441at2759|QAXB01023321_1|-|88|8.219e-19|1|103|306|306[306]:103[103]:204[204]
42208	358-351	0	182138	-1	1112002at2759|QAXB01028953_1|-|59|4.413e-10|1|8|358|358[358]:8[8]:351[351]
42285	1+495	0	40995	1	325552at2759|QAXB01031417_1|+|118|7.655e-28|1|1|495|1[1]:495[495]:495[495]
42315	4023-1656	0	151052	-1	721605at2759|QAXB01032377_1|-|161|8.702e-41|1|2368|4023|4023[4023]:2368[2368]:1656[1656]
42317	82+378	0	27790	1	383503at2759|QAXB01032441_1|+|45|7.23e-06|1|82|459|82[82]:459[459]:378[378]
42379	677-126	0	61473	-1	720340at2759|QAXB01034425_1|-|42|5.784e-05|1|552|677|677[677]:552[552]:126[126]
42466	1587+732	0	11910	1	1530008at2759|QAXB01037209_1|+|117|1.531e-27|1|1587|2318|1587[1587]:2318[2318]:732[732]
42495	2475-447	0	88501	-1	655400at2759|QAXB01038137_1|-|39|0.0004627|1|2029|2475|2475[2475]:2029[2029]:447[447]
42589	755-756	0	16794	-1	674160at2759|QAXB01041145_1|-|127|1.495e-30|1|0|755|755[755]:0[0]:756[756]
42638	1602-798	0	111628	-1	39650at2759|QAXB01042713_1|-|218|6.038e-58|1|805|1602|1602[1602]:805[805]:798[798]
42651	1468+555	0	80068	1	97116at2759|QAXB01043129_1|+|69|4.309e-13|1|1468|2022|1468[1468]:2022[2022]:555[555]
42654	2103-333	0	106366	-1	1223488at2759|QAXB01043225_1|-|38|0.0009254|1|1771|2103|2103[2103]:1771[1771]:333[333]
42657	3331-333	0	106366	-1	1223488at2759|QAXB01043321_1|-|38|0.0009254|1|2999|3331|3331[3331]:2999[2999]:333[333]
42743	495+913	0	26930	1	179362at2759|QAXB01046073_1|+|289|2.557e-79|3|495|1407|495[495]:641[641]:147[147]|798[801]:953[953]:156[153]|1078[1078]:1407[1407]:330[330]
42778	160-159	0	34279	-1	858842at2759|QAXB01047193_1|-|42|5.784e-05|1|2|160|160[160]:2[2]:159[159]
42841	3853-867	0	6005	-1	671536at2759|QAXB01049209_1|-|475|2.607e-135|1|2987|3853|3853[3853]:2987[2987]:867[867]
42882	1132+822	0	80068	1	97116at2759|QAXB01050521_1|+|83|2.63e-17|1|1132|1953|1132[1132]:1953[1953]:822[822]
42896	1132-255	0	116641	-1	674160at2759|QAXB01050969_1|-|55|7.06e-09|1|878|1132|1132[1132]:878[878]:255[255]
42896	661-651	0	207410	-1	674160at2759|QAXB01050969_1|-|98|8.026e-22|1|11|661|661[661]:11[11]:651[651]
42901	1172+732	0	11910	1	1530008at2759|QAXB01051129_1|+|117|1.531e-27|1|1172|1903|1172[1172]:1903[1903]:732[732]
42916	459-183	0	198480	-1	87842at2759|QAXB01051609_1|-|39|0.0004627|1|277|459|459[459]:277[277]:183[183]
42986	776-717	0	57898	-1	905026at2759|QAXB01053849_1|-|88|8.219e-19|1|60|776|776[776]:60[60]:717[717]
43011	27+279	0	4957	1	1049599at2759|QAXB01054649_1|+|58|8.825e-10|1|27|305|27[27]:305[305]:279[279]
43280	0+231	0	201281	1	549762at2759|QAXB01008186_1|+|96|3.211e-21|1|0|230|0[0]:230[230]:231[231]
43331	1052-567	0	52372	-1	1339553at2759|QAXB01009818_1|-|78|8.416e-16|1|486|1052|1052[1052]:486[486]:567[567]
43374	66+473	0	28962	1	1312453at2759|QAXB01011194_1|+|56|3.53e-09|2|66|538|66[66]:122[122]:57[57]|236[236]:538[538]:303[303]
43401	4+306	0	98609	1	1223488at2759|QAXB01012058_1|+|77|1.683e-15|1|4|309|4[4]:309[309]:306[306]
43422	583-567	0	191959	-1	388820at2759|QAXB01012730_1|-|80|2.104e-16|1|17|583|583[583]:17[17]:567[567]
43428	450-228	0	3973	-1	1079827at2759|QAXB01012922_1|-|96|3.211e-21|1|223|450|450[450]:223[223]:228[228]
43514	260+189	0	114208	1	1421503at2759|QAXB01015674_1|+|53|2.824e-08|1|260|448|260[260]:448[448]:189[189]
44028	384+959	0	111628	1	39650at2759|QAXB01032122_1|+|188|6.484e-49|2|384|1342|384[384]:749[749]:366[366]|860[860]:1342[1342]:483[483]
44049	458+501	0	113345	1	1312453at2759|QAXB01032794_1|+|44|1.446e-05|1|458|958|458[458]:958[958]:501[501]
44073	1359-1127	0	111628	-1	39650at2759|QAXB01033562_1|-|172|4.249e-44|2|233|1359|1359[1359]:976[976]:384[384]|898[898]:233[233]:666[666]
44093	284+198	0	3973	1	1079827at2759|QAXB01034202_1|+|52|5.648e-08|1|284|481|284[284]:481[481]:198[198]
44097	44+288	0	166783	1	621827at2759|QAXB01034330_1|+|132|4.672e-32|1|44|331|44[44]:331[331]:288[288]
44107	1059+831	0	80068	1	97116at2759|QAXB01034650_1|+|47|1.807e-06|1|1059|1889|1059[1059]:1889[1889]:831[831]
44109	382-297	0	209159	-1	396755at2759|QAXB01034714_1|-|83|2.63e-17|1|86|382|382[382]:86[86]:297[297]
44127	302+171	0	97670	1	1428854at2759|QAXB01035290_1|+|45|7.23e-06|1|302|472|302[302]:472[472]:171[171]
44129	455+723	0	111628	1	39650at2759|QAXB01035354_1|+|93|2.568e-20|1|455|1177|455[455]:1177[1177]:723[723]
44132	2710-762	0	111628	-1	39650at2759|QAXB01035450_1|-|77|1.683e-15|1|1949|2710|2710[2710]:1949[1949]:762[762]
44261	515+528	0	80068	1	97116at2759|QAXB01039578_1|+|118|7.655e-28|2|515|1042|515[515]:649[649]:135[135]|716[725]:1042[1042]:327[318]
44273	983+648	0	1214	1	719531at2759|QAXB01039962_1|+|49|4.518e-07|1|983|1630|983[983]:1630[1630]:648[648]
44275	226+351	0	28962	1	1312453at2759|QAXB01040026_1|+|53|2.824e-08|1|226|576|226[226]:576[576]:351[351]
44290	291-258	0	210996	-1	1398309at2759|QAXB01040506_1|-|96|3.211e-21|1|34|291|291[291]:34[34]:258[258]
44297	435-435	0	18132	-1	245208at2759|QAXB01040730_1|-|51|1.13e-07|1|1|435|435[435]:1[1]:435[435]
44299	223-201	0	180758	-1	330169at2759|QAXB01040794_1|-|71|1.077e-13|1|23|223|223[223]:23[23]:201[201]
44323	2553-1032	0	153439	-1	1348942at2759|QAXB01041562_1|-|88|8.219e-19|1|1522|2553|2553[2553]:1522[1522]:1032[1032]
44331	911-192	0	73833	-1	176625at2759|QAXB01041818_1|-|40|0.0002313|1|720|911|911[911]:720[720]:192[192]
44363	1088-738	0	153439	-1	1348942at2759|QAXB01042842_1|-|77|1.683e-15|1|351|1088|1088[1088]:351[351]:738[738]
44366	457+228	0	206162	1	687505at2759|QAXB01042938_1|+|56|3.53e-09|1|457|684|457[457]:684[684]:228[228]
44388	308-297	0	11048	-1	1421503at2759|QAXB01043642_1|-|45|7.23e-06|1|12|308|308[308]:12[12]:297[297]
44451	44+474	0	95692	1	923657at2759|QAXB01045658_1|+|133|2.336e-32|1|44|517|44[44]:517[517]:474[474]
44464	2185+324	0	206397	1	1312453at2759|QAXB01046074_1|+|41|0.0001157|1|2185|2508|2185[2185]:2508[2508]:324[324]
44468	85+525	0	80068	1	97116at2759|QAXB01046202_1|+|58|8.825e-10|1|85|609|85[85]:609[609]:525[525]
44525	3468+504	0	80068	1	97116at2759|QAXB01048026_1|+|76|3.367e-15|1|3468|3971|3468[3468]:3971[3971]:504[504]
44610	1065+432	0	80068	1	97116at2759|QAXB01050746_1|+|67|1.724e-12|1|1065|1496|1065[1065]:1496[1496]:432[432]
44641	524-525	0	163517	-1	1228942at2759|QAXB01051738_1|-|295|3.996e-81|1|0|524|524[524]:0[0]:525[525]
44649	1594+249	0	210806	1	1421503at2759|QAXB01051994_1|+|52|5.648e-08|1|1594|1842|1594[1594]:1842[1842]:249[249]
44729	1688-336	0	134210	-1	1018517at2759|QAXB01054554_1|-|139|3.65e-34|1|1353|1688|1688[1688]:1353[1353]:336[336]
44744	4810-1026	0	111628	-1	39650at2759|QAXB01055034_1|-|130|1.869e-31|2|3785|4810|4810[4810]:4442[4442]:369[369]|4063[4063]:3785[3785]:279[279]
44763	400-276	0	84670	-1	1312453at2759|QAXB01000571_1|-|41|0.0001157|1|125|400|400[400]:125[125]:276[276]
44764	0+543	0	201242	1	369837at2759|QAXB01000603_1|+|131|9.344e-32|1|0|542|0[0]:542[542]:543[543]
44779	852-381	0	28962	-1	1312453at2759|QAXB01001083_1|-|59|4.413e-10|1|472|852|852[852]:472[472]:381[381]
44826	319-300	0	67591	-1	905026at2759|QAXB01002587_1|-|38|0.0009254|1|20|319|319[319]:20[20]:300[300]
45083	425+261	0	229685	1	1249159at2759|QAXB01010811_1|+|65|6.895e-12|1|425|685|425[425]:685[685]:261[261]
45428	526-186	0	47030	-1	858842at2759|QAXB01021851_1|-|40|0.0002313|1|341|526|526[526]:341[341]:186[186]
45663	0+423	0	113937	1	664730at2759|QAXB01029371_1|+|189|3.242e-49|1|0|422|0[0]:422[422]:423[423]
45718	1+537	0	227180	1	1312453at2759|QAXB01031131_1|+|75|6.733e-15|1|1|537|1[1]:537[537]:537[537]
45782	13+282	0	45153	1	918816at2759|QAXB01033179_1|+|102|5.017e-23|1|13|294|13[13]:294[294]:282[282]
45841	555+879	0	4980	1	83779at2759|QAXB01035067_1|+|227|1.179e-60|1|555|1433|555[555]:1433[1433]:879[879]
45852	723-723	0	155994	-1	83779at2759|QAXB01035419_1|-|82|5.26e-17|1|1|723|723[723]:1[1]:723[723]
45883	537-534	0	80068	-1	97116at2759|QAXB01036411_1|-|47|1.807e-06|1|4|537|537[537]:4[4]:534[534]
45935	564-225	0	3973	-1	1079827at2759|QAXB01038075_1|-|78|8.416e-16|1|340|564|564[564]:340[340]:225[225]
45945	1351-165	0	47771	-1	801857at2759|QAXB01038395_1|-|45|7.23e-06|1|1187|1351|1351[1351]:1187[1187]:165[165]
46099	809-411	0	135224	-1	1575179at2759|QAXB01043323_1|-|101|1.003e-22|2|399|809|809[809]:729[729]:81[81]|626[626]:399[399]:228[228]
46232	1530-798	0	111628	-1	39650at2759|QAXB01047579_1|-|218|6.038e-58|1|733|1530|1530[1530]:733[733]:798[798]
46361	745+297	0	116403	1	1312453at2759|QAXB01051707_1|+|39|0.0004627|1|745|1041|745[745]:1041[1041]:297[297]
46362	407+834	0	4980	1	83779at2759|QAXB01051739_1|+|57|1.765e-09|1|407|1240|407[407]:1240[1240]:834[834]
46397	589+402	0	210462	1	1407446at2759|QAXB01052859_1|+|165|5.439e-42|1|589|990|589[589]:990[990]:402[402]
46434	1019-426	0	186736	-1	1138059at2759|QAXB01054043_1|-|40|0.0002313|1|594|1019|1019[1019]:594[594]:426[426]
46447	1758-882	0	153439	-1	1348942at2759|QAXB01054459_1|-|78|8.416e-16|1|877|1758|1758[1758]:877[877]:882[882]
46526	794+219	0	48591	1	142542at2759|QAXB01001916_1|+|38|0.0009254|1|794|1012|794[794]:1012[1012]:219[219]
46594	3+531	0	191408	1	692986at2759|QAXB01004092_1|+|113|2.449e-26|1|3|533|3[3]:533[533]:531[531]
46618	2+339	0	23497	1	1287094at2759|QAXB01004860_1|+|147|1.426e-36|1|2|340|2[2]:340[340]:339[339]
46974	298-297	0	2818	-1	1455730at2759|QAXB01016252_1|-|137|1.46e-33|1|2|298|298[298]:2[2]:297[297]
47234	590-231	0	97670	-1	1428854at2759|QAXB01024572_1|-|39|0.0004627|1|360|590|590[590]:360[360]:231[231]
47251	126+339	0	221851	1	87842at2759|QAXB01025116_1|+|108|7.838e-25|1|126|464|126[126]:464[464]:339[339]
47367	1154-777	0	163513	-1	687505at2759|QAXB01028828_1|-|423|1.174e-119|1|378|1154|1154[1154]:378[378]:777[777]
47400	242-243	0	229140	-1	1001705at2759|QAXB01029884_1|-|52|5.648e-08|1|0|242|242[242]:0[0]:243[243]
47477	397-393	0	85105	-1	1107630at2759|QAXB01032348_1|-|42|5.784e-05|1|5|397|397[397]:5[5]:393[393]
47549	795-411	0	112814	-1	673132at2759|QAXB01034652_1|-|44|1.446e-05|1|385|795|795[795]:385[385]:411[411]
47575	763-762	0	38896	-1	604979at2759|QAXB01035484_1|-|372|2.644e-104|3|2|763|763[763]:671[671]:93[93]|537[534]:139[139]:399[396]|67[61]:2[2]:66[60]
47579	1108-156	0	128012	-1	687505at2759|QAXB01035612_1|-|42|5.784e-05|1|953|1108|1108[1108]:953[953]:156[156]
47588	340-330	0	74102	-1	919955at2759|QAXB01035900_1|-|49|4.518e-07|1|11|340|340[340]:11[11]:330[330]
47601	1194-591	0	90414	-1	1065019at2759|QAXB01036316_1|-|85|6.575e-18|1|604|1194|1194[1194]:604[604]:591[591]
47685	608-486	0	113345	-1	1312453at2759|QAXB01039004_1|-|66|3.447e-12|1|123|608|608[608]:123[123]:486[486]
47738	732+1018	0	32356	1	865202at2759|QAXB01040700_1|+|246|2.249e-66|2|732|1749|732[732]:881[881]:150[150]|1039[1042]:1749[1749]:711[708]
47799	1541-429	0	97295	-1	911863at2759|QAXB01042652_1|-|72|5.386e-14|1|1113|1541|1541[1541]:1113[1113]:429[429]
47874	596+417	0	90414	1	1065019at2759|QAXB01045052_1|+|86|3.288e-18|1|596|1012|596[596]:1012[1012]:417[417]
47904	2059-447	0	88501	-1	655400at2759|QAXB01046012_1|-|39|0.0004627|1|1613|2059|2059[2059]:1613[1613]:447[447]
47916	723-255	0	122789	-1	87842at2759|QAXB01046396_1|-|46|3.615e-06|1|469|723|723[723]:469[469]:255[255]
47960	583+411	0	135224	1	1575179at2759|QAXB01047804_1|+|102|5.017e-23|2|583|993|583[583]:663[663]:81[81]|766[766]:993[993]:228[228]
47963	25+765	0	113345	1	1312453at2759|QAXB01047900_1|+|50|2.259e-07|1|25|789|25[25]:789[789]:765[765]
48024	103+395	0	101859	1	1421503at2759|QAXB01049852_1|+|73|2.693e-14|2|103|497|103[103]:153[153]:51[51]|312[321]:497[497]:186[177]
48046	669-234	0	87958	-1	1428854at2759|QAXB01050556_1|-|96|3.211e-21|1|436|669|669[669]:436[436]:234[234]
48080	411-411	0	80068	-1	97116at2759|QAXB01051644_1|-|62|5.516e-11|1|1|411|411[411]:1[1]:411[411]
48086	3417-1198	0	124610	-1	1269244at2759|QAXB01051836_1|-|135|5.84e-33|3|2220|3417|3417[3417]:3310[3310]:108[108]|3187[3187]:2891[2891]:297[297]|2513[2498]:2220[2220]:294[279]
48086	3417-527	0	166876	-1	1269244at2759|QAXB01051836_1|-|100|2.007e-22|2|2891|3417|3417[3417]:3298[3298]:120[120]|3169[3169]:2891[2891]:279[279]
48088	2589-423	0	84106	-1	1079827at2759|QAXB01051900_1|-|269|2.682e-73|1|2167|2589|2589[2589]:2167[2167]:423[423]
48115	1303-591	0	62035	-1	1440961at2759|QAXB01052764_1|-|74|1.347e-14|1|713|1303|1303[1303]:713[713]:591[591]
48141	3227+681	0	111628	1	39650at2759|QAXB01053596_1|+|87|1.644e-18|1|3227|3907|3227[3227]:3907[3907]:681[681]
48167	1458+747	0	198484	1	956854at2759|QAXB01054428_1|+|51|1.13e-07|1|1458|2204|1458[1458]:2204[2204]:747[747]
48230	1817-858	0	207817	-1	719531at2759|QAXB01001405_1|-|64|1.379e-11|1|960|1817|1817[1817]:960[960]:858[858]
48234	1971-393	0	79708	-1	1228942at2759|QAXB01001533_1|-|42|5.784e-05|1|1579|1971|1971[1971]:1579[1579]:393[393]
48412	122+123	0	3973	1	1079827at2759|QAXB01007229_1|+|49|4.518e-07|1|122|244|122[122]:244[244]:123[123]
48456	2831-498	0	176073	-1	1228942at2759|QAXB01008637_1|-|59|4.413e-10|1|2334|2831|2831[2831]:2334[2334]:498[498]
48640	215-216	0	3973	-1	1079827at2759|QAXB01014525_1|-|45|7.23e-06|1|0|215|215[215]:0[0]:216[216]
48836	597-597	0	12883	-1	1428854at2759|QAXB01020797_1|-|114|1.225e-26|1|1|597|597[597]:1[1]:597[597]
48919	374+225	0	120265	1	1421503at2759|QAXB01023453_1|+|46|3.615e-06|1|374|598|374[374]:598[598]:225[225]
49218	1502-705	0	52381	-1	801857at2759|QAXB01033021_1|-|189|3.242e-49|1|798|1502|1502[1502]:798[798]:705[705]
49251	318+399	0	75990	1	142542at2759|QAXB01034077_1|+|54|1.412e-08|1|318|716|318[318]:716[716]:399[399]
49257	809-705	0	111628	-1	39650at2759|QAXB01034269_1|-|127|1.495e-30|1|105|809|809[809]:105[105]:705[705]
49278	0+678	0	9054	1	976469at2759|QAXB01034941_1|+|312|3.049e-86|1|0|677|0[0]:677[677]:678[678]
49305	1096-669	0	80068	-1	97116at2759|QAXB01035805_1|-|97|1.605e-21|1|428|1096|1096[1096]:428[428]:669[669]
49314	10+219	0	56941	1	1178688at2759|QAXB01036093_1|+|63|2.758e-11|1|10|228|10[10]:228[228]:219[219]
49437	31+378	0	13518	1	83779at2759|QAXB01040029_1|+|118|7.655e-28|1|31|408|31[31]:408[408]:378[378]
49454	249+633	0	76803	1	345441at2759|QAXB01040573_1|+|69|4.309e-13|1|249|881|249[249]:881[881]:633[633]
49497	11+354	0	152108	1	513979at2759|QAXB01041949_1|+|118|7.655e-28|1|11|364|11[11]:364[364]:354[354]
49561	1589-594	0	147738	-1	779909at2759|QAXB01043997_1|-|53|2.824e-08|1|996|1589|1589[1589]:996[996]:594[594]
49564	712-711	0	177993	-1	320059at2759|QAXB01044093_1|-|402|2.463e-113|1|2|712|712[712]:2[2]:711[711]
49659	1428-837	0	45155	-1	768809at2759|QAXB01047133_1|-|271|6.704e-74|1|592|1428|1428[1428]:592[592]:837[837]
49714	1338+426	0	57898	1	905026at2759|QAXB01048893_1|+|58|8.825e-10|1|1338|1763|1338[1338]:1763[1763]:426[426]
49715	2859+423	0	206397	1	1312453at2759|QAXB01048925_1|+|68|8.618e-13|1|2859|3281|2859[2859]:3281[3281]:423[423]
49760	2813-1033	0	111628	-1	39650at2759|QAXB01050365_1|-|226|2.359e-60|3|1781|2813|2813[2813]:2469[2469]:345[345]|2298[2298]:2161[2161]:138[138]|2062[2062]:1781[1781]:282[282]
49767	611+735	0	19552	1	1249159at2759|QAXB01050589_1|+|48|9.037e-07|1|611|1345|611[611]:1345[1345]:735[735]
49787	1312-195	0	226586	-1	858842at2759|QAXB01051229_1|-|71|1.077e-13|1|1118|1312|1312[1312]:1118[1118]:195[195]
49887	824+1020	0	72850	1	1010730at2759|QAXB01054429_1|+|72|5.386e-14|1|824|1843|824[824]:1843[1843]:1020[1020]
49899	1353-704	0	9055	-1	1041560at2759|QAXB01054813_1|-|324|7.443e-90|2|650|1353|1353[1353]:1030[1030]:324[324]|877[874]:650[650]:228[225]
49899	2572-704	0	24453	-1	1041560at2759|QAXB01054813_1|-|275|4.19e-75|2|1869|2572|2572[2572]:2231[2231]:342[342]|2084[2084]:1869[1869]:216[216]
49977	337-300	0	191459	-1	1228942at2759|QAXB01002270_1|-|38|0.0009254|1|38|337|337[337]:38[38]:300[300]
50384	262-219	0	66883	-1	692986at2759|QAXB01015294_1|-|40|0.0002313|1|44|262|262[262]:44[44]:219[219]
50497	39+1911	0	9058	1	1379600at2759|QAXB01018910_1|+|705|1.511e-204|1|39|1949|39[39]:1949[1949]:1911[1911]
50497	2580-483	0	214100	-1	779909at2759|QAXB01018910_1|-|54|1.412e-08|1|2098|2580|2580[2580]:2098[2098]:483[483]
50550	239-162	0	198480	-1	87842at2759|QAXB01020606_1|-|40|0.0002313|1|78|239|239[239]:78[78]:162[162]
50948	607-573	0	142989	-1	918816at2759|QAXB01033342_1|-|40|0.0002313|1|35|607|607[607]:35[35]:573[573]
50979	6+462	0	181371	1	142542at2759|QAXB01034334_1|+|57|1.765e-09|1|6|467|6[6]:467[467]:462[462]
51003	1172-420	0	204878	-1	759498at2759|QAXB01035102_1|-|192|4.052e-50|1|753|1172|1172[1172]:753[753]:420[420]
51018	1326-783	0	153439	-1	1348942at2759|QAXB01035582_1|-|103|2.508e-23|1|544|1326|1326[1326]:544[544]:783[783]
51047	1810-849	0	190820	-1	719531at2759|QAXB01036510_1|-|63|2.758e-11|1|962|1810|1810[1810]:962[962]:849[849]
51137	1125-300	0	220844	-1	901894at2759|QAXB01039390_1|-|89|4.11e-19|1|826|1125|1125[1125]:826[826]:300[300]
51181	1557-738	0	153439	-1	1348942at2759|QAXB01040798_1|-|78|8.416e-16|1|820|1557|1557[1557]:820[820]:738[738]
51217	11+354	0	152108	1	513979at2759|QAXB01041950_1|+|118|7.655e-28|1|11|364|11[11]:364[364]:354[354]
51287	1841-327	0	162802	-1	671536at2759|QAXB01044190_1|-|92|5.137e-20|1|1515|1841|1841[1841]:1515[1515]:327[327]
51343	1169-582	0	30718	-1	1018517at2759|QAXB01045982_1|-|358|4.332e-100|1|588|1169|1169[1169]:588[588]:582[582]
51370	2267+405	0	28962	1	1312453at2759|QAXB01046846_1|+|61|1.103e-10|1|2267|2671|2267[2267]:2671[2671]:405[405]
51393	11+1113	0	17036	1	664730at2759|QAXB01047582_1|+|67|1.724e-12|1|11|1123|11[11]:1123[1123]:1113[1113]
51396	119+420	0	55819	1	858842at2759|QAXB01047678_1|+|122|4.784e-29|1|119|538|119[119]:538[538]:420[420]
51499	1276-507	0	26351	-1	1617752at2759|QAXB01050974_1|-|203|1.979e-53|2|770|1276|1276[1276]:1157[1157]:120[120]|1051[1051]:770[770]:282[282]
51606	2734+372	0	187601	1	1269244at2759|QAXB01054398_1|+|48|9.037e-07|1|2734|3105|2734[2734]:3105[3105]:372[372]
51923	534-510	0	113345	-1	1312453at2759|QAXB01009503_1|-|46|3.615e-06|1|25|534|534[534]:25[25]:510[510]
51946	239-213	0	157735	-1	331411at2759|QAXB01010239_1|-|38|0.0009254|1|27|239|239[239]:27[27]:213[213]
52063	8+1795	0	85283	1	464990at2759|QAXB01013983_1|+|339|2.271e-94|2|8|1802|8[8]:871[871]:864[864]|1041[1041]:1802[1802]:762[762]
52077	494-489	0	209491	-1	905026at2759|QAXB01014431_1|-|66|3.447e-12|1|6|494|494[494]:6[6]:489[489]
52336	1251-581	0	80068	-1	97116at2759|QAXB01022719_1|-|110|1.96e-25|2|671|1251|1251[1251]:1072[1072]:180[180]|895[895]:671[671]:225[225]
52436	1829+204	0	223557	1	179362at2759|QAXB01025919_1|+|47|1.807e-06|1|1829|2032|1829[1829]:2032[2032]:204[204]
52521	396-207	0	105107	-1	687505at2759|QAXB01028639_1|-|72|5.386e-14|1|190|396|396[396]:190[190]:207[207]
52566	388-213	0	17872	-1	801857at2759|QAXB01030079_1|-|42|5.784e-05|1|176|388|388[388]:176[176]:213[213]
52655	1+898	0	16273	1	866359at2759|QAXB01032927_1|+|445|2.8e-126|2|1|898|1[1]:690[690]:690[690]|785[785]:898[898]:114[114]
52655	1646-519	0	82207	-1	1032689at2759|QAXB01032927_1|-|110|1.96e-25|1|1128|1646|1646[1646]:1128[1128]:519[519]
52671	81+294	0	79943	1	1421503at2759|QAXB01033439_1|+|57|1.765e-09|1|81|374|81[81]:374[374]:294[294]
52680	797-396	0	70251	-1	1220881at2759|QAXB01033727_1|-|149|3.564e-37|1|402|797|797[797]:402[402]:396[396]
52708	1057-231	0	3973	-1	1079827at2759|QAXB01034623_1|-|152|4.456e-38|1|827|1057|1057[1057]:827[827]:231[231]
52788	1365-477	0	144145	-1	1138059at2759|QAXB01037183_1|-|39|0.0004627|1|889|1365|1365[1365]:889[889]:477[477]
52815	739-144	0	199404	-1	1358374at2759|QAXB01038047_1|-|49|4.518e-07|1|596|739|739[739]:596[596]:144[144]
52849	2510-895	0	40789	-1	671536at2759|QAXB01039135_1|-|523|9.263e-150|2|1616|2510|2510[2510]:1830[1830]:681[681]|1744[1744]:1616[1616]:129[129]
52912	716-603	0	24436	-1	901894at2759|QAXB01041151_1|-|44|1.446e-05|1|114|716|716[716]:114[114]:603[603]
52949	1897-900	0	40325	-1	293315at2759|QAXB01042335_1|-|163|2.176e-41|1|998|1897|1897[1897]:998[998]:900[900]
52963	2+1137	0	141436	1	1266231at2759|QAXB01042783_1|+|65|6.895e-12|1|2|1138|2[2]:1138[1138]:1137[1137]
52970	817-813	0	163512	-1	582756at2759|QAXB01043007_1|-|269|2.682e-73|1|5|817|817[817]:5[5]:813[813]
53011	506-507	0	127419	-1	1107630at2759|QAXB01044319_1|-|121|9.568e-29|1|0|506|506[506]:0[0]:507[507]
53028	701-531	0	130354	-1	779909at2759|QAXB01044863_1|-|52|5.648e-08|1|171|701|701[701]:171[171]:531[531]
53034	1101+195	0	226586	1	858842at2759|QAXB01045055_1|+|70|2.155e-13|1|1101|1295|1101[1101]:1295[1295]:195[195]
53074	1718+321	0	202475	1	687505at2759|QAXB01046335_1|+|54|1.412e-08|1|1718|2038|1718[1718]:2038[2038]:321[321]
53246	1092-981	0	52913	-1	655400at2759|QAXB01051839_1|-|58|8.825e-10|1|112|1092|1092[1092]:112[112]:981[981]
53271	70+1002	0	2690	1	369837at2759|QAXB01052639_1|+|147|1.426e-36|1|70|1071|70[70]:1071[1071]:1002[1002]
53293	59+771	0	111628	1	39650at2759|QAXB01053343_1|+|116|3.062e-27|1|59|829|59[59]:829[829]:771[771]
53294	33+528	0	95919	1	1112002at2759|QAXB01053375_1|+|148|7.129e-37|1|33|560|33[33]:560[560]:528[528]
53336	3052+411	0	80068	1	97116at2759|QAXB01054719_1|+|70|2.155e-13|1|3052|3462|3052[3052]:3462[3462]:411[411]
53403	245-246	0	170735	-1	1377237at2759|QAXB01001824_1|-|152|4.456e-38|1|0|245|245[245]:0[0]:246[246]
53434	0+660	0	118958	1	1428854at2759|QAXB01002816_1|+|123|2.392e-29|1|0|659|0[0]:659[659]:660[660]
53522	686+294	0	2246	1	975557at2759|QAXB01005632_1|+|72|5.386e-14|1|686|979|686[686]:979[979]:294[294]
53609	1028-1002	0	143862	-1	1248958at2759|QAXB01008416_1|-|203|1.979e-53|1|27|1028|1028[1028]:27[27]:1002[1002]
53927	262+393	0	90414	1	1065019at2759|QAXB01018592_1|+|121|9.568e-29|1|262|654|262[262]:654[654]:393[393]
54016	208+534	0	189241	1	1076134at2759|QAXB01021440_1|+|38|0.0009254|1|208|741|208[208]:741[741]:534[534]
54117	791-252	0	30856	-1	975557at2759|QAXB01024672_1|-|46|3.615e-06|1|540|791|791[791]:540[540]:252[252]
54118	8+294	0	11386	1	679187at2759|QAXB01024704_1|+|61|1.103e-10|1|8|301|8[8]:301[301]:294[294]
54162	67+456	0	140183	1	814241at2759|QAXB01026112_1|+|111|9.798e-26|1|67|522|67[67]:522[522]:456[456]
54410	456+603	0	143370	1	801857at2759|QAXB01034048_1|+|44|1.446e-05|1|456|1058|456[456]:1058[1058]:603[603]
54415	833-834	0	226589	-1	673132at2759|QAXB01034208_1|-|386|1.614e-108|2|0|833|833[833]:708[708]:126[126]|608[605]:0[0]:609[606]
54421	251+666	0	48009	1	1076134at2759|QAXB01034400_1|+|229|2.948e-61|1|251|916|251[251]:916[916]:666[666]
54507	358+594	0	209491	1	905026at2759|QAXB01037152_1|+|68|8.618e-13|1|358|951|358[358]:951[951]:594[594]
54556	665+692	0	80068	1	97116at2759|QAXB01038720_1|+|120|1.914e-28|2|665|1356|665[665]:1084[1084]:420[420]|1162[1162]:1356[1356]:195[195]
54571	1620-651	0	57898	-1	905026at2759|QAXB01039200_1|-|74|1.347e-14|1|970|1620|1620[1620]:970[970]:651[651]
54576	35+945	0	121756	1	166920at2759|QAXB01039360_1|+|275|4.19e-75|1|35|979|35[35]:979[979]:945[945]
54632	72+261	0	75667	1	179362at2759|QAXB01041152_1|+|38|0.0009254|1|72|332|72[72]:332[332]:261[261]
54691	974-975	0	134638	-1	898782at2759|QAXB01043040_1|-|291|6.393e-80|1|0|974|974[974]:0[0]:975[975]
54719	1337-468	0	80068	-1	97116at2759|QAXB01043936_1|-|77|1.683e-15|1|870|1337|1337[1337]:870[870]:468[468]
54786	2+249	0	100575	1	142542at2759|QAXB01046080_1|+|72|5.386e-14|1|2|250|2[2]:250[250]:249[249]
54811	1261-306	0	122677	-1	1049599at2759|QAXB01046880_1|-|40|0.0002313|1|956|1261|1261[1261]:956[956]:306[306]
54859	3986-180	0	128012	-1	687505at2759|QAXB01048416_1|-|56|3.53e-09|1|3807|3986|3986[3986]:3807[3807]:180[180]
54880	230+1191	0	150439	1	39650at2759|QAXB01049088_1|+|317|9.527e-88|1|230|1420|230[230]:1420[1420]:1191[1191]
54882	4032-420	0	183368	-1	1358374at2759|QAXB01049152_1|-|40|0.0002313|1|3613|4032|4032[4032]:3613[3613]:420[420]
54919	496-348	0	28962	-1	1312453at2759|QAXB01050336_1|-|51|1.13e-07|1|149|496|496[496]:149[149]:348[348]
54939	4741-2064	0	75255	-1	331411at2759|QAXB01050976_1|-|596|9.808e-172|1|2678|4741|4741[4741]:2678[2678]:2064[2064]
54939	4702-966	0	96912	-1	331411at2759|QAXB01050976_1|-|161|8.702e-41|1|3737|4702|4702[4702]:3737[3737]:966[966]
54939	3709-159	0	121939	-1	331411at2759|QAXB01050976_1|-|40|0.0002313|1|3551|3709|3709[3709]:3551[3551]:159[159]
54942	196+135	0	226586	1	858842at2759|QAXB01051072_1|+|44|1.446e-05|1|196|330|196[196]:330[330]:135[135]
54972	2027-207	0	53033	-1	1220881at2759|QAXB01052032_1|-|44|1.446e-05|1|1821|2027|2027[2027]:1821[1821]:207[207]
54997	192+435	0	113345	1	1312453at2759|QAXB01052832_1|+|41|0.0001157|1|192|626|192[192]:626[626]:435[435]
55039	2+856	0	119376	1	931188at2759|QAXB01054176_1|+|136|2.92e-33|2|2|857|2[2]:265[265]:264[264]|636[636]:857[857]:222[222]
55059	1143+471	0	90322	1	1314980at2759|QAXB01054816_1|+|51|1.13e-07|1|1143|1613|1143[1143]:1613[1613]:471[471]
