2	3216+351	0	857	1	24919at33634_5|WXVQ01000156_1|+|207|5.421e-57|1|3216|3566|3216[3216]:3566[3566]:351[351]
3	31110-3396	0	805	-1	971at33634_8|WXVQ01000177_1|-|1732|0|1|27715|31110|31110[31110]:27715[27715]:3396[3396]
10	123828-732	0	24	-1	8842at33634_9|WXVQ01000025_1|-|101|4.398e-25|1|123097|123828|123828[123828]:123097[123097]:732[732]
10	11776+1301	0	668	1	11504at33634_2|WXVQ01000025_1|+|189|1.421e-51|2|11776|13076|11776[11776]:12744[12744]:969[969]|12804[12807]:13076[13076]:273[270]
10	3457+1596	0	835	1	6436at33634_1|WXVQ01000025_1|+|229|1.292e-63|1|3457|5052|3457[3457]:5052[5052]:1596[1596]
18	13485+1128	0	173	1	12382at33634_1|WXVQ01000053_1|+|223|8.271e-62|1|13485|14612|13485[13485]:14612[14612]:1128[1128]
18	56990-727	0	590	-1	22950at33634|WXVQ01000053_1|-|80|9.223e-19|2|56264|56990|56990[56990]:56862[56862]:129[129]|56596[56596]:56264[56264]:333[333]
31	18683+201	0	977	1	13832at33634_7|WXVQ01000089_1|+|48|3.961e-09|1|18683|18883|18683[18683]:18883[18883]:201[201]
33	96075-789	0	850	-1	8842at33634_1|WXVQ01000015_1|-|145|2.5e-38|1|95287|96075|96075[96075]:95287[95287]:789[789]
34	47649-1575	0	878	-1	6684at33634_0|WXVQ01000185_1|-|284|3.587e-80|1|46075|47649|47649[47649]:46075[46075]:1575[1575]
35	2198+1478	0	1011	1	13832at33634_8|WXVQ01000232_1|+|673|2.845e-197|2|2198|3675|2198[2198]:2749[2749]:552[552]|2812[2842]:3675[3675]:864[834]
36	23061-2599	0	581	-1	2880at33634_9|WXVQ01000238_1|-|937|9.597e-277|2|20463|23061|23061[23061]:22822[22822]:240[240]|22739[22739]:20463[20463]:2277[2277]
37	12874-1813	0	510	-1	3786at33634_1|WXVQ01000268_1|-|495|1.09e-143|2|11062|12874|12874[12874]:12290[12290]:585[585]|12189[12183]:11062[11062]:1128[1122]
39	17511-1869	0	145	-1	7485at33634_4|WXVQ01000360_1|-|333|6.372e-95|1|15643|17511|17511[17511]:15643[15643]:1869[1869]
50	50191+924	0	118	1	13102at33634_0|WXVQ01000990_1|+|85|2.882e-20|1|50191|51114|50191[50191]:51114[51114]:924[924]
50	23549-1848	0	781	-1	3835at33634_7|WXVQ01000990_1|-|966|1.788e-285|1|21702|23549|23549[23549]:21702[21702]:1848[1848]
62	26214-797	0	875	-1	13832at33634_4|WXVQ01000093_1|-|77|7.378e-18|2|25418|26214|26214[26214]:25732[25732]:483[483]|25576[25576]:25418[25418]:159[159]
65	74839+768	0	824	1	8142at33634_6|WXVQ01000002_1|+|86|1.441e-20|1|74839|75606|74839[74839]:75606[75606]:768[768]
65	20806+615	0	850	1	8842at33634_1|WXVQ01000002_1|+|63|1.209e-13|1|20806|21420|20806[20806]:21420[21420]:615[615]
73	90956-1020	0	677	-1	5145at33634_0|WXVQ01000032_1|-|75|2.951e-17|1|89937|90956|90956[90956]:89937[89937]:1020[1020]
100	12481-1431	0	544	-1	3786at33634_2|WXVQ01000301_1|-|181|3.638e-49|1|11051|12481|12481[12481]:11051[11051]:1431[1431]
126	47002-963	0	986	-1	8842at33634_5|WXVQ01000145_1|-|126|1.311e-32|1|46040|47002|47002[47002]:46040[46040]:963[963]
127	26047-543	0	299	-1	23923at33634_7|WXVQ01000172_1|-|307|4.276e-87|1|25505|26047|26047[26047]:25505[25505]:543[543]
128	7394+834	0	24	1	8842at33634_9|WXVQ01000003_1|+|49|1.981e-09|1|7394|8227|7394[7394]:8227[8227]:834[834]
128	107106+708	0	739	1	13832at33634_0|WXVQ01000003_1|+|76|1.476e-17|1|107106|107813|107106[107106]:107813[107813]:708[708]
128	16915+765	0	772	1	23030at33634_9|WXVQ01000003_1|+|312|1.336e-88|1|16915|17679|16915[16915]:17679[17679]:765[765]
128	19554-1761	0	983	-1	5145at33634_9|WXVQ01000003_1|-|724|1.263e-212|1|17794|19554|19554[19554]:17794[17794]:1761[1761]
145	71091-1548	0	173	-1	12382at33634_1|WXVQ01000062_1|-|263|7.523e-74|1|69544|71091|71091[71091]:69544[69544]:1548[1548]
145	56549+986	0	255	1	20182at33634_8|WXVQ01000062_1|+|434|2.513e-125|2|56549|57534|56549[56549]:56683[56683]:135[135]|56764[56764]:57534[57534]:771[771]
154	58231-1911	0	432	-1	13102at33634_9|WXVQ01000086_1|-|366|7.418e-105|1|56321|58231|58231[58231]:56321[56321]:1911[1911]
154	73323-975	0	629	-1	9201at33634_1|WXVQ01000086_1|-|158|3.052e-42|1|72349|73323|73323[73323]:72349[72349]:975[975]
160	4185-759	0	403	-1	13476at33634_8|WXVQ01000020_1|-|154|4.882e-41|1|3427|4185|4185[4185]:3427[3427]:759[759]
163	17413-2268	0	748	-1	3786at33634_8|WXVQ01000312_1|-|1111|0|3|15146|17413|17413[17413]:17336[17336]:78[78]|17048[17048]:16155[16155]:894[894]|16096[16087]:15146[15146]:951[942]
164	7017-1122	0	743	-1	22950at33634_8|WXVQ01000345_1|-|173|9.312e-47|1|5896|7017|7017[7017]:5896[5896]:1122[1122]
165	7640+438	0	186	1	25187at33634_8|WXVQ01000372_1|+|231|3.231e-64|1|7640|8077|7640[7640]:8077[8077]:438[438]
192	27444+858	0	752	1	15177at33634_6|WXVQ01000018_1|+|58|3.868e-12|1|27444|28301|27444[27444]:28301[28301]:858[858]
200	35486-687	0	1054	-1	8842at33634_7|WXVQ01000043_1|-|118|3.355e-30|1|34800|35486|35486[35486]:34800[34800]:687[687]
209	110883-732	0	850	-1	8842at33634_1|WXVQ01000083_1|-|124|5.242e-32|1|110152|110883|110883[110883]:110152[110152]:732[732]
209	92564+855	0	909	1	13832at33634_5|WXVQ01000083_1|+|74|5.902e-17|1|92564|93418|92564[92564]:93418[93418]:855[855]
217	6541-1053	0	5	-1	7485at33634_0|WXVQ01000091_1|-|35|3.245e-05|1|5489|6541|6541[6541]:5489[5489]:1053[1053]
217	60183-2510	0	669	-1	971at33634_4|WXVQ01000091_1|-|311|2.673e-88|3|57674|60183|60183[60183]:59428[59428]:756[756]|59271[59271]:58831[58831]:441[441]|58735[58735]:57674[57674]:1062[1062]
219	12267+1735	0	388	1	12693at33634_7|WXVQ01000147_1|+|614|1.64e-179|3|12267|14001|12267[12267]:12845[12845]:579[579]|12910[12922]:13848[13848]:939[927]|13909[13939]:14001[14001]:93[63]
226	5509+927	0	503	1	21875at33634_7|WXVQ01000361_1|+|292|1.401e-82|1|5509|6435|5509[5509]:6435[6435]:927[927]
232	72412+974	0	585	1	16248at33634_7|WXVQ01000050_1|+|143|9.999e-38|2|72412|73385|72412[72412]:73200[73200]:789[789]|73302[73302]:73385[73385]:84[84]
241	17067-1158	0	313	-1	12382at33634_5|WXVQ01000076_1|-|217|5.294e-60|1|15910|17067|17067[17067]:15910[15910]:1158[1158]
248	47394-1422	0	992	-1	10799at33634_7|WXVQ01000098_1|-|625|8.008e-183|1|45973|47394|47394[47394]:45973[45973]:1422[1422]
249	37863-435	0	175	-1	15351at33634|WXVQ01000129_1|-|93|1.126e-22|1|37429|37863|37863[37863]:37429[37429]:435[435]
253	22481-1203	0	452	-1	12382at33634_9|WXVQ01000251_1|-|649|4.773e-190|1|21279|22481|22481[22481]:21279[21279]:1203[1203]
253	13324-486	0	505	-1	22950at33634_1|WXVQ01000251_1|-|59|1.934e-12|1|12839|13324|13324[13324]:12839[12839]:486[486]
253	10441+705	0	850	1	8842at33634_1|WXVQ01000251_1|+|178|2.91e-48|1|10441|11145|10441[10441]:11145[11145]:705[705]
255	52356-1320	0	9	-1	6436at33634_9|WXVQ01000028_1|-|116|1.342e-29|3|51037|52356|52356[52356]:52117[52117]:240[240]|51949[51949]:51599[51599]:351[351]|51300[51300]:51037[51037]:264[264]
255	35839-1536	0	138	-1	12382at33634_0|WXVQ01000028_1|-|177|5.82e-48|1|34304|35839|35839[35839]:34304[34304]:1536[1536]
255	83019-1217	0	173	-1	12382at33634_1|WXVQ01000028_1|-|234|4.039e-65|2|81803|83019|83019[83019]:82522[82522]:498[498]|82426[82426]:81803[81803]:624[624]
255	69956-714	0	884	-1	8842at33634_2|WXVQ01000028_1|-|123|1.048e-31|1|69243|69956|69956[69956]:69243[69243]:714[714]
259	646+1580	0	43	1	9286at33634_8|WXVQ01000405_1|+|766|2.873e-225|3|646|2225|646[646]:930[930]:285[285]|1048[1048]:1515[1515]:468[468]|1614[1614]:2225[2225]:612[612]
264	45788-663	0	762	-1	26150at33634_8|WXVQ01000040_1|-|83|1.153e-19|1|45126|45788|45788[45788]:45126[45126]:663[663]
272	213543-2568	0	499	-1	1342at33634_9|WXVQ01000006_1|-|1002|2.601e-296|1|210976|213543|213543[213543]:210976[210976]:2568[2568]
272	8989-1866	0	544	-1	3786at33634_2|WXVQ01000006_1|-|168|2.98e-45|1|7124|8989|8989[8989]:7124[7124]:1866[1866]
280	53719+768	0	1045	1	13832at33634_9|WXVQ01000151_1|+|89|1.801e-21|1|53719|54486|53719[53719]:54486[54486]:768[768]
281	10320+414	0	555	1	20769at33634|WXVQ01000148_1|+|40|1.014e-06|1|10320|10733|10320[10320]:10733[10733]:414[414]
281	35178-462	0	904	-1	31838at33634_5|WXVQ01000148_1|-|117|6.71e-30|1|34717|35178|35178[35178]:34717[34717]:462[462]
282	6584+660	0	383	1	12382at33634_7|WXVQ01000192_1|+|113|1.074e-28|1|6584|7243|6584[6584]:7243[7243]:660[660]
288	15891-852	0	694	-1	26150at33634_6|WXVQ01000377_1|-|226|1.034e-62|1|15040|15891|15891[15891]:15040[15040]:852[852]
288	16731-786	0	796	-1	26150at33634_9|WXVQ01000377_1|-|226|1.034e-62|1|15946|16731|16731[16731]:15946[15946]:786[786]
296	29026+912	0	739	1	13832at33634_0|WXVQ01000048_1|+|132|2.048e-34|1|29026|29937|29026[29026]:29937[29937]:912[912]
304	15217+1472	0	1054	1	8842at33634_7|WXVQ01000072_1|+|785|5.479e-231|2|15217|16688|15217[15217]:15522[15522]:306[306]|15648[15651]:16688[16688]:1041[1038]
310	104907+681	0	850	1	8842at33634_1|WXVQ01000008_1|+|158|3.052e-42|1|104907|105587|104907[104907]:105587[105587]:681[681]
311	6715-1035	0	313	-1	12382at33634_5|WXVQ01000130_1|-|191|3.552e-52|1|5681|6715|6715[6715]:5681[5681]:1035[1035]
313	26556+957	0	875	1	13832at33634_4|WXVQ01000188_1|+|126|1.311e-32|1|26556|27512|26556[26556]:27512[27512]:957[957]
314	23785+444	0	39	1	26307at33634_9|WXVQ01000264_1|+|188|2.842e-51|1|23785|24228|23785[23785]:24228[24228]:444[444]
319	63196+501	0	480	1	27409at33634_8|WXVQ01000024_1|+|243|7.888e-68|1|63196|63696|63196[63196]:63696[63696]:501[501]
321	1338-390	0	455	-1	27409at33634|WXVQ01000444_1|-|49|1.981e-09|1|949|1338|1338[1338]:949[949]:390[390]
327	192898+1172	0	122	1	12069at33634_8|WXVQ01000012_1|+|456|5.992e-132|2|192898|194069|192898[192898]:193374[193374]:477[477]|193449[193461]:194069[194069]:621[609]
327	198639+825	0	582	1	15177at33634_1|WXVQ01000012_1|+|62|2.418e-13|1|198639|199463|198639[198639]:199463[199463]:825[825]
327	43128+1152	0	666	1	9297at33634_8|WXVQ01000012_1|+|537|2.478e-156|1|43128|44279|43128[43128]:44279[44279]:1152[1152]
327	238192+781	0	986	1	8842at33634_5|WXVQ01000012_1|+|170|7.45e-46|2|238192|238972|238192[238192]:238425[238425]:234[234]|238469[238490]:238972[238972]:504[483]
341	70296-696	0	24	-1	8842at33634_9|WXVQ01000101_1|-|196|1.11e-53|1|69601|70296|70296[70296]:69601[69601]:696[696]
342	153517+1483	0	305	1	5578at33634_9|WXVQ01000011_1|+|840|1.521e-247|2|153517|154999|153517[153517]:153591[153591]:75[75]|153692[153695]:154999[154999]:1308[1305]
342	146144-123	0	370	-1	26441at33634_1|WXVQ01000011_1|-|33|0.0001298|1|146022|146144|146144[146144]:146022[146022]:123[123]
342	189773+699	0	436	1	13819at33634_7|WXVQ01000011_1|+|136|1.28e-35|1|189773|190471|189773[189773]:190471[190471]:699[699]
342	256747+1116	0	498	1	17622at33634_7|WXVQ01000011_1|+|499|6.812e-145|2|256747|257862|256747[256747]:257016[257016]:270[270]|257110[257110]:257862[257862]:753[753]
342	120710+768	0	777	1	22950at33634_9|WXVQ01000011_1|+|432|1.005e-124|1|120710|121477|120710[120710]:121477[121477]:768[768]
342	38830-1503	0	1082	-1	6684at33634_6|WXVQ01000011_1|-|294|3.503e-83|1|37328|38830|38830[38830]:37328[37328]:1503[1503]
343	8908+986	0	710	1	13537at33634_9|WXVQ01000165_1|+|428|1.608e-123|2|8908|9893|8908[8908]:9279[9279]:372[372]|9330[9354]:9893[9893]:564[540]
344	24271+768	0	949	1	5145at33634_8|WXVQ01000176_1|+|69|1.889e-15|1|24271|25038|24271[24271]:25038[25038]:768[768]
346	503+1542	0	53	1	6684at33634_8|WXVQ01000259_1|+|266|9.403e-75|1|503|2044|503[503]:2044[2044]:1542[1542]
347	14921-2160	0	634	-1	11504at33634_1|WXVQ01000274_1|-|545|9.681e-159|1|12762|14921|14921[14921]:12762[12762]:2160[2160]
374	28026-1218	0	173	-1	12382at33634_1|WXVQ01000988_1|-|222|1.654e-61|2|26809|28026|28026[28026]:27586[27586]:441[441]|27507[27507]:26809[26809]:699[699]
374	141549-1824	0	411	-1	2880at33634_4|WXVQ01000988_1|-|361|2.374e-103|1|139726|141549|141549[141549]:139726[139726]:1824[1824]
374	55780-963	0	752	-1	15177at33634_6|WXVQ01000988_1|-|94|5.629e-23|1|54818|55780|55780[55780]:54818[54818]:963[963]
374	90628+5627	0	834	1	1102at33634_9|WXVQ01000988_1|+|1876|0|5|90628|96254|90628[90628]:92238[92238]:1611[1611]|92620[92620]:93339[93339]:720[720]|93413[93413]:93700[93700]:288[288]|93750[93765]:94847[94847]:1098[1083]|94920[94920]:96254[96254]:1335[1335]
375	25822+2820	0	433	1	4148at33634_1|WXVQ01000179_1|+|782|4.383e-230|3|25822|28641|25822[25822]:27660[27660]:1839[1839]|27719[27737]:28156[28156]:438[420]|28243[28243]:28641[28641]:399[399]
375	14650-705	0	677	-1	5145at33634_0|WXVQ01000179_1|-|53|1.238e-10|1|13946|14650|14650[14650]:13946[13946]:705[705]
375	9021-672	0	850	-1	8842at33634_1|WXVQ01000179_1|-|131|4.096e-34|1|8350|9021|9021[9021]:8350[8350]:672[672]
382	430566-1101	0	173	-1	12382at33634_1|WXVQ01000152_1|-|265|1.881e-74|1|429466|430566|430566[430566]:429466[429466]:1101[1101]
382	375260+1623	0	509	1	19836at33634_9|WXVQ01000152_1|+|620|2.562e-181|1|375260|376882|375260[375260]:376882[376882]:1623[1623]
382	262059-3654	0	715	-1	693at33634_9|WXVQ01000152_1|-|2039|0|1|258406|262059|262059[262059]:258406[258406]:3654[3654]
382	311132+1554	0	782	1	3786at33634_9|WXVQ01000152_1|+|162|1.907e-43|1|311132|312685|311132[311132]:312685[312685]:1554[1554]
382	277668-888	0	1054	-1	8842at33634_7|WXVQ01000152_1|-|290|5.605e-82|1|276781|277668|277668[277668]:276781[276781]:888[888]
391	43919+1788	0	876	1	5144at33634_6|WXVQ01000061_1|+|766|2.873e-225|1|43919|45706|43919[43919]:45706[45706]:1788[1788]
403	16398+351	0	785	1	27411at33634_5|WXVQ01000118_1|+|42|2.535e-07|1|16398|16748|16398[16398]:16748[16748]:351[351]
404	19319-1635	0	18	-1	6684at33634_7|WXVQ01000144_1|-|825|4.983e-243|1|17685|19319|19319[19319]:17685[17685]:1635[1635]
406	172142-519	0	393	-1	20769at33634_8|WXVQ01000010_1|-|238|2.524e-66|1|171624|172142|172142[172142]:171624[171624]:519[519]
408	42742+2829	0	389	1	3405at33634_9|WXVQ01000257_1|+|1048|3.697e-310|1|42742|45570|42742[42742]:45570[45570]:2829[2829]
408	4027+3253	0	494	1	723at33634_9|WXVQ01000257_1|+|1629|0|2|4027|7279|4027[4027]:5304[5304]:1278[1278]|5381[5381]:7279[7279]:1899[1899]
408	8050+1575	0	787	1	12626at33634_9|WXVQ01000257_1|+|671|1.138e-196|1|8050|9624|8050[8050]:9624[9624]:1575[1575]
410	4202+1194	0	1072	1	9286at33634_6|WXVQ01000291_1|+|135|2.56e-35|1|4202|5395|4202[4202]:5395[5395]:1194[1194]
411	8537-959	0	1059	-1	12363at33634_7|WXVQ01000321_1|-|297|4.379e-84|2|7579|8537|8537[8537]:8361[8361]:177[177]|8265[8265]:7579[7579]:687[687]
434	32645+810	0	986	1	8842at33634_5|WXVQ01000100_1|+|174|4.656e-47|1|32645|33454|32645[32645]:33454[33454]:810[810]
436	12823+3294	0	528	1	1102at33634_0|WXVQ01000155_1|+|408|1.687e-117|1|12823|16116|12823[12823]:16116[16116]:3294[3294]
437	364497-1494	0	53	-1	6684at33634_8|WXVQ01000985_1|-|267|4.702e-75|1|363004|364497|364497[364497]:363004[363004]:1494[1494]
437	354044+905	0	137	1	15216at33634_8|WXVQ01000985_1|+|394|2.763e-113|2|354044|354948|354044[354044]:354295[354295]:252[252]|354367[354367]:354948[354948]:582[582]
437	59048-449	0	274	-1	28445at33634_6|WXVQ01000985_1|-|209|1.355e-57|2|58600|59048|59048[59048]:58962[58962]:87[87]|58896[58875]:58600[58600]:297[276]
437	144911+1671	0	329	1	6933at33634_8|WXVQ01000985_1|+|690|2.17e-202|2|144911|146581|144911[144911]:144961[144961]:51[51]|145046[145052]:146581[146581]:1536[1530]
437	93068-636	0	739	-1	13832at33634_0|WXVQ01000985_1|-|117|6.71e-30|1|92433|93068|93068[93068]:92433[92433]:636[636]
437	20686-1035	0	843	-1	19891at33634_7|WXVQ01000985_1|-|436|6.283e-126|1|19652|20686|20686[20686]:19652[19652]:1035[1035]
463	74380-1970	0	576	-1	15242at33634_9|WXVQ01000073_1|-|670|2.276e-196|2|72411|74380|74380[74380]:73937[73937]:444[444]|73856[73856]:72411[72411]:1446[1446]
466	3794-645	0	77	-1	18069at33634_7|WXVQ01000134_1|-|373|5.795e-107|1|3150|3794|3794[3794]:3150[3150]:645[645]
467	6992+1869	0	720	1	12249at33634_9|WXVQ01000150_1|+|611|1.312e-178|1|6992|8860|6992[6992]:8860[8860]:1869[1869]
469	307870-819	0	24	-1	8842at33634_9|WXVQ01000066_1|-|169|1.49e-45|1|307052|307870|307870[307870]:307052[307052]:819[819]
469	92431-1650	0	882	-1	5074at33634_8|WXVQ01000066_1|-|741|9.639e-218|2|90782|92431|92431[92431]:92291[92291]:141[141]|92209[92209]:90782[90782]:1428[1428]
496	66010+1439	0	75	1	7485at33634_2|WXVQ01000097_1|+|129|1.638e-33|2|66010|67448|66010[66010]:66423[66423]:414[414]|66585[66585]:67448[67448]:864[864]
497	33866+717	0	442	1	17887at33634_9|WXVQ01000124_1|+|246|9.86e-69|1|33866|34582|33866[33866]:34582[34582]:717[717]
501	8118+3674	0	715	1	693at33634_9|WXVQ01000036_1|+|722|5.054e-212|3|8118|11791|8118[8118]:9464[9464]:1347[1347]|9570[9570]:10358[10358]:789[789]|10448[10448]:11791[11791]:1344[1344]
501	69037-1443	0	792	-1	5964at33634_9|WXVQ01000036_1|-|388|1.769e-111|1|67595|69037|69037[69037]:67595[67595]:1443[1443]
501	154687-2358	0	1080	-1	20044at33634_2|WXVQ01000036_1|-|316|8.352e-90|1|152330|154687|154687[154687]:152330[152330]:2358[2358]
518	11557+942	0	542	1	15242at33634_8|WXVQ01000067_1|+|472|9.143e-137|2|11557|12498|11557[11557]:11670[11670]:114[114]|11785[11791]:12498[12498]:714[708]
518	60935+2076	0	968	1	5960at33634_8|WXVQ01000067_1|+|987|8.524e-292|1|60935|63010|60935[60935]:63010[63010]:2076[2076]
527	67222-2346	0	633	-1	3528at33634_9|WXVQ01000987_1|-|1268|0|1|64877|67222|67222[67222]:64877[64877]:2346[2346]
527	26901+789	0	1011	1	13832at33634_8|WXVQ01000987_1|+|85|2.882e-20|1|26901|27689|26901[26901]:27689[27689]:789[789]
527	50659+525	0	1045	1	13832at33634_9|WXVQ01000987_1|+|42|2.535e-07|1|50659|51183|50659[50659]:51183[51183]:525[525]
529	49826+633	0	255	1	20182at33634_8|WXVQ01000186_1|+|85|2.882e-20|1|49826|50458|49826[49826]:50458[50458]:633[633]
529	25814+1611	0	940	1	8760at33634_0|WXVQ01000186_1|+|283|7.174e-80|1|25814|27424|25814[25814]:27424[27424]:1611[1611]
537	10158-1210	0	243	-1	12382at33634_3|WXVQ01000387_1|-|154|4.882e-41|2|8949|10158|10158[10158]:9514[9514]:645[645]|9314[9314]:8949[8949]:366[366]
558	62853+1416	0	1021	1	10425at33634_8|WXVQ01000111_1|+|688|8.682e-202|1|62853|64268|62853[62853]:64268[64268]:1416[1416]
567	10608-1265	0	820	-1	15177at33634_8|WXVQ01000362_1|-|518|1.299e-150|2|9344|10608|10608[10608]:10393[10393]:216[216]|10117[10117]:9344[9344]:774[774]
573	8026-2891	0	426	-1	723at33634_7|WXVQ01000063_1|-|652|5.966e-191|3|5136|8026|8026[8026]:7427[7427]:600[600]|7324[7324]:6188[6188]:1137[1137]|6158[6158]:5136[5136]:1023[1023]
573	2421-2021	0	680	-1	3786at33634_6|WXVQ01000063_1|-|594|1.72e-173|2|401|2421|2421[2421]:1309[1309]:1113[1113]|1027[1027]:401[401]:627[627]
589	6911-1326	0	110	-1	7485at33634_3|WXVQ01000131_1|-|83|1.153e-19|1|5586|6911|6911[6911]:5586[5586]:1326[1326]
593	729-708	0	418	-1	12382at33634_8|WXVQ01000222_1|-|119|1.678e-30|1|22|729|729[729]:22[22]:708[708]
596	99169+794	0	1054	1	8842at33634_7|WXVQ01000021_1|+|176|1.164e-47|2|99169|99962|99169[99169]:99399[99399]:231[231]|99453[99471]:99962[99962]:510[492]
620	104310+753	0	850	1	8842at33634_1|WXVQ01000120_1|+|162|1.907e-43|1|104310|105062|104310[104310]:105062[105062]:753[753]
621	2312-687	0	24	-1	8842at33634_9|WXVQ01000137_1|-|169|1.49e-45|1|1626|2312|2312[2312]:1626[1626]:687[687]
623	20979-1377	0	504	-1	13819at33634_9|WXVQ01000196_1|-|673|2.845e-197|2|19603|20979|20979[20979]:19999[19999]:981[981]|19926[19923]:19603[19603]:324[321]
623	37833+993	0	745	1	5145at33634_2|WXVQ01000196_1|+|91|4.503e-22|1|37833|38825|37833[37833]:38825[38825]:993[993]
625	8475+4313	0	528	1	1102at33634_0|WXVQ01000245_1|+|436|6.283e-126|2|8475|12787|8475[8475]:11576[11576]:3102[3102]|11624[11657]:12787[12787]:1164[1131]
628	19753+540	0	709	1	22950at33634_7|WXVQ01000023_1|+|63|1.209e-13|1|19753|20292|19753[19753]:20292[20292]:540[540]
651	177008-1179	0	744	-1	18432at33634_0|WXVQ01000016_1|-|280|5.739e-79|1|175830|177008|177008[177008]:175830[175830]:1179[1179]
651	64082-1161	0	758	-1	5964at33634_8|WXVQ01000016_1|-|114|5.368e-29|1|62922|64082|64082[64082]:62922[62922]:1161[1161]
653	27781-1230	0	167	-1	15827at33634_9|WXVQ01000184_1|-|534|1.983e-155|1|26552|27781|27781[27781]:26552[26552]:1230[1230]
653	38938+1404	0	1005	1	6436at33634_6|WXVQ01000184_1|+|237|5.048e-66|1|38938|40341|38938[38938]:40341[40341]:1404[1404]
655	4046+1704	0	418	1	12382at33634_8|WXVQ01000227_1|+|126|1.311e-32|1|4046|5749|4046[4046]:5749[5749]:1704[1704]
658	6023-2064	0	108	-1	18615at33634|WXVQ01000299_1|-|205|2.168e-56|1|3960|6023|6023[6023]:3960[3960]:2064[2064]
658	16384+942	0	1054	1	8842at33634_7|WXVQ01000299_1|+|300|5.473e-85|1|16384|17325|16384[16384]:17325[17325]:942[942]
683	107652-720	0	1035	-1	15351at33634_8|WXVQ01000005_1|-|413|5.271e-119|1|106933|107652|107652[107652]:106933[106933]:720[720]
700	45355-912	0	943	-1	13832at33634_6|WXVQ01000064_1|-|114|5.368e-29|1|44444|45355|45355[45355]:44444[44444]:912[912]
709	159090-1173	0	3	-1	12382at33634|WXVQ01000104_1|-|218|2.647e-60|2|157918|159090|159090[159090]:158815[158815]:276[276]|158739[158739]:157918[157918]:822[822]
715	3430-1038	0	418	-1	12382at33634_8|WXVQ01000004_1|-|184|4.547e-50|1|2393|3430|3430[3430]:2393[2393]:1038[1038]
715	42552+1465	0	988	1	15520at33634_9|WXVQ01000004_1|+|565|9.232e-165|3|42552|44016|42552[42552]:42599[42599]:48[48]|42704[42704]:43210[43210]:507[507]|43333[43336]:44016[44016]:684[681]
717	8725-780	0	139	-1	18615at33634_2|WXVQ01000230_1|-|97|7.036e-24|1|7946|8725|8725[8725]:7946[7946]:780[780]
723	38243+795	0	98	1	18429at33634_9|WXVQ01000045_1|+|435|1.257e-125|1|38243|39037|38243[38243]:39037[39037]:795[795]
723	5796+1338	0	161	1	14113at33634_7|WXVQ01000045_1|+|520|3.248e-151|1|5796|7133|5796[5796]:7133[7133]:1338[1338]
723	12694+1975	0	614	1	3834at33634_8|WXVQ01000045_1|+|612|6.56e-179|3|12694|14668|12694[12694]:14280[14280]:1587[1587]|14369[14369]:14434[14434]:66[66]|14510[14510]:14668[14668]:159[159]
723	99806-1239	0	720	-1	12249at33634_9|WXVQ01000045_1|-|113|1.074e-28|1|98568|99806|99806[99806]:98568[98568]:1239[1239]
723	104202+1841	0	1098	1	9939at33634_8|WXVQ01000045_1|+|758|7.354e-223|3|104202|106042|104202[104202]:105098[105098]:897[897]|105148[105166]:105585[105585]:438[420]|105662[105662]:106042[106042]:381[381]
744	50447-933	0	816	-1	8842at33634_0|WXVQ01000109_1|-|165|2.384e-44|1|49515|50447|50447[50447]:49515[49515]:933[933]
750	26341+891	0	173	1	12382at33634_1|WXVQ01000304_1|+|153|9.765e-41|1|26341|27231|26341[26341]:27231[27231]:891[891]
755	25697+1071	0	24	1	8842at33634_9|WXVQ01000039_1|+|280|5.739e-79|1|25697|26767|25697[25697]:26767[26767]:1071[1071]
755	27604-623	0	708	-1	22080at33634_5|WXVQ01000039_1|-|327|4.078e-93|2|26982|27604|27604[27604]:27323[27323]:282[282]|27242[27242]:26982[26982]:261[261]
755	77034-792	0	920	-1	15520at33634_7|WXVQ01000039_1|-|63|1.209e-13|1|76243|77034|77034[77034]:76243[76243]:792[792]
764	50321-1509	0	946	-1	6684at33634_2|WXVQ01000056_1|-|195|2.22e-53|1|48813|50321|50321[50321]:48813[48813]:1509[1509]
772	69156+1380	0	462	1	9297at33634_2|WXVQ01000090_1|+|280|5.739e-79|1|69156|70535|69156[69156]:70535[70535]:1380[1380]
776	36893+621	0	251	1	28151at33634_9|WXVQ01000136_1|+|153|9.765e-41|1|36893|37513|36893[36893]:37513[37513]:621[621]
776	25455+471	0	887	1	27411at33634_8|WXVQ01000136_1|+|192|1.776e-52|1|25455|25925|25455[25455]:25925[25925]:471[471]
778	85099-1665	0	105	-1	3405at33634|WXVQ01000014_1|-|72|2.361e-16|1|83435|85099|85099[85099]:83435[83435]:1665[1665]
778	66673-1200	0	243	-1	12382at33634_3|WXVQ01000014_1|-|167|5.96e-45|1|65474|66673|66673[66673]:65474[65474]:1200[1200]
778	53385+457	0	391	1	26258at33634_3|WXVQ01000014_1|+|238|2.524e-66|2|53385|53841|53385[53385]:53621[53621]:237[237]|53710[53710]:53841[53841]:132[132]
778	87988+1176	0	418	1	12382at33634_8|WXVQ01000014_1|+|181|3.638e-49|1|87988|89163|87988[87988]:89163[89163]:1176[1176]
779	9396+1806	0	265	1	4166at33634_8|WXVQ01000233_1|+|840|1.521e-247|4|9396|11201|9396[9396]:9575[9575]:180[180]|9658[9658]:9945[9945]:288[288]|10000[10045]:10818[10818]:819[774]|10905[10911]:11201[11201]:297[291]
781	4916-1248	0	519	-1	10123at33634_9|WXVQ01000284_1|-|346|7.778e-99|1|3669|4916|4916[4916]:3669[3669]:1248[1248]
787	84651-1391	0	3	-1	12382at33634|WXVQ01000037_1|-|230|6.462e-64|2|83261|84651|84651[84651]:84505[84505]:147[147]|84220[84220]:83261[83261]:960[960]
787	28614+1519	0	49	1	6933at33634_0|WXVQ01000037_1|+|317|4.176e-90|2|28614|30132|28614[28614]:29555[29555]:942[942]|29635[29635]:30132[30132]:498[498]
787	34627-322	0	335	-1	26441at33634_0|WXVQ01000037_1|-|61|4.835e-13|2|34306|34627|34627[34627]:34523[34523]:105[105]|34431[34425]:34306[34306]:126[120]
795	135156-1494	0	9	-1	6436at33634_9|WXVQ01000157_1|-|775|5.611e-228|1|133663|135156|135156[135156]:133663[133663]:1494[1494]
795	46798-666	0	57	-1	25189at33634_6|WXVQ01000157_1|-|312|1.336e-88|1|46133|46798|46798[46798]:46133[46133]:666[666]
795	145960+3476	0	225	1	6981at33634_7|WXVQ01000157_1|+|1743|0|3|145960|149435|145960[145960]:146208[146208]:249[249]|146352[146367]:148697[148697]:2346[2331]|148755[148776]:149435[149435]:681[660]
805	54819+1335	0	173	1	12382at33634_1|WXVQ01000082_1|+|131|4.096e-34|1|54819|56153|54819[54819]:56153[56153]:1335[1335]
805	66768-1140	0	931	-1	8142at33634|WXVQ01000082_1|-|243|7.888e-68|1|65629|66768|66768[66768]:65629[65629]:1140[1140]
810	128806-363	0	964	-1	25189at33634|WXVQ01000017_1|-|40|1.014e-06|1|128444|128806|128806[128806]:128444[128444]:363[363]
819	52336+19445	0	503	1	21875at33634_7|WXVQ01000992_1|+|94|5.629e-23|2|52336|71780|52336[52336]:53025[53025]:690[690]|71715[71754]:71780[71780]:66[27]
821	1032+1206	0	383	1	12382at33634_7|WXVQ01000536_1|+|227|5.169e-63|1|1032|2237|1032[1032]:2237[2237]:1206[1206]
838	43216-741	0	682	-1	15520at33634_0|WXVQ01000142_1|-|88|3.603e-21|1|42476|43216|43216[43216]:42476[42476]:741[741]
839	34590+213	0	609	1	26441at33634_8|WXVQ01000167_1|+|43|1.268e-07|1|34590|34802|34590[34590]:34802[34802]:213[213]
842	9094-780	0	437	-1	13476at33634_9|WXVQ01000001_1|-|346|7.778e-99|1|8315|9094|9094[9094]:8315[8315]:780[780]
842	30749-2574	0	594	-1	3892at33634_7|WXVQ01000001_1|-|376|7.244e-108|1|28176|30749|30749[30749]:28176[28176]:2574[2574]
845	3188-600	0	371	-1	15242at33634_3|WXVQ01000339_1|-|189|1.421e-51|1|2589|3188|3188[3188]:2589[2589]:600[600]
850	91892+1153	0	278	1	12382at33634_4|WXVQ01000033_1|+|230|6.462e-64|2|91892|93044|91892[91892]:92203[92203]:312[312]|92280[92283]:93044[93044]:765[762]
850	135580-1663	0	791	-1	6366at33634_7|WXVQ01000033_1|-|832|3.893e-245|2|133918|135580|135580[135580]:135512[135512]:69[69]|135417[135417]:133918[133918]:1500[1500]
850	69155+723	0	1020	1	8842at33634_6|WXVQ01000033_1|+|74|5.902e-17|1|69155|69877|69155[69155]:69877[69877]:723[723]
850	198078-1029	0	1029	-1	15969at33634_4|WXVQ01000033_1|-|447|3.068e-129|1|197050|198078|198078[198078]:197050[197050]:1029[1029]
850	244206-831	0	1045	-1	13832at33634_9|WXVQ01000033_1|-|121|4.194e-31|1|243376|244206|244206[244206]:243376[243376]:831[831]
859	23085-540	0	166	-1	27410at33634_7|WXVQ01000071_1|-|265|1.881e-74|1|22546|23085|23085[23085]:22546[22546]:540[540]
868	20761+2664	0	93	1	1803at33634_9|WXVQ01000113_1|+|1306|0|3|20761|23424|20761[20761]:20961[20961]:201[201]|21029[21032]:21580[21580]:552[549]|21673[21673]:23424[23424]:1752[1752]
869	34747+930	0	847	1	5145at33634_5|WXVQ01000146_1|+|89|1.801e-21|1|34747|35676|34747[34747]:35676[35676]:930[930]
871	8066-2045	0	423	-1	6989at33634_0|WXVQ01000191_1|-|446|6.136e-129|2|6022|8066|8066[8066]:7710[7710]:357[357]|7635[7620]:6022[6022]:1614[1599]
873	112+1710	0	1082	1	6684at33634_6|WXVQ01000256_1|+|308|2.138e-87|2|112|1821|112[112]:1104[1104]:993[993]|1294[1300]:1821[1821]:528[522]
874	141222+2646	0	330	1	302at33634_0|WXVQ01000027_1|+|181|3.638e-49|1|141222|143867|141222[141222]:143867[143867]:2646[2646]
874	145643+1485	0	434	1	302at33634_3|WXVQ01000027_1|+|165|2.384e-44|1|145643|147127|145643[145643]:147127[147127]:1485[1485]
874	102445-834	0	505	-1	22950at33634_1|WXVQ01000027_1|-|144|5e-38|2|101612|102445|102445[102445]:102374[102374]:72[72]|102250[102247]:101612[101612]:639[636]
874	22970-1684	0	939	-1	17057at33634_8|WXVQ01000027_1|-|479|7.143e-139|2|21287|22970|22970[22970]:22650[22650]:321[321]|22564[22564]:21287[21287]:1278[1278]
874	95147+336	0	1027	1	9731at33634_0|WXVQ01000027_1|+|73|1.18e-16|1|95147|95482|95147[95147]:95482[95482]:336[336]
875	8448-540	0	739	-1	13832at33634_0|WXVQ01000323_1|-|95|2.815e-23|1|7909|8448|8448[8448]:7909[7909]:540[540]
876	8018+1896	0	278	1	12382at33634_4|WXVQ01000336_1|+|89|1.801e-21|3|8018|9913|8018[8018]:8509[8509]:492[492]|9314[9314]:9517[9517]:204[204]|9779[9779]:9913[9913]:135[135]
878	8829-1401	0	3	-1	12382at33634|WXVQ01000399_1|-|91|4.503e-22|1|7429|8829|8829[8829]:7429[7429]:1401[1401]
882	16779+1179	0	359	1	21097at33634_9|WXVQ01000052_1|+|377|3.622e-108|1|16779|17957|16779[16779]:17957[17957]:1179[1179]
891	24462-1746	0	714	-1	3786at33634_7|WXVQ01000060_1|-|542|7.745e-158|1|22717|24462|24462[24462]:22717[22717]:1746[1746]
891	25490+342	0	1086	1	25189at33634_4|WXVQ01000060_1|+|45|3.169e-08|1|25490|25831|25490[25490]:25831[25831]:342[342]
901	35488-1506	0	452	-1	12382at33634_9|WXVQ01000181_1|-|87|7.205e-21|1|33983|35488|35488[35488]:33983[33983]:1506[1506]
902	13022-693	0	339	-1	27268at33634_8|WXVQ01000199_1|-|236|1.01e-65|1|12330|13022|13022[13022]:12330[12330]:693[693]
905	70668-1241	0	90	-1	4166at33634_3|WXVQ01000058_1|-|415|1.318e-119|2|69428|70668|70668[70668]:70495[70495]:174[174]|70426[70426]:69428[69428]:999[999]
905	183087-690	0	157	-1	12069at33634_9|WXVQ01000058_1|-|31|0.0005192|1|182398|183087|183087[183087]:182398[182398]:690[690]
905	96874+919	0	173	1	12382at33634_1|WXVQ01000058_1|+|200|6.938e-55|2|96874|97792|96874[96874]:97077[97077]:204[204]|97160[97160]:97792[97792]:633[633]
905	255584-371	0	609	-1	26441at33634_8|WXVQ01000058_1|-|163|9.536e-44|2|255214|255584|255584[255584]:255435[255435]:150[150]|255351[255351]:255214[255214]:138[138]
905	159402+849	0	850	1	8842at33634_1|WXVQ01000058_1|+|103|1.099e-25|2|159402|160250|159402[159402]:159674[159674]:273[273]|159786[159786]:160250[160250]:465[465]
905	287745-639	0	918	-1	8842at33634_3|WXVQ01000058_1|-|123|1.048e-31|1|287107|287745|287745[287745]:287107[287107]:639[639]
905	357589-1023	0	943	-1	13832at33634_6|WXVQ01000058_1|-|91|4.503e-22|1|356567|357589|357589[357589]:356567[356567]:1023[1023]
914	10996-2310	0	840	-1	12562at33634_1|WXVQ01000044_1|-|445|1.227e-128|1|8687|10996|10996[10996]:8687[8687]:2310[2310]
930	7942-1173	0	767	-1	12684at33634_9|WXVQ01000128_1|-|381|2.264e-109|1|6770|7942|7942[7942]:6770[6770]:1173[1173]
930	17885-717	0	884	-1	8842at33634_2|WXVQ01000128_1|-|83|1.153e-19|1|17169|17885|17885[17885]:17169[17169]:717[717]
930	21725+2361	0	1083	1	4406at33634_8|WXVQ01000128_1|+|668|9.104e-196|2|21725|24085|21725[21725]:23608[23608]:1884[1884]|23672[23687]:24085[24085]:414[399]
931	23521+2002	0	748	1	3786at33634_8|WXVQ01000141_1|+|596|4.299e-174|2|23521|25522|23521[23521]:24798[24798]:1278[1278]|24917[24929]:25522[25522]:606[594]
937	80858-1131	0	313	-1	12382at33634_5|WXVQ01000034_1|-|86|1.441e-20|1|79728|80858|80858[80858]:79728[79728]:1131[1131]
954	17008-1023	0	918	-1	8842at33634_3|WXVQ01000074_1|-|271|2.938e-76|2|15986|17008|17008[17008]:16694[16694]:315[315]|16633[16603]:15986[15986]:648[618]
954	4027+942	0	1020	1	8842at33634_6|WXVQ01000074_1|+|267|4.702e-75|1|4027|4968|4027[4027]:4968[4968]:942[942]
961	6527+612	0	850	1	8842at33634_1|WXVQ01000119_1|+|100|8.795e-25|1|6527|7138|6527[6527]:7138[7138]:612[612]
969	35068-3642	0	142	-1	693at33634|WXVQ01000022_1|-|407|3.373e-117|2|31427|35068|35068[35068]:34622[34622]:447[447]|34537[34537]:31427[31427]:3111[3111]
969	53349-2958	0	241	-1	9731at33634_9|WXVQ01000022_1|-|527|2.538e-153|1|50392|53349|53349[53349]:50392[50392]:2958[2958]
969	112889+666	0	552	1	19366at33634_8|WXVQ01000022_1|+|273|7.346e-77|1|112889|113554|112889[112889]:113554[113554]:666[666]
969	131146-3635	0	1065	-1	1326at33634|WXVQ01000022_1|-|431|2.011e-124|2|127512|131146|131146[131146]:129341[129341]:1806[1806]|129275[129272]:127512[127512]:1764[1761]
991	113138-798	0	24	-1	8842at33634_9|WXVQ01000009_1|-|184|4.547e-50|1|112341|113138|113138[113138]:112341[112341]:798[798]
991	59171+1403	0	275	1	9413at33634_8|WXVQ01000009_1|+|556|4.727e-162|2|59171|60573|59171[59171]:59788[59788]:618[618]|59857[59863]:60573[60573]:717[711]
991	113837-672	0	918	-1	8842at33634_3|WXVQ01000009_1|-|169|1.49e-45|1|113166|113837|113837[113837]:113166[113166]:672[672]
