9	7351+573	0	40337	1	679187at2759|NKIB01000289_1|+|101|2.242e-23|1|7351|7923|7351[7351]:7923[7923]:573[573]
33	1607-435	0	40337	-1	679187at2759|NKIB01001057_1|-|70|4.815e-14|1|1173|1607|1607[1607]:1173[1173]:435[435]
38	25346-414	0	11996	-1	1312453at2759|NKIB01001217_1|-|50|5.049e-08|1|24933|25346|25346[25346]:24933[24933]:414[414]
40	1604-423	0	31993	-1	1312453at2759|NKIB01001281_1|-|55|1.578e-09|1|1182|1604|1604[1604]:1182[1182]:423[423]
65	8514-612	0	33467	-1	621827at2759|NKIB01002081_1|-|49|1.01e-07|1|7903|8514|8514[8514]:7903[7903]:612[612]
101	18085+906	0	34706	1	1014314at2759|NKIB01003233_1|+|100|4.484e-23|1|18085|18990|18085[18085]:18990[18990]:906[906]
127	539+459	0	45984	1	271586at2759|NKIB01004065_1|+|43|6.462e-06|1|539|997|539[539]:997[997]:459[459]
131	13034-948	0	31235	-1	1563319at2759|NKIB01004193_1|-|293|3.572e-81|1|12087|13034|13034[13034]:12087[12087]:948[948]
133	0+420	0	31993	1	1312453at2759|NKIB01004257_1|+|54|3.155e-09|1|0|419|0[0]:419[419]:420[420]
146	12521+1369	0	22654	1	1251252at2759|NKIB01004673_1|+|138|1.631e-34|2|12521|13889|12521[12521]:12595[12595]:75[75]|12783[12789]:13889[13889]:1107[1101]
146	26759-753	0	31993	-1	1312453at2759|NKIB01004673_1|-|56|7.889e-10|1|26007|26759|26759[26759]:26007[26007]:753[753]
198	10371+861	0	50453	1	956854at2759|NKIB01006337_1|+|41|2.585e-05|1|10371|11231|10371[10371]:11231[11231]:861[861]
208	320+417	0	40337	1	679187at2759|NKIB01006657_1|+|86|7.347e-19|1|320|736|320[320]:736[736]:417[417]
293	1763-462	0	40337	-1	679187at2759|NKIB01009377_1|-|75|1.505e-15|1|1302|1763|1763[1763]:1302[1302]:462[462]
318	5014-682	0	29509	-1	142542at2759|NKIB01010177_1|-|107|3.503e-25|2|4333|5014|5014[5014]:4907[4907]:108[108]|4803[4800]:4333[4333]:471[468]
380	4147-669	0	31993	-1	1312453at2759|NKIB01012161_1|-|136|6.525e-34|1|3479|4147|4147[4147]:3479[3479]:669[669]
385	2571+504	0	11996	1	1312453at2759|NKIB01012321_1|+|89|9.183e-20|1|2571|3074|2571[2571]:3074[3074]:504[504]
410	4197+315	0	16411	1	1312453at2759|NKIB01013121_1|+|48|2.019e-07|1|4197|4511|4197[4197]:4511[4511]:315[315]
438	25699-501	0	18320	-1	956854at2759|NKIB01014017_1|-|39|0.0001034|1|25199|25699|25699[25699]:25199[25199]:501[501]
440	4053-1251	0	9571	-1	271586at2759|NKIB01014081_1|-|42|1.292e-05|1|2803|4053|4053[4053]:2803[2803]:1251[1251]
440	5661-1425	0	21387	-1	271586at2759|NKIB01014081_1|-|39|0.0001034|1|4237|5661|5661[5661]:4237[4237]:1425[1425]
440	9603-1092	0	26187	-1	271586at2759|NKIB01014081_1|-|38|0.0002068|1|8512|9603|9603[9603]:8512[8512]:1092[1092]
440	8130-252	0	27899	-1	271586at2759|NKIB01014081_1|-|38|0.0002068|1|7879|8130|8130[8130]:7879[7879]:252[252]
440	7584-1578	0	28870	-1	271586at2759|NKIB01014081_1|-|44|3.231e-06|1|6007|7584|7584[7584]:6007[6007]:1578[1578]
465	1749+753	0	31993	1	1312453at2759|NKIB01014881_1|+|71|2.407e-14|1|1749|2501|1749[1749]:2501[2501]:753[753]
474	29464+558	0	31993	1	1312453at2759|NKIB01015169_1|+|130|4.176e-32|1|29464|30021|29464[29464]:30021[30021]:558[558]
477	36425-627	0	14648	-1	325552at2759|NKIB01015265_1|-|133|5.22e-33|1|35799|36425|36425[36425]:35799[35799]:627[627]
477	35381-276	0	34487	-1	1049599at2759|NKIB01015265_1|-|55|1.578e-09|1|35106|35381|35381[35381]:35106[35106]:276[276]
477	35468-735	0	43072	-1	621827at2759|NKIB01015265_1|-|86|7.347e-19|1|34734|35468|35468[35468]:34734[34734]:735[735]
488	1136-417	0	40337	-1	679187at2759|NKIB01000162_1|-|81|2.351e-17|1|720|1136|1136[1136]:720[720]:417[417]
509	1590-990	0	44770	-1	1526152at2759|NKIB01000834_1|-|100|4.484e-23|1|601|1590|1590[1590]:601[601]:990[990]
545	22555-11071	0	3061	-1	911863at2759|NKIB01001986_1|-|76|7.523e-16|2|11485|22555|22555[22555]:22502[22502]:54[54]|12327[12327]:11485[11485]:843[843]
571	20308-435	0	40337	-1	679187at2759|NKIB01002818_1|-|72|1.204e-14|1|19874|20308|20308[20308]:19874[19874]:435[435]
592	6037-240	0	13594	-1	1014314at2759|NKIB01003490_1|-|38|0.0002068|1|5798|6037|6037[6037]:5798[5798]:240[240]
592	10791+486	0	15113	1	621827at2759|NKIB01003490_1|+|74|3.009e-15|1|10791|11276|10791[10791]:11276[11276]:486[486]
689	823-516	0	15837	-1	1161199at2759|NKIB01006594_1|-|198|1.415e-52|1|308|823|823[823]:308[308]:516[516]
768	62080+441	0	11996	1	1312453at2759|NKIB01009122_1|+|56|7.889e-10|1|62080|62520|62080[62080]:62520[62520]:441[441]
768	21588-375	0	11996	-1	1312453at2759|NKIB01009122_1|-|55|1.578e-09|1|21214|21588|21588[21588]:21214[21214]:375[375]
795	9980-492	0	21931	-1	1563319at2759|NKIB01009986_1|-|82|1.175e-17|1|9489|9980|9980[9980]:9489[9489]:492[492]
807	23+558	0	40337	1	679187at2759|NKIB01010370_1|+|91|2.296e-20|1|23|580|23[23]:580[580]:558[558]
867	7562-990	0	44770	-1	1526152at2759|NKIB01012290_1|-|99|8.968e-23|1|6573|7562|7562[7562]:6573[6573]:990[990]
897	18783+594	0	40337	1	679187at2759|NKIB01013250_1|+|72|1.204e-14|1|18783|19376|18783[18783]:19376[19376]:594[594]
902	1499+411	0	11996	1	1312453at2759|NKIB01013410_1|+|45|1.616e-06|1|1499|1909|1499[1499]:1909[1909]:411[411]
908	3157+417	0	40337	1	679187at2759|NKIB01013602_1|+|81|2.351e-17|1|3157|3573|3157[3157]:3573[3573]:417[417]
923	929+642	0	11996	1	1312453at2759|NKIB01014082_1|+|46|8.078e-07|1|929|1570|929[929]:1570[1570]:642[642]
932	292-186	0	23261	-1	1440961at2759|NKIB01014370_1|-|37|0.0004136|1|107|292|292[292]:107[107]:186[186]
940	26966+968	0	24595	1	1358374at2759|NKIB01014626_1|+|117|3.421e-28|2|26966|27933|26966[26966]:27268[27268]:303[303]|27550[27550]:27933[27933]:384[384]
942	19274+507	0	35221	1	621827at2759|NKIB01014690_1|+|57|3.944e-10|1|19274|19780|19274[19274]:19780[19780]:507[507]
961	599+423	0	11996	1	1312453at2759|NKIB01015298_1|+|47|4.039e-07|1|599|1021|599[599]:1021[1021]:423[423]
965	22163-417	0	11996	-1	1312453at2759|NKIB01015426_1|-|45|1.616e-06|1|21747|22163|22163[22163]:21747[21747]:417[417]
989	449+372	0	40559	1	1575179at2759|NKIB01000739_1|+|59|9.861e-11|1|449|820|449[449]:820[820]:372[372]
999	19316-795	0	16654	-1	1014314at2759|NKIB01001059_1|-|52|1.262e-08|1|18522|19316|19316[19316]:18522[18522]:795[795]
999	13927-216	0	22123	-1	142542at2759|NKIB01001059_1|-|36|0.0008272|1|13712|13927|13927[13927]:13712[13712]:216[216]
1002	265+936	0	44770	1	1526152at2759|NKIB01001155_1|+|96|7.175e-22|1|265|1200|265[265]:1200[1200]:936[936]
1005	2330-666	0	31993	-1	1312453at2759|NKIB01001251_1|-|78|1.881e-16|1|1665|2330|2330[2330]:1665[1665]:666[666]
1012	884+429	0	40337	1	679187at2759|NKIB01001475_1|+|88|1.837e-19|1|884|1312|884[884]:1312[1312]:429[429]
1019	5878+369	0	40337	1	679187at2759|NKIB01001699_1|+|65|1.541e-12|1|5878|6246|5878[5878]:6246[6246]:369[369]
1020	1136-417	0	40337	-1	679187at2759|NKIB01001731_1|-|81|2.351e-17|1|720|1136|1136[1136]:720[720]:417[417]
1038	14462-894	0	10259	-1	1049599at2759|NKIB01002307_1|-|66|7.704e-13|1|13569|14462|14462[14462]:13569[13569]:894[894]
1038	15238+966	0	21233	1	1530008at2759|NKIB01002307_1|+|88|1.837e-19|1|15238|16203|15238[15238]:16203[16203]:966[966]
1038	21722+1224	0	42010	1	261328at2759|NKIB01002307_1|+|54|3.155e-09|1|21722|22945|21722[21722]:22945[22945]:1224[1224]
1045	5138+829	0	28490	1	1530008at2759|NKIB01002531_1|+|136|6.525e-34|2|5138|5966|5138[5138]:5404[5404]:267[267]|5478[5478]:5966[5966]:489[489]
1052	808-237	0	33523	-1	722805at2759|NKIB01002755_1|-|44|3.231e-06|1|572|808|808[808]:572[572]:237[237]
1053	16138-768	0	36931	-1	325552at2759|NKIB01002787_1|-|123|5.345e-30|1|15371|16138|16138[16138]:15371[15371]:768[768]
1133	2127+282	0	12137	1	621827at2759|NKIB01005347_1|+|136|6.525e-34|1|2127|2408|2127[2127]:2408[2408]:282[282]
1155	13064-396	0	40337	-1	679187at2759|NKIB01006051_1|-|85|1.469e-18|1|12669|13064|13064[13064]:12669[12669]:396[396]
1171	686-417	0	40337	-1	679187at2759|NKIB01006563_1|-|81|2.351e-17|1|270|686|686[686]:270[270]:417[417]
1266	2998-939	0	44770	-1	1526152at2759|NKIB01009603_1|-|78|1.881e-16|1|2060|2998|2998[2998]:2060[2060]:939[939]
1296	800-792	0	24057	-1	1434266at2759|NKIB01010563_1|-|93|5.74e-21|1|9|800|800[800]:9[9]:792[792]
1296	6426+1470	0	53852	1	179362at2759|NKIB01010563_1|+|175|1.187e-45|1|6426|7895|6426[6426]:7895[7895]:1470[1470]
1354	6292-456	0	11996	-1	1312453at2759|NKIB01012419_1|-|76|7.523e-16|1|5837|6292|6292[6292]:5837[5837]:456[456]
1361	1756-597	0	11996	-1	1312453at2759|NKIB01012643_1|-|76|7.523e-16|1|1160|1756|1756[1756]:1160[1160]:597[597]
1369	5875-540	0	40337	-1	679187at2759|NKIB01012899_1|-|75|1.505e-15|1|5336|5875|5875[5875]:5336[5336]:540[540]
1412	23844+1107	0	13339	1	271586at2759|NKIB01014275_1|+|120|4.276e-29|1|23844|24950|23844[23844]:24950[24950]:1107[1107]
1435	27436+801	0	27970	1	1049599at2759|NKIB01015011_1|+|64|3.081e-12|1|27436|28236|27436[27436]:28236[28236]:801[801]
1449	1826-1814	0	14934	-1	1442062at2759|NKIB01000004_1|-|230|3.294e-62|2|13|1826|1826[1826]:240[240]:1587[1587]|216[216]:13[13]:204[204]
1452	1217+798	0	32663	1	911863at2759|NKIB01000100_1|+|51|2.524e-08|1|1217|2014|1217[1217]:2014[2014]:798[798]
1453	32601+1050	0	16637	1	1364586at2759|NKIB01000132_1|+|71|2.407e-14|1|32601|33650|32601[32601]:33650[33650]:1050[1050]
1453	34314+483	0	31993	1	1312453at2759|NKIB01000132_1|+|94|2.87e-21|1|34314|34796|34314[34314]:34796[34796]:483[483]
1471	28+429	0	40337	1	679187at2759|NKIB01000708_1|+|81|2.351e-17|1|28|456|28[28]:456[456]:429[429]
1476	8249-465	0	31993	-1	1312453at2759|NKIB01000868_1|-|50|5.049e-08|1|7785|8249|8249[8249]:7785[7785]:465[465]
1480	23657+255	0	3576	1	142542at2759|NKIB01000996_1|+|42|1.292e-05|1|23657|23911|23657[23657]:23911[23911]:255[255]
1480	24772+258	0	19723	1	142542at2759|NKIB01000996_1|+|40|5.17e-05|1|24772|25029|24772[24772]:25029[25029]:258[258]
1480	18079+338	0	38883	1	142542at2759|NKIB01000996_1|+|147|3.186e-37|2|18079|18416|18079[18079]:18261[18261]:183[183]|18339[18342]:18416[18416]:78[75]
1501	25165-270	0	3576	-1	142542at2759|NKIB01001668_1|-|71|2.407e-14|1|24896|25165|25165[25165]:24896[24896]:270[270]
1537	1028+330	0	40337	1	679187at2759|NKIB01002820_1|+|45|1.616e-06|1|1028|1357|1028[1028]:1357[1357]:330[330]
1559	5675-369	0	27587	-1	142542at2759|NKIB01003524_1|-|43|6.462e-06|1|5307|5675|5675[5675]:5307[5307]:369[369]
1571	18135-843	0	30931	-1	1049599at2759|NKIB01003908_1|-|125|1.336e-30|1|17293|18135|18135[18135]:17293[17293]:843[843]
1658	3225+645	0	31993	1	1312453at2759|NKIB01006692_1|+|99|8.968e-23|1|3225|3869|3225[3225]:3869[3869]:645[645]
1741	28023+534	0	26958	1	1312453at2759|NKIB01009348_1|+|36|0.0008272|1|28023|28556|28023[28023]:28556[28556]:534[534]
1838	5357+1227	0	43158	1	457861at2759|NKIB01012452_1|+|120|4.276e-29|1|5357|6583|5357[5357]:6583[6583]:1227[1227]
1844	5513+837	0	36125	1	1049599at2759|NKIB01012644_1|+|48|2.019e-07|1|5513|6349|5513[5513]:6349[6349]:837[837]
1851	19272+444	0	16411	1	1312453at2759|NKIB01012868_1|+|68|1.926e-13|1|19272|19715|19272[19272]:19715[19715]:444[444]
1854	38072+498	0	11996	1	1312453at2759|NKIB01012964_1|+|48|2.019e-07|1|38072|38569|38072[38072]:38569[38569]:498[498]
1854	57342+633	0	31993	1	1312453at2759|NKIB01012964_1|+|85|1.469e-18|1|57342|57974|57342[57342]:57974[57974]:633[633]
1854	44263-660	0	33467	-1	621827at2759|NKIB01012964_1|-|44|3.231e-06|1|43604|44263|44263[44263]:43604[43604]:660[660]
1857	5288-606	0	11996	-1	1312453at2759|NKIB01013060_1|-|44|3.231e-06|1|4683|5288|5288[5288]:4683[4683]:606[606]
1885	35862+1479	0	18599	1	271586at2759|NKIB01013956_1|+|46|8.078e-07|1|35862|37340|35862[35862]:37340[37340]:1479[1479]
1885	22077-657	0	31119	-1	271586at2759|NKIB01013956_1|-|43|6.462e-06|1|21421|22077|22077[22077]:21421[21421]:657[657]
1885	39040+441	0	31993	1	1312453at2759|NKIB01013956_1|+|63|6.163e-12|1|39040|39480|39040[39040]:39480[39480]:441[441]
1885	22626-495	0	45786	-1	956854at2759|NKIB01013956_1|-|39|0.0001034|1|22132|22626|22626[22626]:22132[22132]:495[495]
1886	1993+426	0	11996	1	1312453at2759|NKIB01013988_1|+|51|2.524e-08|1|1993|2418|1993[1993]:2418[2418]:426[426]
1931	730+990	0	44770	1	1526152at2759|NKIB01015428_1|+|99|8.968e-23|1|730|1719|730[730]:1719[1719]:990[990]
1957	912+756	0	243	1	911863at2759|NKIB01000805_1|+|46|8.078e-07|1|912|1667|912[912]:1667[1667]:756[756]
1970	18501-540	0	31993	-1	1312453at2759|NKIB01001221_1|-|78|1.881e-16|1|17962|18501|18501[18501]:17962[17962]:540[540]
2004	1162+282	0	40337	1	679187at2759|NKIB01002309_1|+|42|1.292e-05|1|1162|1443|1162[1162]:1443[1443]:282[282]
2007	4802+682	0	29509	1	142542at2759|NKIB01002405_1|+|107|3.503e-25|2|4802|5483|4802[4802]:4909[4909]:108[108]|5013[5016]:5483[5483]:471[468]
2014	449+372	0	40559	1	1575179at2759|NKIB01002629_1|+|59|9.861e-11|1|449|820|449[449]:820[820]:372[372]
2046	6282+261	0	28622	1	1575179at2759|NKIB01003653_1|+|113|5.474e-27|1|6282|6542|6282[6282]:6542[6542]:261[261]
2115	6069-648	0	31993	-1	1312453at2759|NKIB01005861_1|-|81|2.351e-17|1|5422|6069|6069[6069]:5422[5422]:648[648]
2149	877+1167	0	8914	1	621827at2759|NKIB01006949_1|+|289|5.715e-80|1|877|2043|877[877]:2043[2043]:1167[1167]
2180	596-597	0	53896	-1	911863at2759|NKIB01007941_1|-|44|3.231e-06|1|0|596|596[596]:0[0]:597[597]
2196	475-390	0	40337	-1	679187at2759|NKIB01008453_1|-|68|1.926e-13|1|86|475|475[475]:86[86]:390[390]
2335	660+1827	0	28892	1	679187at2759|NKIB01012901_1|+|211|1.727e-56|1|660|2486|660[660]:2486[2486]:1827[1827]
2345	4528+561	0	41496	1	1434266at2759|NKIB01013221_1|+|98|1.794e-22|1|4528|5088|4528[4528]:5088[5088]:561[561]
2351	8369+642	0	31993	1	1312453at2759|NKIB01013413_1|+|93|5.74e-21|1|8369|9010|8369[8369]:9010[9010]:642[642]
2363	29524+1110	0	13339	1	271586at2759|NKIB01013797_1|+|83|5.877e-18|1|29524|30633|29524[29524]:30633[30633]:1110[1110]
2363	27885-381	0	52134	-1	911863at2759|NKIB01013797_1|-|38|0.0002068|1|27505|27885|27885[27885]:27505[27505]:381[381]
2365	3311+558	0	40337	1	679187at2759|NKIB01013861_1|+|98|1.794e-22|1|3311|3868|3311[3311]:3868[3868]:558[558]
2367	27929-348	0	11996	-1	1312453at2759|NKIB01013925_1|-|40|5.17e-05|1|27582|27929|27929[27929]:27582[27582]:348[348]
2367	22688+1311	0	53852	1	179362at2759|NKIB01013925_1|+|108|1.752e-25|1|22688|23998|22688[22688]:23998[23998]:1311[1311]
2372	34043-600	0	31993	-1	1312453at2759|NKIB01014085_1|-|63|6.163e-12|1|33444|34043|34043[34043]:33444[33444]:600[600]
2410	6689-864	0	5504	-1	1014314at2759|NKIB01015301_1|-|36|0.0008272|1|5826|6689|6689[6689]:5826[5826]:864[864]
2410	11469+867	0	7282	1	956854at2759|NKIB01015301_1|+|300|2.79e-83|1|11469|12335|11469[11469]:12335[12335]:867[867]
2412	10887+597	0	11996	1	1312453at2759|NKIB01015365_1|+|64|3.081e-12|1|10887|11483|10887[10887]:11483[11483]:597[597]
2414	231+570	0	50852	1	1530008at2759|NKIB01015429_1|+|183|4.636e-48|1|231|800|231[231]:800[800]:570[570]
2436	6411+594	0	40337	1	679187at2759|NKIB01000678_1|+|68|1.926e-13|1|6411|7004|6411[6411]:7004[7004]:594[594]
2443	10054+306	0	18122	1	1312453at2759|NKIB01000902_1|+|36|0.0008272|1|10054|10359|10054[10054]:10359[10359]:306[306]
2443	29287+567	0	40337	1	679187at2759|NKIB01000902_1|+|108|1.752e-25|1|29287|29853|29287[29287]:29853[29853]:567[567]
2460	21895-621	0	27291	-1	621827at2759|NKIB01001446_1|-|46|8.078e-07|1|21275|21895|21895[21895]:21275[21275]:621[621]
2462	1313-417	0	11996	-1	1312453at2759|NKIB01001510_1|-|49|1.01e-07|1|897|1313|1313[1313]:897[897]:417[417]
2488	507+663	0	41869	1	1014314at2759|NKIB01002342_1|+|73|6.018e-15|1|507|1169|507[507]:1169[1169]:663[663]
2517	419-372	0	40559	-1	1575179at2759|NKIB01003270_1|-|59|9.861e-11|1|48|419|419[419]:48[48]:372[372]
2571	10214-1506	0	28628	-1	179362at2759|NKIB01004998_1|-|37|0.0004136|1|8709|10214|10214[10214]:8709[8709]:1506[1506]
2608	8909+717	0	11996	1	1312453at2759|NKIB01006182_1|+|55|1.578e-09|1|8909|9625|8909[8909]:9625[9625]:717[717]
2625	2494-868	0	28490	-1	1530008at2759|NKIB01006726_1|-|167|3.039e-43|2|1627|2494|2494[2494]:2213[2213]:282[282]|2130[2130]:1627[1627]:504[504]
2689	8420-1458	0	28242	-1	271586at2759|NKIB01008774_1|-|46|8.078e-07|1|6963|8420|8420[8420]:6963[6963]:1458[1458]
2743	313+1335	0	13091	1	1440961at2759|NKIB01010502_1|+|371|1.182e-104|1|313|1647|313[313]:1647[1647]:1335[1335]
2812	0+282	0	40337	1	679187at2759|NKIB01012710_1|+|52|1.262e-08|1|0|281|0[0]:281[281]:282[282]
2829	4918-807	0	20730	-1	1076134at2759|NKIB01013254_1|-|168|1.519e-43|1|4112|4918|4918[4918]:4112[4112]:807[807]
2847	40702-939	0	16644	-1	996662at2759|NKIB01013830_1|-|357|1.936e-100|1|39764|40702|40702[40702]:39764[39764]:939[939]
2848	20974+357	0	40337	1	679187at2759|NKIB01013862_1|+|67|3.852e-13|1|20974|21330|20974[20974]:21330[21330]:357[357]
2854	42337+351	0	40337	1	679187at2759|NKIB01014054_1|+|66|7.704e-13|1|42337|42687|42337[42337]:42687[42687]:351[351]
2856	2834-219	0	42232	-1	1049599at2759|NKIB01014118_1|-|41|2.585e-05|1|2616|2834|2834[2834]:2616[2616]:219[219]
2856	3224-864	0	46135	-1	1049599at2759|NKIB01014118_1|-|68|1.926e-13|1|2361|3224|3224[3224]:2361[2361]:864[864]
2864	14346-781	0	31993	-1	1312453at2759|NKIB01014374_1|-|124|2.673e-30|2|13566|14346|14346[14346]:13774[13774]:573[573]|13682[13682]:13566[13566]:117[117]
2906	29037+1827	0	28892	1	679187at2759|NKIB01000263_1|+|211|1.727e-56|1|29037|30863|29037[29037]:30863[30863]:1827[1827]
2928	1548-417	0	40337	-1	679187at2759|NKIB01000967_1|-|81|2.351e-17|1|1132|1548|1548[1548]:1132[1132]:417[417]
2929	23586-837	0	50453	-1	956854at2759|NKIB01000999_1|-|40|5.17e-05|1|22750|23586|23586[23586]:22750[22750]:837[837]
2931	125+588	0	36763	1	1014314at2759|NKIB01001063_1|+|53|6.311e-09|1|125|712|125[125]:712[712]:588[588]
2934	1782-453	0	11732	-1	1434266at2759|NKIB01001159_1|-|84|2.939e-18|2|1330|1782|1782[1782]:1705[1705]:78[78]|1635[1626]:1330[1330]:306[297]
2936	4+429	0	40337	1	679187at2759|NKIB01001223_1|+|90|4.592e-20|1|4|432|4[4]:432[432]:429[429]
2939	1094+780	0	21870	1	270107at2759|NKIB01001319_1|+|65|1.541e-12|1|1094|1873|1094[1094]:1873[1873]:780[780]
2963	1518-1434	0	14933	-1	1309031at2759|NKIB01002087_1|-|401|1.101e-113|2|85|1518|1518[1518]:328[328]:1191[1191]|252[252]:85[85]:168[168]
3000	419-372	0	40559	-1	1575179at2759|NKIB01003271_1|-|59|9.861e-11|1|48|419|419[419]:48[48]:372[372]
3019	5940-426	0	14888	-1	1312453at2759|NKIB01003879_1|-|49|1.01e-07|1|5515|5940|5940[5940]:5515[5515]:426[426]
3019	6798-471	0	31993	-1	1312453at2759|NKIB01003879_1|-|90|4.592e-20|1|6328|6798|6798[6798]:6328[6328]:471[471]
3045	13715+540	0	12567	1	1358374at2759|NKIB01004711_1|+|48|2.019e-07|1|13715|14254|13715[13715]:14254[14254]:540[540]
3066	11139-396	0	40337	-1	679187at2759|NKIB01005383_1|-|76|7.523e-16|1|10744|11139|11139[11139]:10744[10744]:396[396]
3110	11530-417	0	11996	-1	1312453at2759|NKIB01006791_1|-|40|5.17e-05|1|11114|11530|11530[11530]:11114[11114]:417[417]
3114	8954-918	0	5370	-1	621827at2759|NKIB01006919_1|-|48|2.019e-07|1|8037|8954|8954[8954]:8037[8037]:918[918]
3148	2752+630	0	10884	1	1161199at2759|NKIB01008007_1|+|44|3.231e-06|1|2752|3381|2752[2752]:3381[3381]:630[630]
3185	4221-2139	0	20970	-1	722805at2759|NKIB01009191_1|-|457|1.527e-130|1|2083|4221|4221[4221]:2083[2083]:2139[2139]
3185	4221-4126	0	42172	-1	722805at2759|NKIB01009191_1|-|758|3.749e-221|2|96|4221|4221[4221]:2083[2083]:2139[2139]|1607[1607]:96[96]:1512[1512]
3277	5229+366	0	11996	1	1312453at2759|NKIB01012135_1|+|55|1.578e-09|1|5229|5594|5229[5229]:5594[5594]:366[366]
3285	1454+483	0	40337	1	679187at2759|NKIB01012391_1|+|83|5.877e-18|1|1454|1936|1454[1454]:1936[1936]:483[483]
3286	1727+426	0	11996	1	1312453at2759|NKIB01012423_1|+|46|8.078e-07|1|1727|2152|1727[1727]:2152[2152]:426[426]
3300	5061-834	0	43574	-1	331411at2759|NKIB01012871_1|-|72|1.204e-14|1|4228|5061|5061[5061]:4228[4228]:834[834]
3302	47623+690	0	48899	1	261328at2759|NKIB01012935_1|+|49|1.01e-07|1|47623|48312|47623[47623]:48312[48312]:690[690]
3304	2860+2487	0	14934	1	1442062at2759|NKIB01012999_1|+|395|7.044e-112|1|2860|5346|2860[2860]:5346[5346]:2487[2487]
3329	3318+381	0	40337	1	679187at2759|NKIB01013799_1|+|70|4.815e-14|1|3318|3698|3318[3318]:3698[3698]:381[381]
3343	34623+582	0	37706	1	1398309at2759|NKIB01014247_1|+|71|2.407e-14|1|34623|35204|34623[34623]:35204[35204]:582[582]
3349	10271-630	0	31993	-1	1312453at2759|NKIB01014439_1|-|57|3.944e-10|1|9642|10271|10271[10271]:9642[9642]:630[630]
3349	24343+681	0	54242	1	911863at2759|NKIB01014439_1|+|41|2.585e-05|1|24343|25023|24343[24343]:25023[25023]:681[681]
3354	10297+345	0	10442	1	621827at2759|NKIB01014599_1|+|137|3.263e-34|1|10297|10641|10297[10297]:10641[10641]:345[345]
3354	11005+1038	0	25340	1	325552at2759|NKIB01014599_1|+|45|1.616e-06|1|11005|12042|11005[11005]:12042[12042]:1038[1038]
3379	736-372	0	40559	-1	1575179at2759|NKIB01015399_1|-|60|4.93e-11|1|365|736|736[736]:365[365]:372[372]
3386	734-468	0	40337	-1	679187at2759|NKIB01000168_1|-|46|8.078e-07|1|267|734|734[734]:267[267]:468[468]
3391	17431-498	0	11996	-1	1312453at2759|NKIB01000328_1|-|72|1.204e-14|1|16934|17431|17431[17431]:16934[16934]:498[498]
3400	419-372	0	40559	-1	1575179at2759|NKIB01000616_1|-|59|9.861e-11|1|48|419|419[419]:48[48]:372[372]
3437	13215+699	0	6541	1	261328at2759|NKIB01001800_1|+|115|1.368e-27|1|13215|13913|13215[13215]:13913[13913]:699[699]
3437	14306+810	0	7823	1	1049599at2759|NKIB01001800_1|+|102|1.121e-23|1|14306|15115|14306[14306]:15115[15115]:810[810]
3439	1468-273	0	34579	-1	1407446at2759|NKIB01001864_1|-|36|0.0008272|1|1196|1468|1468[1468]:1196[1196]:273[273]
3450	4+429	0	40337	1	679187at2759|NKIB01002216_1|+|90|4.592e-20|1|4|432|4[4]:432[432]:429[429]
3475	9468+1500	0	21646	1	621827at2759|NKIB01003016_1|+|500|1.737e-143|1|9468|10967|9468[9468]:10967[10967]:1500[1500]
3475	14280+909	0	52629	1	1428265at2759|NKIB01003016_1|+|95|1.435e-21|1|14280|15188|14280[14280]:15188[15188]:909[909]
3475	10990+309	0	54675	1	621827at2759|NKIB01003016_1|+|81|2.351e-17|1|10990|11298|10990[10990]:11298[11298]:309[309]
3479	16610+363	0	11996	1	1312453at2759|NKIB01003144_1|+|89|9.183e-20|1|16610|16972|16610[16610]:16972[16972]:363[363]
3483	419-372	0	40559	-1	1575179at2759|NKIB01003272_1|-|59|9.861e-11|1|48|419|419[419]:48[48]:372[372]
3517	17093-183	0	38883	-1	142542at2759|NKIB01004360_1|-|50|5.049e-08|1|16911|17093|17093[17093]:16911[16911]:183[183]
3536	601-516	0	39278	-1	1575179at2759|NKIB01004968_1|-|45|1.616e-06|1|86|601|601[601]:86[86]:516[516]
3550	4389-264	0	38883	-1	142542at2759|NKIB01005416_1|-|60|4.93e-11|1|4126|4389|4389[4389]:4126[4126]:264[264]
3596	2658-456	0	40337	-1	679187at2759|NKIB01006888_1|-|36|0.0008272|1|2203|2658|2658[2658]:2203[2203]:456[456]
3599	357+396	0	16355	1	271586at2759|NKIB01006984_1|+|49|1.01e-07|1|357|752|357[357]:752[752]:396[396]
3630	51+522	0	31993	1	1312453at2759|NKIB01007976_1|+|95|1.435e-21|1|51|572|51[51]:572[572]:522[522]
3692	430-417	0	40337	-1	679187at2759|NKIB01009960_1|-|85|1.469e-18|1|14|430|430[430]:14[14]:417[417]
3729	5688+423	0	11996	1	1312453at2759|NKIB01011144_1|+|47|4.039e-07|1|5688|6110|5688[5688]:6110[6110]:423[423]
3737	75732-2142	0	9981	-1	142542at2759|NKIB01011400_1|-|284|1.829e-78|1|73591|75732|75732[75732]:73591[73591]:2142[2142]
3737	75642-132	0	12188	-1	142542at2759|NKIB01011400_1|-|45|1.616e-06|1|75511|75642|75642[75642]:75511[75511]:132[132]
3789	1617-421	0	40337	-1	679187at2759|NKIB01013064_1|-|87|3.673e-19|2|1197|1617|1617[1617]:1324[1324]:294[294]|1307[1307]:1197[1197]:111[111]
3798	4522+282	0	18577	1	1312453at2759|NKIB01013352_1|+|37|0.0004136|1|4522|4803|4522[4522]:4803[4803]:282[282]
3809	4103-429	0	40337	-1	679187at2759|NKIB01013704_1|-|90|4.592e-20|1|3675|4103|4103[4103]:3675[3675]:429[429]
3825	6401+540	0	31993	1	1312453at2759|NKIB01014216_1|+|55|1.578e-09|1|6401|6940|6401[6401]:6940[6940]:540[540]
3833	1074+1911	0	14934	1	1442062at2759|NKIB01014472_1|+|250|3.142e-68|1|1074|2984|1074[1074]:2984[2984]:1911[1911]
3835	4739-570	0	51072	-1	261328at2759|NKIB01014536_1|-|98|1.794e-22|1|4170|4739|4739[4739]:4170[4170]:570[570]
3851	2151-1797	0	14934	-1	1442062at2759|NKIB01015048_1|-|412|5.374e-117|1|355|2151|2151[2151]:355[355]:1797[1797]
3874	1418-504	0	11996	-1	1312453at2759|NKIB01000329_1|-|62|1.233e-11|1|915|1418|1418[1418]:915[915]:504[504]
3883	299-252	0	40559	-1	1575179at2759|NKIB01000617_1|-|53|6.311e-09|1|48|299|299[299]:48[48]:252[252]
3904	14199+546	0	11996	1	1312453at2759|NKIB01001289_1|+|46|8.078e-07|1|14199|14744|14199[14199]:14744[14744]:546[546]
3920	1368-435	0	40337	-1	679187at2759|NKIB01001801_1|-|69|9.63e-14|1|934|1368|1368[1368]:934[934]:435[435]
3944	14812+483	0	40337	1	679187at2759|NKIB01002569_1|+|87|3.673e-19|1|14812|15294|14812[14812]:15294[15294]:483[483]
3960	604-459	0	45984	-1	271586at2759|NKIB01003081_1|-|43|6.462e-06|1|146|604|604[604]:146[146]:459[459]
3961	127+306	0	40337	1	679187at2759|NKIB01003113_1|+|74|3.009e-15|1|127|432|127[127]:432[432]:306[306]
4038	34+882	0	5370	1	621827at2759|NKIB01005577_1|+|98|1.794e-22|1|34|915|34[34]:915[915]:882[882]
4044	3034+1116	0	7558	1	1049599at2759|NKIB01005769_1|+|154|2.489e-39|1|3034|4149|3034[3034]:4149[4149]:1116[1116]
4050	895-381	0	40337	-1	679187at2759|NKIB01005961_1|-|59|9.861e-11|1|515|895|895[895]:515[515]:381[381]
4064	10478-606	0	27291	-1	621827at2759|NKIB01006409_1|-|44|3.231e-06|1|9873|10478|10478[10478]:9873[9873]:606[606]
4082	11934+288	0	40337	1	679187at2759|NKIB01006985_1|+|45|1.616e-06|1|11934|12221|11934[11934]:12221[12221]:288[288]
4133	1621-414	0	11996	-1	1312453at2759|NKIB01008617_1|-|43|6.462e-06|1|1208|1621|1621[1621]:1208[1208]:414[414]
4248	229+435	0	40337	1	679187at2759|NKIB01012297_1|+|67|3.852e-13|1|229|663|229[229]:663[663]:435[435]
4256	6984-2631	0	14934	-1	1442062at2759|NKIB01012553_1|-|416|3.359e-118|2|4354|6984|6984[6984]:5071[5071]:1914[1914]|5064[5064]:4354[4354]:711[711]
4261	49786-1983	0	31236	-1	325552at2759|NKIB01012713_1|-|667|9.283e-194|1|47804|49786|49786[49786]:47804[47804]:1983[1983]
4262	54476+971	0	25068	1	457861at2759|NKIB01012745_1|+|283|3.658e-78|2|54476|55446|54476[54476]:55150[55150]:675[675]|55258[55258]:55446[55446]:189[189]
4277	8475+651	0	11767	1	621827at2759|NKIB01013225_1|+|88|1.837e-19|1|8475|9125|8475[8475]:9125[9125]:651[651]
4277	37589+729	0	45932	1	1049599at2759|NKIB01013225_1|+|37|0.0004136|1|37589|38317|37589[37589]:38317[38317]:729[729]
4295	1452-321	0	40337	-1	679187at2759|NKIB01013801_1|-|61|2.465e-11|1|1132|1452|1452[1452]:1132[1132]:321[321]
4312	44151-2749	0	14934	-1	1442062at2759|NKIB01014345_1|-|512|4.24e-147|4|41403|44151|44151[44151]:42079[42079]:2073[2073]|42077[42077]:41997[41997]:81[81]|41987[41987]:41559[41559]:429[429]|41555[41555]:41403[41403]:153[153]
4326	913-438	0	37046	-1	1269244at2759|NKIB01014793_1|-|42|1.292e-05|1|476|913|913[913]:476[476]:438[438]
4334	2151-1797	0	14934	-1	1442062at2759|NKIB01015049_1|-|412|5.374e-117|1|355|2151|2151[2151]:355[355]:1797[1797]
4363	30520+696	0	52334	1	1049599at2759|NKIB01000522_1|+|47|4.039e-07|1|30520|31215|30520[30520]:31215[31215]:696[696]
4419	18967+390	0	11996	1	1312453at2759|NKIB01002314_1|+|53|6.311e-09|1|18967|19356|18967[18967]:19356[19356]:390[390]
4433	854-525	0	40337	-1	679187at2759|NKIB01002762_1|-|78|1.881e-16|1|330|854|854[854]:330[330]:525[525]
4495	4744+813	0	50453	1	956854at2759|NKIB01004746_1|+|41|2.585e-05|1|4744|5556|4744[4744]:5556[5556]:813[813]
4565	5966+1818	0	42444	1	464990at2759|NKIB01006986_1|+|392|5.635e-111|1|5966|7783|5966[5966]:7783[7783]:1818[1818]
4650	9656-540	0	666	-1	1382842at2759|NKIB01009706_1|-|139|8.157e-35|1|9117|9656|9656[9656]:9117[9117]:540[540]
4694	2284-516	0	47200	-1	1014314at2759|NKIB01011114_1|-|65|1.541e-12|1|1769|2284|2284[2284]:1769[1769]:516[516]
4731	7438-636	0	31993	-1	1312453at2759|NKIB01012298_1|-|130|4.176e-32|1|6803|7438|7438[7438]:6803[6803]:636[636]
4733	7143-648	0	31993	-1	1312453at2759|NKIB01012362_1|-|77|3.762e-16|1|6496|7143|7143[7143]:6496[6496]:648[648]
4738	933+246	0	26567	1	142542at2759|NKIB01012522_1|+|48|2.019e-07|1|933|1178|933[933]:1178[1178]:246[246]
4751	4352+417	0	11996	1	1312453at2759|NKIB01012938_1|+|41|2.585e-05|1|4352|4768|4352[4352]:4768[4768]:417[417]
4755	5521+411	0	6541	1	261328at2759|NKIB01013066_1|+|43|6.462e-06|1|5521|5931|5521[5521]:5931[5931]:411[411]
4755	40267+645	0	22510	1	261419at2759|NKIB01013066_1|+|94|2.87e-21|1|40267|40911|40267[40267]:40911[40911]:645[645]
4793	2987-408	0	31993	-1	1312453at2759|NKIB01014282_1|-|53|6.311e-09|1|2580|2987|2987[2987]:2580[2580]:408[408]
4817	2151-1797	0	14934	-1	1442062at2759|NKIB01015050_1|-|413|2.687e-117|1|355|2151|2151[2151]:355[355]:1797[1797]
4831	356-357	0	40337	-1	679187at2759|NKIB01000043_1|-|63|6.163e-12|1|0|356|356[356]:0[0]:357[357]
4841	611+372	0	40559	1	1575179at2759|NKIB01000363_1|+|59|9.861e-11|1|611|982|611[611]:982[982]:372[372]
4842	22885-696	0	3588	-1	1014314at2759|NKIB01000395_1|-|41|2.585e-05|1|22190|22885|22885[22885]:22190[22190]:696[696]
4873	903+426	0	11996	1	1312453at2759|NKIB01001387_1|+|49|1.01e-07|1|903|1328|903[903]:1328[1328]:426[426]
4927	4+429	0	40337	1	679187at2759|NKIB01003115_1|+|90|4.592e-20|1|4|432|4[4]:432[432]:429[429]
4987	7852+1992	0	18973	1	179362at2759|NKIB01005035_1|+|36|0.0008272|1|7852|9843|7852[7852]:9843[9843]:1992[1992]
4987	119+618	0	44584	1	1014314at2759|NKIB01005035_1|+|49|1.01e-07|1|119|736|119[119]:736[736]:618[618]
5031	4+429	0	40337	1	679187at2759|NKIB01006443_1|+|90|4.592e-20|1|4|432|4[4]:432[432]:429[429]
5059	4019-903	0	25610	-1	621827at2759|NKIB01007339_1|-|75|1.505e-15|1|3117|4019|4019[4019]:3117[3117]:903[903]
5161	71128-513	0	11996	-1	1312453at2759|NKIB01010603_1|-|73|6.018e-15|1|70616|71128|71128[71128]:70616[70616]:513[513]
5209	1607-231	0	26567	-1	142542at2759|NKIB01012139_1|-|60|4.93e-11|1|1377|1607|1607[1607]:1377[1377]:231[231]
5214	5324-216	0	22123	-1	142542at2759|NKIB01012299_1|-|68|1.926e-13|1|5109|5324|5324[5324]:5109[5109]:216[216]
5229	953+663	0	31993	1	1312453at2759|NKIB01012779_1|+|71|2.407e-14|1|953|1615|953[953]:1615[1615]:663[663]
5231	828+696	0	32758	1	1014314at2759|NKIB01012843_1|+|72|1.204e-14|1|828|1523|828[828]:1523[1523]:696[696]
5234	5299-619	0	49012	-1	1398309at2759|NKIB01012939_1|-|223|4.217e-60|2|4681|5299|5299[5299]:5252[5252]:48[48]|5154[5154]:4681[4681]:474[474]
5239	24+5343	0	43882	1	142542at2759|NKIB01013099_1|+|749|1.92e-218|4|24|5366|24[24]:1409[1409]:1386[1386]|1467[1470]:3620[3620]:2154[2151]|4076[4076]:4480[4480]:405[405]|4566[4566]:5366[5366]:801[801]
5253	54978-18355	0	6415	-1	1398309at2759|NKIB01013547_1|-|48|2.019e-07|2|36624|54978|54978[54978]:54814[54814]:165[165]|36740[36737]:36624[36624]:117[114]
5253	46014-456	0	11996	-1	1312453at2759|NKIB01013547_1|-|76|7.523e-16|1|45559|46014|46014[46014]:45559[45559]:456[456]
5253	4646-891	0	26779	-1	1014314at2759|NKIB01013547_1|-|237|2.574e-64|1|3756|4646|4646[4646]:3756[3756]:891[891]
5255	33058+1074	0	4138	1	271586at2759|NKIB01013611_1|+|40|5.17e-05|1|33058|34131|33058[33058]:34131[34131]:1074[1074]
5255	53625+360	0	42232	1	1049599at2759|NKIB01013611_1|+|44|3.231e-06|1|53625|53984|53625[53625]:53984[53984]:360[360]
5296	1184+372	0	40559	1	1575179at2759|NKIB01014923_1|+|59|9.861e-11|1|1184|1555|1184[1184]:1555[1555]:372[372]
5339	12511+726	0	36194	1	1312453at2759|NKIB01000844_1|+|56|7.889e-10|1|12511|13236|12511[12511]:13236[13236]:726[726]
5358	4129-198	0	3274	-1	179362at2759|NKIB01001452_1|-|40|5.17e-05|1|3932|4129|4129[4129]:3932[3932]:198[198]
5482	11594+225	0	27899	1	271586at2759|NKIB01005420_1|+|36|0.0008272|1|11594|11818|11594[11594]:11818[11818]:225[225]
5539	7356+750	0	28490	1	1530008at2759|NKIB01007244_1|+|159|7.779e-41|1|7356|8105|7356[7356]:8105[8105]:750[750]
5706	83+507	0	11996	1	1312453at2759|NKIB01012588_1|+|70|4.815e-14|1|83|589|83[83]:589[589]:507[507]
5706	4743+1923	0	31993	1	1312453at2759|NKIB01012588_1|+|120|4.276e-29|2|4743|6665|4743[4743]:5120[5120]:378[378]|6459[6459]:6665[6665]:207[207]
5710	6180-573	0	50182	-1	1312453at2759|NKIB01012716_1|-|61|2.465e-11|1|5608|6180|6180[6180]:5608[5608]:573[573]
5750	2786+699	0	11996	1	1312453at2759|NKIB01013996_1|+|53|6.311e-09|1|2786|3484|2786[2786]:3484[3484]:699[699]
5774	32375+675	0	50453	1	956854at2759|NKIB01014764_1|+|46|8.078e-07|1|32375|33049|32375[32375]:33049[33049]:675[675]
5798	685+990	0	44770	1	1526152at2759|NKIB01000077_1|+|100|4.484e-23|1|685|1674|685[685]:1674[1674]:990[990]
5845	1521-372	0	40559	-1	1575179at2759|NKIB01001581_1|-|59|9.861e-11|1|1150|1521|1521[1521]:1150[1150]:372[372]
5864	686-417	0	40337	-1	679187at2759|NKIB01002189_1|-|81|2.351e-17|1|270|686|686[686]:270[270]:417[417]
5912	15167-519	0	27587	-1	142542at2759|NKIB01003725_1|-|58|1.972e-10|1|14649|15167|15167[15167]:14649[14649]:519[519]
5912	5305+912	0	36343	1	621827at2759|NKIB01003725_1|+|37|0.0004136|1|5305|6216|5305[5305]:6216[6216]:912[912]
5936	9461+681	0	33467	1	621827at2759|NKIB01004493_1|+|44|3.231e-06|1|9461|10141|9461[9461]:10141[10141]:681[681]
5999	7778-369	0	40337	-1	679187at2759|NKIB01006509_1|-|65|1.541e-12|1|7410|7778|7778[7778]:7410[7410]:369[369]
6021	1052+486	0	15113	1	621827at2759|NKIB01007213_1|+|74|3.009e-15|1|1052|1537|1052[1052]:1537[1537]:486[486]
6061	7887-405	0	11996	-1	1312453at2759|NKIB01008493_1|-|43|6.462e-06|1|7483|7887|7887[7887]:7483[7483]:405[405]
6061	11138-438	0	40337	-1	679187at2759|NKIB01008493_1|-|73|6.018e-15|1|10701|11138|11138[11138]:10701[10701]:438[438]
6081	1960+501	0	7005	1	911863at2759|NKIB01009133_1|+|55|1.578e-09|1|1960|2460|1960[1960]:2460[2460]:501[501]
6143	5155+507	0	49321	1	621827at2759|NKIB01011117_1|+|43|6.462e-06|1|5155|5661|5155[5155]:5661[5661]:507[507]
6152	4403-429	0	11996	-1	1312453at2759|NKIB01011405_1|-|50|5.049e-08|1|3975|4403|4403[4403]:3975[3975]:429[429]
6190	5840-417	0	40337	-1	679187at2759|NKIB01012621_1|-|89|9.183e-20|1|5424|5840|5840[5840]:5424[5424]:417[417]
6201	827+429	0	40337	1	679187at2759|NKIB01012973_1|+|90|4.592e-20|1|827|1255|827[827]:1255[1255]:429[429]
6209	234+417	0	40337	1	679187at2759|NKIB01013229_1|+|81|2.351e-17|1|234|650|234[234]:650[650]:417[417]
6236	43707-579	0	11996	-1	1312453at2759|NKIB01014093_1|-|64|3.081e-12|1|43129|43707|43707[43707]:43129[43129]:579[579]
6236	19621-729	0	37905	-1	1049599at2759|NKIB01014093_1|-|41|2.585e-05|1|18893|19621|19621[19621]:18893[18893]:729[729]
6236	21652+303	0	45179	1	341721at2759|NKIB01014093_1|+|48|2.019e-07|1|21652|21954|21652[21652]:21954[21954]:303[303]
6237	6580-804	0	7228	-1	621827at2759|NKIB01014125_1|-|150|3.983e-38|1|5777|6580|6580[6580]:5777[5777]:804[804]
6237	42269-1752	0	27813	-1	383503at2759|NKIB01014125_1|-|443|2.503e-126|1|40518|42269|42269[42269]:40518[40518]:1752[1752]
6249	2072+420	0	40337	1	679187at2759|NKIB01014509_1|+|74|3.009e-15|2|2072|2491|2072[2072]:2281[2281]:210[210]|2348[2348]:2491[2491]:144[144]
6269	29455+264	0	1864	1	142542at2759|NKIB01015149_1|+|39|0.0001034|1|29455|29718|29455[29455]:29718[29718]:264[264]
6269	11131-1098	0	43574	-1	331411at2759|NKIB01015149_1|-|269|5.992e-74|1|10034|11131|11131[11131]:10034[10034]:1098[1098]
6308	4+429	0	40337	1	679187at2759|NKIB01000974_1|+|90|4.592e-20|1|4|432|4[4]:432[432]:429[429]
6356	28+429	0	40337	1	679187at2759|NKIB01002510_1|+|82|1.175e-17|1|28|456|28[28]:456[456]:429[429]
6361	164+696	0	52334	1	1049599at2759|NKIB01002670_1|+|47|4.039e-07|1|164|859|164[164]:859[859]:696[696]
6368	926+372	0	40559	1	1575179at2759|NKIB01002894_1|+|59|9.861e-11|1|926|1297|926[926]:1297[1297]:372[372]
6374	8785-4974	0	50045	-1	179362at2759|NKIB01003086_1|-|662|2.97e-192|7|3812|8785|8785[8785]:8663[8663]:123[123]|8542[8539]:7238[7238]:1305[1302]|6986[6986]:6258[6258]:729[729]|6180[6180]:5560[5560]:621[621]|4725[4725]:4525[4525]:201[201]|4351[4351]:4163[4163]:189[189]|4072[4066]:3812[3812]:261[255]
6390	4671+5551	0	40462	1	142542at2759|NKIB01003598_1|+|1849|0|3|4671|10221|4671[4671]:6782[6782]:2112[2112]|6839[6839]:9454[9454]:2616[2616]|9532[9532]:10221[10221]:690[690]
6399	7911-972	0	2121	-1	911863at2759|NKIB01003886_1|-|46|8.078e-07|1|6940|7911|7911[7911]:6940[6940]:972[972]
6402	4365-1822	0	37173	-1	341721at2759|NKIB01003982_1|-|428|8.2e-122|2|2544|4365|4365[4365]:3649[3649]:717[717]|3200[3200]:2544[2544]:657[657]
6427	807-435	0	40337	-1	679187at2759|NKIB01004782_1|-|67|3.852e-13|1|373|807|807[807]:373[373]:435[435]
6476	2496+453	0	1441	1	261328at2759|NKIB01006350_1|+|57|3.944e-10|1|2496|2948|2496[2496]:2948[2948]:453[453]
6538	3888-432	0	49057	-1	1563319at2759|NKIB01008334_1|-|76|7.523e-16|1|3457|3888|3888[3888]:3457[3457]:432[432]
6576	1476-594	0	40337	-1	679187at2759|NKIB01009550_1|-|77|3.762e-16|1|883|1476|1476[1476]:883[883]:594[594]
6662	887-423	0	11996	-1	1312453at2759|NKIB01012302_1|-|40|5.17e-05|1|465|887|887[887]:465[465]:423[423]
6667	7363-294	0	16411	-1	1312453at2759|NKIB01012462_1|-|44|3.231e-06|1|7070|7363|7363[7363]:7070[7070]:294[294]
6680	31229+309	0	17322	1	1312453at2759|NKIB01012878_1|+|39|0.0001034|1|31229|31537|31229[31229]:31537[31537]:309[309]
6688	4048-267	0	27899	-1	271586at2759|NKIB01013134_1|-|38|0.0002068|1|3782|4048|4048[4048]:3782[3782]:267[267]
6690	1491+399	0	3576	1	142542at2759|NKIB01013198_1|+|49|1.01e-07|1|1491|1889|1491[1491]:1889[1889]:399[399]
6694	230+438	0	40337	1	679187at2759|NKIB01013326_1|+|64|3.081e-12|1|230|667|230[230]:667[667]:438[438]
6695	49492+339	0	9687	1	261419at2759|NKIB01013358_1|+|87|3.673e-19|1|49492|49830|49492[49492]:49830[49830]:339[339]
6697	440+1089	0	47418	1	325552at2759|NKIB01013422_1|+|48|2.019e-07|1|440|1528|440[440]:1528[1528]:1089[1089]
6707	3326-1836	0	28367	-1	331411at2759|NKIB01013742_1|-|220|3.373e-59|1|1491|3326|3326[3326]:1491[1491]:1836[1836]
6773	2095-429	0	40337	-1	679187at2759|NKIB01000431_1|-|90|4.592e-20|1|1667|2095|2095[2095]:1667[1667]:429[429]
6774	107+1974	0	14934	1	1442062at2759|NKIB01000463_1|+|266|4.794e-73|1|107|2080|107[107]:2080[2080]:1974[1974]
6780	1136-417	0	40337	-1	679187at2759|NKIB01000655_1|-|81|2.351e-17|1|720|1136|1136[1136]:720[720]:417[417]
6789	7022+282	0	40337	1	679187at2759|NKIB01000943_1|+|51|2.524e-08|1|7022|7303|7022[7022]:7303[7303]:282[282]
6798	11706-285	0	12137	-1	621827at2759|NKIB01001231_1|-|96|7.175e-22|1|11422|11706|11706[11706]:11422[11422]:285[285]
6798	20476+462	0	53448	1	464990at2759|NKIB01001231_1|+|71|2.407e-14|1|20476|20937|20476[20476]:20937[20937]:462[462]
6822	1185+357	0	40337	1	679187at2759|NKIB01001999_1|+|62|1.233e-11|1|1185|1541|1185[1185]:1541[1541]:357[357]
6825	4+429	0	40337	1	679187at2759|NKIB01002095_1|+|90|4.592e-20|1|4|432|4[4]:432[432]:429[429]
6831	17117+399	0	3576	1	142542at2759|NKIB01002287_1|+|49|1.01e-07|1|17117|17515|17117[17117]:17515[17515]:399[399]
6832	22779+348	0	16411	1	1312453at2759|NKIB01002319_1|+|54|3.155e-09|1|22779|23126|22779[22779]:23126[23126]:348[348]
6836	1017+372	0	40559	1	1575179at2759|NKIB01002447_1|+|59|9.861e-11|1|1017|1388|1017[1017]:1388[1388]:372[372]
6837	4796-995	0	33367	-1	1014314at2759|NKIB01002479_1|-|273|3.745e-75|2|3802|4796|4796[4796]:4122[4122]:675[675]|4017[4017]:3802[3802]:216[216]
6891	15069+486	0	11996	1	1312453at2759|NKIB01004207_1|+|119|8.553e-29|1|15069|15554|15069[15069]:15554[15554]:486[486]
6891	7845-360	0	11996	-1	1312453at2759|NKIB01004207_1|-|38|0.0002068|1|7486|7845|7845[7845]:7486[7486]:360[360]
6891	5041+471	0	27587	1	142542at2759|NKIB01004207_1|+|44|3.231e-06|1|5041|5511|5041[5041]:5511[5511]:471[471]
6898	1705+3648	0	32709	1	1563319at2759|NKIB01004431_1|+|44|3.231e-06|2|1705|5352|1705[1705]:2064[2064]:360[360]|5287[5287]:5352[5352]:66[66]
6906	623-354	0	40337	-1	679187at2759|NKIB01004687_1|-|78|1.881e-16|1|270|623|623[623]:270[270]:354[354]
6916	410-405	0	11996	-1	1312453at2759|NKIB01005007_1|-|52|1.262e-08|1|6|410|410[410]:6[6]:405[405]
7014	12+633	0	16513	1	1309031at2759|NKIB01008143_1|+|197|2.83e-52|1|12|644|12[12]:644[644]:633[633]
7116	2610+945	0	53852	1	179362at2759|NKIB01011407_1|+|53|6.311e-09|1|2610|3554|2610[2610]:3554[3554]:945[945]
7154	3510+312	0	34983	1	1407446at2759|NKIB01012623_1|+|39|0.0001034|1|3510|3821|3510[3510]:3821[3821]:312[312]
7156	830+369	0	27587	1	142542at2759|NKIB01012687_1|+|43|6.462e-06|1|830|1198|830[830]:1198[1198]:369[369]
7171	4396-417	0	11996	-1	1312453at2759|NKIB01013167_1|-|44|3.231e-06|1|3980|4396|4396[4396]:3980[3980]:417[417]
7210	1590-990	0	44770	-1	1526152at2759|NKIB01014415_1|-|100|4.484e-23|1|601|1590|1590[1590]:601[601]:990[990]
7246	24736+444	0	16411	1	1312453at2759|NKIB01000144_1|+|68|1.926e-13|1|24736|25179|24736[24736]:25179[25179]:444[444]
7274	14940-267	0	49469	-1	1041560at2759|NKIB01001040_1|-|36|0.0008272|1|14674|14940|14940[14940]:14674[14674]:267[267]
7312	389+561	0	12692	1	956854at2759|NKIB01002256_1|+|38|0.0002068|1|389|949|389[389]:949[949]:561[561]
7318	419-372	0	40559	-1	1575179at2759|NKIB01002448_1|-|59|9.861e-11|1|48|419|419[419]:48[48]:372[372]
7330	499-384	0	40337	-1	679187at2759|NKIB01002832_1|-|66|7.704e-13|1|116|499|499[499]:116[116]:384[384]
7340	19800-441	0	31993	-1	1312453at2759|NKIB01003152_1|-|56|7.889e-10|1|19360|19800|19800[19800]:19360[19360]:441[441]
7340	11706+398	0	40337	1	679187at2759|NKIB01003152_1|+|54|3.155e-09|2|11706|12103|11706[11706]:11885[11885]:180[180]|11993[11993]:12103[12103]:111[111]
7380	14102-393	0	19723	-1	142542at2759|NKIB01004432_1|-|73|6.018e-15|1|13710|14102|14102[14102]:13710[13710]:393[393]
7398	410-405	0	11996	-1	1312453at2759|NKIB01005008_1|-|51|2.524e-08|1|6|410|410[410]:6[6]:405[405]
7526	650-321	0	40337	-1	679187at2759|NKIB01009104_1|-|51|2.524e-08|1|330|650|650[650]:330[330]:321[321]
7608	26942+579	0	27587	1	142542at2759|NKIB01011728_1|+|44|3.231e-06|1|26942|27520|26942[26942]:27520[27520]:579[579]
7623	75336+708	0	20286	1	1312453at2759|NKIB01012208_1|+|254|1.964e-69|1|75336|76043|75336[75336]:76043[76043]:708[708]
7660	19013+1548	0	14365	1	341721at2759|NKIB01013392_1|+|49|1.01e-07|1|19013|20560|19013[19013]:20560[20560]:1548[1548]
7678	1872-987	0	10259	-1	1049599at2759|NKIB01013968_1|-|74|3.009e-15|1|886|1872|1872[1872]:886[886]:987[987]
7679	1597+3288	0	11466	1	621827at2759|NKIB01014000_1|+|70|4.815e-14|1|1597|4884|1597[1597]:4884[4884]:3288[3288]
7679	1774+1281	0	24979	1	325552at2759|NKIB01014000_1|+|49|1.01e-07|1|1774|3054|1774[1774]:3054[3054]:1281[1281]
7679	2269+780	0	40071	1	1049599at2759|NKIB01014000_1|+|40|5.17e-05|1|2269|3048|2269[2269]:3048[3048]:780[780]
7679	11363-990	0	44770	-1	1526152at2759|NKIB01014000_1|-|94|2.87e-21|1|10374|11363|11363[11363]:10374[10374]:990[990]
7684	2977-582	0	40337	-1	679187at2759|NKIB01014160_1|-|59|9.861e-11|1|2396|2977|2977[2977]:2396[2396]:582[582]
7693	35576-4873	0	1115	-1	1312453at2759|NKIB01014448_1|-|1164|0|2|30704|35576|35576[35576]:32523[32523]:3054[3054]|32284[32284]:30704[30704]:1581[1581]
7693	32035-1329	0	20067	-1	1312453at2759|NKIB01014448_1|-|315|8.516e-88|1|30707|32035|32035[32035]:30707[30707]:1329[1329]
7708	2267+1995	0	43496	1	331411at2759|NKIB01014928_1|+|606|2.14e-175|1|2267|4261|2267[2267]:4261[4261]:1995[1995]
7718	1803-1797	0	14934	-1	1442062at2759|NKIB01015248_1|-|243|4.021e-66|1|7|1803|1803[1803]:7[7]:1797[1797]
7722	1226+417	0	40337	1	679187at2759|NKIB01015376_1|+|81|2.351e-17|1|1226|1642|1226[1226]:1642[1642]:417[417]
7728	1891-435	0	40337	-1	679187at2759|NKIB01000145_1|-|61|2.465e-11|1|1457|1891|1891[1891]:1457[1457]:435[435]
7731	25946+417	0	40337	1	679187at2759|NKIB01000241_1|+|74|3.009e-15|1|25946|26362|25946[25946]:26362[26362]:417[417]
7744	1136-417	0	40337	-1	679187at2759|NKIB01000657_1|-|81|2.351e-17|1|720|1136|1136[1136]:720[720]:417[417]
7750	22868-2478	0	14934	-1	1442062at2759|NKIB01000849_1|-|453|2.444e-129|1|20391|22868|22868[22868]:20391[20391]:2478[2478]
7794	13169+477	0	11996	1	1312453at2759|NKIB01002257_1|+|49|1.01e-07|1|13169|13645|13169[13169]:13645[13645]:477[477]
7803	229+435	0	40337	1	679187at2759|NKIB01002545_1|+|70|4.815e-14|1|229|663|229[229]:663[663]:435[435]
7810	8022-844	0	22510	-1	261419at2759|NKIB01002769_1|-|218|1.349e-58|2|7179|8022|8022[8022]:7825[7825]:198[198]|7676[7664]:7179[7179]:498[486]
7831	5870+744	0	48900	1	1014314at2759|NKIB01003441_1|+|102|1.121e-23|1|5870|6613|5870[5870]:6613[6613]:744[744]
7860	5755-429	0	40237	-1	1434266at2759|NKIB01004369_1|-|38|0.0002068|1|5327|5755|5755[5755]:5327[5327]:429[429]
7971	698-429	0	40337	-1	679187at2759|NKIB01007921_1|-|81|2.351e-17|1|270|698|698[698]:270[270]:429[429]
8085	7892-246	0	4705	-1	1014314at2759|NKIB01011569_1|-|37|0.0004136|1|7647|7892|7892[7892]:7647[7647]:246[246]
8103	2700+1011	0	36449	1	325552at2759|NKIB01012145_1|+|56|7.889e-10|1|2700|3710|2700[2700]:3710[3710]:1011[1011]
8130	32711-567	0	10888	-1	1563319at2759|NKIB01013009_1|-|77|3.762e-16|1|32145|32711|32711[32711]:32145[32145]:567[567]
8130	42721-507	0	49012	-1	1398309at2759|NKIB01013009_1|-|122|1.069e-29|1|42215|42721|42721[42721]:42215[42215]:507[507]
8132	27580+508	0	8688	1	1364586at2759|NKIB01013073_1|+|58|1.972e-10|2|27580|28087|27580[27580]:27654[27654]:75[75]|27800[27800]:28087[28087]:288[288]
8132	17044-615	0	31993	-1	1312453at2759|NKIB01013073_1|-|94|2.87e-21|1|16430|17044|17044[17044]:16430[16430]:615[615]
8172	2606-681	0	31993	-1	1312453at2759|NKIB01014353_1|-|88|1.837e-19|1|1926|2606|2606[2606]:1926[1926]:681[681]
8189	8759+1602	0	53852	1	179362at2759|NKIB01014897_1|+|80|4.702e-17|1|8759|10360|8759[8759]:10360[10360]:1602[1602]
8191	35548+663	0	41869	1	1014314at2759|NKIB01014961_1|+|73|6.018e-15|1|35548|36210|35548[35548]:36210[36210]:663[663]
8197	7242-303	0	16411	-1	1312453at2759|NKIB01015153_1|-|41|2.585e-05|1|6940|7242|7242[7242]:6940[6940]:303[303]
8205	2296+429	0	11996	1	1312453at2759|NKIB01015409_1|+|64|3.081e-12|1|2296|2724|2296[2296]:2724[2724]:429[429]
8228	19560+915	0	3606	1	325552at2759|NKIB01000722_1|+|48|2.019e-07|1|19560|20474|19560[19560]:20474[20474]:915[915]
8242	1202+372	0	40559	1	1575179at2759|NKIB01001170_1|+|59|9.861e-11|1|1202|1573|1202[1202]:1573[1573]:372[372]
8253	1310-417	0	11996	-1	1312453at2759|NKIB01001522_1|-|48|2.019e-07|1|894|1310|1310[1310]:894[894]:417[417]
8265	1116-372	0	40559	-1	1575179at2759|NKIB01001906_1|-|59|9.861e-11|1|745|1116|1116[1116]:745[745]:372[372]
8273	1502-1418	0	14933	-1	1309031at2759|NKIB01002162_1|-|410|2.15e-116|2|85|1502|1502[1502]:327[327]:1176[1176]|264[255]:85[85]:180[171]
8292	1369-429	0	40337	-1	679187at2759|NKIB01002770_1|-|90|4.592e-20|1|941|1369|1369[1369]:941[941]:429[429]
8331	733+372	0	40559	1	1575179at2759|NKIB01004018_1|+|59|9.861e-11|1|733|1104|733[733]:1104[1104]:372[372]
8348	4837-546	0	7486	-1	1014314at2759|NKIB01004562_1|-|49|1.01e-07|1|4292|4837|4837[4837]:4292[4292]:546[546]
8522	3713-621	0	31993	-1	1312453at2759|NKIB01010130_1|-|99|8.968e-23|1|3093|3713|3713[3713]:3093[3093]:621[621]
8539	8110+1302	0	27814	1	1269244at2759|NKIB01010674_1|+|197|2.83e-52|3|8110|9411|8110[8110]:8373[8373]:264[264]|8488[8500]:8691[8691]:204[192]|9070[9070]:9411[9411]:342[342]
8559	7260-945	0	50453	-1	956854at2759|NKIB01011314_1|-|45|1.616e-06|1|6316|7260|7260[7260]:6316[6316]:945[945]
8616	35844+699	0	26976	1	1014314at2759|NKIB01013138_1|+|48|2.019e-07|1|35844|36542|35844[35844]:36542[36542]:699[699]
8618	1603-435	0	40337	-1	679187at2759|NKIB01013202_1|-|69|9.63e-14|1|1169|1603|1603[1603]:1169[1169]:435[435]
8624	582+675	0	31993	1	1312453at2759|NKIB01013394_1|+|79|9.404e-17|1|582|1256|582[582]:1256[1256]:675[675]
8662	1590-990	0	44770	-1	1526152at2759|NKIB01014610_1|-|100|4.484e-23|1|601|1590|1590[1590]:601[601]:990[990]
8677	107+2478	0	14934	1	1442062at2759|NKIB01015090_1|+|401|1.101e-113|1|107|2584|107[107]:2584[2584]:2478[2478]
8689	3416+342	0	40337	1	679187at2759|NKIB01000051_1|+|36|0.0008272|1|3416|3757|3416[3416]:3757[3757]:342[342]
8728	4+429	0	40337	1	679187at2759|NKIB01001299_1|+|90|4.592e-20|1|4|432|4[4]:432[432]:429[429]
8735	1271-315	0	16411	-1	1312453at2759|NKIB01001523_1|-|49|1.01e-07|1|957|1271|1271[1271]:957[957]:315[315]
8743	1184+372	0	40559	1	1575179at2759|NKIB01001779_1|+|60|4.93e-11|1|1184|1555|1184[1184]:1555[1555]:372[372]
8744	952+420	0	40337	1	679187at2759|NKIB01001811_1|+|74|3.009e-15|1|952|1371|952[952]:1371[1371]:420[420]
8776	21161-366	0	44515	-1	1129824at2759|NKIB01002835_1|-|42|1.292e-05|1|20796|21161|21161[21161]:20796[20796]:366[366]
8813	733+372	0	40559	1	1575179at2759|NKIB01004019_1|+|59|9.861e-11|1|733|1104|733[733]:1104[1104]:372[372]
8822	6689+721	0	11996	1	1312453at2759|NKIB01004307_1|+|82|1.175e-17|2|6689|7409|6689[6689]:7039[7039]:351[351]|7314[7314]:7409[7409]:96[96]
8868	915-582	0	40337	-1	679187at2759|NKIB01005779_1|-|80|4.702e-17|1|334|915|915[915]:334[334]:582[582]
8882	7717-729	0	31993	-1	1312453at2759|NKIB01006227_1|-|104|2.803e-24|1|6989|7717|7717[7717]:6989[6989]:729[729]
8914	377+387	0	40337	1	679187at2759|NKIB01007251_1|+|68|1.926e-13|1|377|763|377[377]:763[763]:387[387]
8942	575-306	0	40337	-1	679187at2759|NKIB01008147_1|-|69|9.63e-14|1|270|575|575[575]:270[270]:306[306]
8992	5306+1098	0	53852	1	179362at2759|NKIB01009747_1|+|67|3.852e-13|1|5306|6403|5306[5306]:6403[6403]:1098[1098]
9000	2312-765	0	31993	-1	1312453at2759|NKIB01010003_1|-|118|1.711e-28|2|1548|2312|2312[2312]:1824[1824]:489[489]|1673[1673]:1548[1548]:126[126]
9004	9096-540	0	666	-1	1382842at2759|NKIB01010131_1|-|139|8.157e-35|1|8557|9096|9096[9096]:8557[8557]:540[540]
9030	63697-246	0	26191	-1	325552at2759|NKIB01010963_1|-|42|1.292e-05|1|63452|63697|63697[63697]:63452[63452]:246[246]
9089	15719-1021	0	9670	-1	923657at2759|NKIB01012851_1|-|171|1.899e-44|3|14699|15719|15719[15719]:15369[15369]:351[351]|15227[15224]:15129[15129]:99[96]|14986[14986]:14699[14699]:288[288]
9089	60816+534	0	31993	1	1312453at2759|NKIB01012851_1|+|44|3.231e-06|1|60816|61349|60816[60816]:61349[61349]:534[534]
9090	24860+678	0	7304	1	325552at2759|NKIB01012883_1|+|50|5.049e-08|1|24860|25537|24860[24860]:25537[25537]:678[678]
9094	1380-192	0	8362	-1	1014314at2759|NKIB01013011_1|-|38|0.0002068|1|1189|1380|1380[1380]:1189[1189]:192[192]
9094	4329-297	0	40337	-1	679187at2759|NKIB01013011_1|-|53|6.311e-09|1|4033|4329|4329[4329]:4033[4033]:297[297]
9096	3243+654	0	31993	1	1312453at2759|NKIB01013075_1|+|127|3.341e-31|1|3243|3896|3243[3243]:3896[3896]:654[654]
9100	3105-189	0	8362	-1	1014314at2759|NKIB01013203_1|-|36|0.0008272|1|2917|3105|3105[3105]:2917[2917]:189[189]
9102	570+300	0	40337	1	679187at2759|NKIB01013267_1|+|72|1.204e-14|1|570|869|570[570]:869[869]:300[300]
9142	40274-582	0	40337	-1	679187at2759|NKIB01014547_1|-|93|5.74e-21|1|39693|40274|40274[40274]:39693[39693]:582[582]
9144	1399+432	0	40337	1	679187at2759|NKIB01014611_1|+|68|1.926e-13|1|1399|1830|1399[1399]:1830[1830]:432[432]
9155	1025-630	0	40337	-1	679187at2759|NKIB01014963_1|-|76|7.523e-16|1|396|1025|1025[1025]:396[396]:630[630]
9166	10057-201	0	21778	-1	887370at2759|NKIB01015315_1|-|62|1.233e-11|1|9857|10057|10057[10057]:9857[9857]:201[201]
9181	194+468	0	40337	1	679187at2759|NKIB01000372_1|+|66|7.704e-13|1|194|661|194[194]:661[661]:468[468]
9225	419-372	0	40559	-1	1575179at2759|NKIB01001780_1|-|59|9.861e-11|1|48|419|419[419]:48[48]:372[372]
9247	1108-630	0	40337	-1	679187at2759|NKIB01002484_1|-|83|5.877e-18|1|479|1108|1108[1108]:479[479]:630[630]
9285	7112+1080	0	50453	1	956854at2759|NKIB01003700_1|+|42|1.292e-05|1|7112|8191|7112[7112]:8191[8191]:1080[1080]
9295	419-372	0	40559	-1	1575179at2759|NKIB01004020_1|-|59|9.861e-11|1|48|419|419[419]:48[48]:372[372]
9474	1426-480	0	40337	-1	679187at2759|NKIB01009748_1|-|77|3.762e-16|1|947|1426|1426[1426]:947[947]:480[480]
9550	25247-750	0	28571	-1	1312453at2759|NKIB01012180_1|-|51|2.524e-08|1|24498|25247|25247[25247]:24498[24498]:750[750]
9557	3169-1133	0	51524	-1	1428265at2759|NKIB01012404_1|-|219|6.747e-59|2|2037|3169|3169[3169]:2798[2798]:372[372]|2651[2651]:2037[2037]:615[615]
9575	231+570	0	50852	1	1530008at2759|NKIB01012980_1|+|183|4.636e-48|1|231|800|231[231]:800[800]:570[570]
9612	32460-765	0	23974	-1	331411at2759|NKIB01014164_1|-|41|2.585e-05|1|31696|32460|32460[32460]:31696[31696]:765[765]
9653	488+1797	0	14934	1	1442062at2759|NKIB01000053_1|+|241|1.609e-65|1|488|2284|488[488]:2284[2284]:1797[1797]
9657	1144+197	0	21778	1	887370at2759|NKIB01000181_1|+|64|3.081e-12|2|1144|1340|1144[1144]:1221[1221]:78[78]|1230[1230]:1340[1340]:111[111]
9673	17571+1116	0	7558	1	1049599at2759|NKIB01000693_1|+|154|2.489e-39|1|17571|18686|17571[17571]:18686[18686]:1116[1116]
9685	17387+765	0	39586	1	1049599at2759|NKIB01001077_1|+|94|2.87e-21|1|17387|18151|17387[17387]:18151[18151]:765[765]
9707	419-372	0	40559	-1	1575179at2759|NKIB01001781_1|-|59|9.861e-11|1|48|419|419[419]:48[48]:372[372]
9715	1528-429	0	40337	-1	679187at2759|NKIB01002037_1|-|90|4.592e-20|1|1100|1528|1528[1528]:1100[1100]:429[429]
9753	11886+489	0	34831	1	1129824at2759|NKIB01003253_1|+|53|6.311e-09|1|11886|12374|11886[11886]:12374[12374]:489[489]
9777	419-372	0	40559	-1	1575179at2759|NKIB01004021_1|-|59|9.861e-11|1|48|419|419[419]:48[48]:372[372]
9821	5327-726	0	45082	-1	911863at2759|NKIB01005429_1|-|39|0.0001034|1|4602|5327|5327[5327]:4602[4602]:726[726]
9906	3659-480	0	29773	-1	1014314at2759|NKIB01008149_1|-|41|2.585e-05|1|3180|3659|3659[3659]:3180[3180]:480[480]
9938	5750+390	0	40337	1	679187at2759|NKIB01009173_1|+|58|1.972e-10|1|5750|6139|5750[5750]:6139[6139]:390[390]
9960	63552+1803	0	39614	1	271586at2759|NKIB01009877_1|+|85|1.469e-18|1|63552|65354|63552[63552]:65354[65354]:1803[1803]
9962	9689-432	0	27899	-1	271586at2759|NKIB01009941_1|-|38|0.0002068|1|9258|9689|9689[9689]:9258[9258]:432[432]
9994	8498-363	0	40337	-1	679187at2759|NKIB01010965_1|-|75|1.505e-15|1|8136|8498|8498[8498]:8136[8136]:363[363]
10036	1696-654	0	49250	-1	450058at2759|NKIB01012309_1|-|46|8.078e-07|1|1043|1696|1696[1696]:1043[1043]:654[654]
10060	2746-774	0	5340	-1	1049599at2759|NKIB01013077_1|-|40|5.17e-05|1|1973|2746|2746[2746]:1973[1973]:774[774]
10062	803+612	0	11996	1	1312453at2759|NKIB01013141_1|+|50|5.049e-08|1|803|1414|803[803]:1414[1414]:612[612]
10070	30749+552	0	31993	1	1312453at2759|NKIB01013397_1|+|62|1.233e-11|1|30749|31300|30749[30749]:31300[31300]:552[552]
10084	23345+471	0	11996	1	1312453at2759|NKIB01013845_1|+|67|3.852e-13|1|23345|23815|23345[23345]:23815[23815]:471[471]
10084	35672-10920	0	27852	-1	1251252at2759|NKIB01013845_1|-|47|4.039e-07|2|24753|35672|35672[35672]:35526[35526]:147[147]|24809[24809]:24753[24753]:57[57]
10084	20814+537	0	31993	1	1312453at2759|NKIB01013845_1|+|88|1.837e-19|1|20814|21350|20814[20814]:21350[21350]:537[537]
10113	1122-372	0	40559	-1	1575179at2759|NKIB01014773_1|-|59|9.861e-11|1|751|1122|1122[1122]:751[751]:372[372]
10161	101+1797	0	14934	1	1442062at2759|NKIB01000886_1|+|241|1.609e-65|1|101|1897|101[101]:1897[1897]:1797[1797]
10183	12202+837	0	37140	1	1014314at2759|NKIB01001590_1|+|64|3.081e-12|1|12202|13038|12202[12202]:13038[13038]:837[837]
10183	4345+534	0	40337	1	679187at2759|NKIB01001590_1|+|99|8.968e-23|1|4345|4878|4345[4345]:4878[4878]:534[534]
10204	1853-498	0	11996	-1	1312453at2759|NKIB01002262_1|-|50|5.049e-08|1|1356|1853|1853[1853]:1356[1356]:498[498]
10204	2355-408	0	31993	-1	1312453at2759|NKIB01002262_1|-|54|3.155e-09|1|1948|2355|2355[2355]:1948[1948]:408[408]
10242	12100-522	0	31993	-1	1312453at2759|NKIB01003478_1|-|76|7.523e-16|1|11579|12100|12100[12100]:11579[11579]:522[522]
10259	419-372	0	40559	-1	1575179at2759|NKIB01004022_1|-|59|9.861e-11|1|48|419|419[419]:48[48]:372[372]
10285	3134+426	0	11996	1	1312453at2759|NKIB01004854_1|+|49|1.01e-07|1|3134|3559|3134[3134]:3559[3559]:426[426]
10314	7906-1836	0	28367	-1	331411at2759|NKIB01005782_1|-|220|3.373e-59|1|6071|7906|7906[7906]:6071[6071]:1836[1836]
10348	2211+642	0	31993	1	1312453at2759|NKIB01006870_1|+|75|1.505e-15|1|2211|2852|2211[2211]:2852[2852]:642[642]
10358	3794+177	0	22123	1	142542at2759|NKIB01007190_1|+|42|1.292e-05|1|3794|3970|3794[3794]:3970[3970]:177[177]
10360	8704+594	0	40337	1	679187at2759|NKIB01007254_1|+|76|7.523e-16|2|8704|9297|8704[8704]:9087[9087]:384[384]|9166[9166]:9297[9297]:132[132]
10425	623-554	0	31993	-1	1312453at2759|NKIB01009334_1|-|95|1.435e-21|2|70|623|623[623]:297[297]:327[327]|174[174]:70[70]:105[105]
10441	2649+438	0	11996	1	1312453at2759|NKIB01009846_1|+|47|4.039e-07|1|2649|3086|2649[2649]:3086[3086]:438[438]
10526	62174-543	0	11996	-1	1312453at2759|NKIB01012566_1|-|64|3.081e-12|1|61632|62174|62174[62174]:61632[61632]:543[543]
10529	6066-765	0	48899	-1	261328at2759|NKIB01012662_1|-|76|7.523e-16|1|5302|6066|6066[6066]:5302[5302]:765[765]
10558	11560-546	0	31993	-1	1312453at2759|NKIB01013590_1|-|57|3.944e-10|1|11015|11560|11560[11560]:11015[11015]:546[546]
10562	43939-375	0	11996	-1	1312453at2759|NKIB01013718_1|-|61|2.465e-11|1|43565|43939|43939[43939]:43565[43565]:375[375]
10580	1848-900	0	36931	-1	325552at2759|NKIB01014294_1|-|107|3.503e-25|1|949|1848|1848[1848]:949[949]:900[900]
10581	44484-435	0	40337	-1	679187at2759|NKIB01014326_1|-|70|4.815e-14|1|44050|44484|44484[44484]:44050[44050]:435[435]
10585	812+2262	0	14934	1	1442062at2759|NKIB01014454_1|+|259|6.136e-71|1|812|3073|812[812]:3073[3073]:2262[2262]
10602	1128+372	0	40559	1	1575179at2759|NKIB01014998_1|+|57|3.944e-10|1|1128|1499|1128[1128]:1499[1499]:372[372]
10617	703+990	0	44770	1	1526152at2759|NKIB01000055_1|+|97|3.587e-22|1|703|1692|703[703]:1692[1692]:990[990]
10654	8453-936	0	24270	-1	1014314at2759|NKIB01001239_1|-|66|7.704e-13|1|7518|8453|8453[8453]:7518[7518]:936[936]
10654	27573+429	0	40337	1	679187at2759|NKIB01001239_1|+|89|9.183e-20|1|27573|28001|27573[27573]:28001[28001]:429[429]
10654	9398-204	0	42232	-1	1049599at2759|NKIB01001239_1|-|55|1.578e-09|1|9195|9398|9398[9398]:9195[9195]:204[204]
10661	5908+504	0	31993	1	1312453at2759|NKIB01001463_1|+|48|2.019e-07|1|5908|6411|5908[5908]:6411[6411]:504[504]
10661	23526-912	0	32806	-1	325552at2759|NKIB01001463_1|-|56|7.889e-10|1|22615|23526|23526[23526]:22615[22615]:912[912]
10662	13179+468	0	31993	1	1312453at2759|NKIB01001495_1|+|57|3.944e-10|1|13179|13646|13179[13179]:13646[13646]:468[468]
10662	4924+1119	0	41213	1	325552at2759|NKIB01001495_1|+|71|2.407e-14|1|4924|6042|4924[4924]:6042[6042]:1119[1119]
10684	20594+411	0	31993	1	1312453at2759|NKIB01002199_1|+|56|7.889e-10|1|20594|21004|20594[20594]:21004[21004]:411[411]
10696	5212-891	0	16637	-1	1364586at2759|NKIB01002583_1|-|120|4.276e-29|1|4322|5212|5212[5212]:4322[4322]:891[891]
10710	9801-519	0	23314	-1	1014314at2759|NKIB01003031_1|-|42|1.292e-05|1|9283|9801|9801[9801]:9283[9283]:519[519]
10722	11765+522	0	31993	1	1312453at2759|NKIB01003415_1|+|116|6.842e-28|1|11765|12286|11765[11765]:12286[12286]:522[522]
10741	419-372	0	40559	-1	1575179at2759|NKIB01004023_1|-|59|9.861e-11|1|48|419|419[419]:48[48]:372[372]
10799	3799-657	0	31993	-1	1312453at2759|NKIB01005879_1|-|57|3.944e-10|1|3143|3799|3799[3799]:3143[3143]:657[657]
10915	81227-630	0	27291	-1	621827at2759|NKIB01009591_1|-|69|9.63e-14|1|80598|81227|81227[81227]:80598[80598]:630[630]
10915	57817-843	0	28571	-1	1312453at2759|NKIB01009591_1|-|80|4.702e-17|1|56975|57817|57817[57817]:56975[56975]:843[843]
10948	9330-273	0	34579	-1	1407446at2759|NKIB01010647_1|-|36|0.0008272|1|9058|9330|9330[9330]:9058[9058]:273[273]
10967	14764-435	0	31993	-1	1312453at2759|NKIB01011255_1|-|40|5.17e-05|1|14330|14764|14764[14764]:14330[14330]:435[435]
10981	6077-513	0	11996	-1	1312453at2759|NKIB01011703_1|-|42|1.292e-05|1|5565|6077|6077[6077]:5565[5565]:513[513]
10998	7925-1797	0	14934	-1	1442062at2759|NKIB01012247_1|-|411|1.075e-116|2|6129|7925|7925[7925]:6930[6930]:996[996]|6917[6917]:6129[6129]:789[789]
11003	4094-504	0	11996	-1	1312453at2759|NKIB01012407_1|-|65|1.541e-12|1|3591|4094|4094[4094]:3591[3591]:504[504]
11038	550+222	0	10793	1	1129824at2759|NKIB01013527_1|+|52|1.262e-08|1|550|771|550[550]:771[771]:222[222]
11038	239+539	0	32946	1	1129824at2759|NKIB01013527_1|+|124|2.673e-30|2|239|777|239[239]:454[454]:216[216]|541[541]:777[777]:237[237]
11053	9498+588	0	11996	1	1312453at2759|NKIB01014007_1|+|64|3.081e-12|1|9498|10085|9498[9498]:10085[10085]:588[588]
11086	36704-264	0	12454	-1	1014314at2759|NKIB01015063_1|-|39|0.0001034|1|36441|36704|36704[36704]:36441[36441]:264[264]
11086	37213-417	0	27829	-1	1014314at2759|NKIB01015063_1|-|55|1.578e-09|1|36797|37213|37213[37213]:36797[36797]:417[417]
11093	29902-15975	0	27043	-1	1014314at2759|NKIB01015287_1|-|98|1.794e-22|2|13928|29902|29902[29902]:29462[29462]:441[441]|14296[14296]:13928[13928]:369[369]
11093	29926-516	0	47200	-1	1014314at2759|NKIB01015287_1|-|65|1.541e-12|1|29411|29926|29926[29926]:29411[29411]:516[516]
11095	9255+1727	0	53852	1	179362at2759|NKIB01015351_1|+|173|4.748e-45|2|9255|10981|9255[9255]:9803[9803]:549[549]|9905[9905]:10981[10981]:1077[1077]
11106	189+837	0	12771	1	911863at2759|NKIB01000280_1|+|55|1.578e-09|1|189|1025|189[189]:1025[1025]:837[837]
11153	1234-417	0	11996	-1	1312453at2759|NKIB01001784_1|-|46|8.078e-07|1|818|1234|1234[1234]:818[818]:417[417]
11207	153+663	0	31993	1	1312453at2759|NKIB01003512_1|+|80|4.702e-17|1|153|815|153[153]:815[815]:663[663]
11219	14260+2332	0	42845	1	1014314at2759|NKIB01003896_1|+|299|5.581e-83|2|14260|16591|14260[14260]:16179[16179]:1920[1920]|16253[16253]:16591[16591]:339[339]
11238	14780-480	0	31993	-1	1312453at2759|NKIB01004504_1|-|101|2.242e-23|1|14301|14780|14780[14780]:14301[14301]:480[480]
11244	16139+282	0	40337	1	679187at2759|NKIB01004696_1|+|59|9.861e-11|1|16139|16420|16139[16139]:16420[16420]:282[282]
11259	3126-840	0	8766	-1	142542at2759|NKIB01005176_1|-|75|1.505e-15|1|2287|3126|3126[3126]:2287[2287]:840[840]
11259	14469-402	0	16411	-1	1312453at2759|NKIB01005176_1|-|60|4.93e-11|1|14068|14469|14469[14469]:14068[14068]:402[402]
11348	2408+747	0	42149	1	996662at2759|NKIB01008024_1|+|81|2.351e-17|1|2408|3154|2408[2408]:3154[3154]:747[747]
11350	5947+315	0	1864	1	142542at2759|NKIB01008088_1|+|54|3.155e-09|1|5947|6261|5947[5947]:6261[6261]:315[315]
11368	5905-804	0	45031	-1	1563319at2759|NKIB01008664_1|-|62|1.233e-11|1|5102|5905|5905[5905]:5102[5102]:804[804]
11372	10688-627	0	14648	-1	325552at2759|NKIB01008792_1|-|133|5.22e-33|1|10062|10688|10688[10688]:10062[10062]:627[627]
11372	9644-276	0	34487	-1	1049599at2759|NKIB01008792_1|-|55|1.578e-09|1|9369|9644|9644[9644]:9369[9369]:276[276]
11372	9731-735	0	43072	-1	621827at2759|NKIB01008792_1|-|86|7.347e-19|1|8997|9731|9731[9731]:8997[8997]:735[735]
11389	623-554	0	31993	-1	1312453at2759|NKIB01009336_1|-|95|1.435e-21|2|70|623|623[623]:297[297]:327[327]|174[174]:70[70]:105[105]
11435	8471-2822	0	20175	-1	956854at2759|NKIB01010808_1|-|76|7.523e-16|2|5650|8471|8471[8471]:8265[8265]:207[207]|6609[6609]:5650[5650]:960[960]
11483	2182-411	0	11996	-1	1312453at2759|NKIB01012344_1|-|43|6.462e-06|1|1772|2182|2182[2182]:1772[1772]:411[411]
11490	2854+402	0	40337	1	679187at2759|NKIB01012568_1|+|76|7.523e-16|1|2854|3255|2854[2854]:3255[3255]:402[402]
11518	28595-1038	0	51524	-1	1428265at2759|NKIB01013464_1|-|343|3.172e-96|1|27558|28595|28595[28595]:27558[27558]:1038[1038]
11524	2649-297	0	40337	-1	679187at2759|NKIB01013656_1|-|58|1.972e-10|1|2353|2649|2649[2649]:2353[2353]:297[297]
11564	1178+372	0	40559	1	1575179at2759|NKIB01014936_1|+|59|9.861e-11|1|1178|1549|1178[1178]:1549[1549]:372[372]
11568	1909-552	0	31993	-1	1312453at2759|NKIB01015064_1|-|53|6.311e-09|1|1358|1909|1909[1909]:1358[1358]:552[552]
11591	26950-2688	0	734	-1	450058at2759|NKIB01000377_1|-|683|1.416e-198|1|24263|26950|26950[26950]:24263[24263]:2688[2688]
11591	12735+402	0	16411	1	1312453at2759|NKIB01000377_1|+|72|1.204e-14|1|12735|13136|12735[12735]:13136[13136]:402[402]
11593	1590-990	0	44770	-1	1526152at2759|NKIB01000441_1|-|100|4.484e-23|1|601|1590|1590[1590]:601[601]:990[990]
11599	31522-516	0	15837	-1	1161199at2759|NKIB01000633_1|-|198|1.415e-52|1|31007|31522|31522[31522]:31007[31007]:516[516]
11603	22954+417	0	40337	1	679187at2759|NKIB01000761_1|+|89|9.183e-20|1|22954|23370|22954[22954]:23370[23370]:417[417]
11610	499-384	0	40337	-1	679187at2759|NKIB01000985_1|-|63|6.163e-12|1|116|499|499[499]:116[116]:384[384]
11626	1657-429	0	40337	-1	679187at2759|NKIB01001497_1|-|81|2.351e-17|1|1229|1657|1657[1657]:1229[1229]:429[429]
11685	1025-438	0	40337	-1	679187at2759|NKIB01003385_1|-|68|1.926e-13|1|588|1025|1025[1025]:588[588]:438[438]
11695	5094-741	0	31993	-1	1312453at2759|NKIB01003705_1|-|58|1.972e-10|1|4354|5094|5094[5094]:4354[4354]:741[741]
11698	5619-2331	0	9981	-1	142542at2759|NKIB01003801_1|-|288|1.143e-79|1|3289|5619|5619[5619]:3289[3289]:2331[2331]
11724	1053-429	0	40337	-1	679187at2759|NKIB01004633_1|-|90|4.592e-20|1|625|1053|1053[1053]:625[625]:429[429]
11727	449+372	0	40559	1	1575179at2759|NKIB01004729_1|+|59|9.861e-11|1|449|820|449[449]:820[820]:372[372]
11784	6203+357	0	11996	1	1312453at2759|NKIB01006553_1|+|78|1.881e-16|1|6203|6559|6203[6203]:6559[6559]:357[357]
11817	11412-270	0	22123	-1	142542at2759|NKIB01007609_1|-|66|7.704e-13|1|11143|11412|11412[11412]:11143[11143]:270[270]
11817	9111-1407	0	45119	-1	142542at2759|NKIB01007609_1|-|79|9.404e-17|1|7705|9111|9111[9111]:7705[7705]:1407[1407]
11873	4176-624	0	30046	-1	1161199at2759|NKIB01009401_1|-|40|5.17e-05|1|3553|4176|4176[4176]:3553[3553]:624[624]
11873	4785-342	0	30275	-1	956854at2759|NKIB01009401_1|-|38|0.0002068|1|4444|4785|4785[4785]:4444[4444]:342[342]
11919	24+309	0	40337	1	679187at2759|NKIB01010873_1|+|50|5.049e-08|1|24|332|24[24]:332[332]:309[309]
11982	2641+733	0	31993	1	1312453at2759|NKIB01012889_1|+|137|3.263e-34|2|2641|3373|2641[2641]:3015[3015]:375[375]|3134[3134]:3373[3373]:240[240]
12029	1803-414	0	11996	-1	1312453at2759|NKIB01014393_1|-|42|1.292e-05|1|1390|1803|1803[1803]:1390[1390]:414[414]
12041	2061-843	0	30931	-1	1049599at2759|NKIB01014777_1|-|125|1.336e-30|1|1219|2061|2061[2061]:1219[1219]:843[843]
12051	989+990	0	44770	1	1526152at2759|NKIB01015097_1|+|100|4.484e-23|1|989|1978|989[989]:1978[1978]:990[990]
12056	22427-234	0	19723	-1	142542at2759|NKIB01015257_1|-|52|1.262e-08|1|22194|22427|22427[22427]:22194[22194]:234[234]
12104	135+990	0	44770	1	1526152at2759|NKIB01001370_1|+|100|4.484e-23|1|135|1124|135[135]:1124[1124]:990[990]
12107	1276+372	0	40559	1	1575179at2759|NKIB01001466_1|+|59|9.861e-11|1|1276|1647|1276[1276]:1647[1647]:372[372]
12122	15039-366	0	11996	-1	1312453at2759|NKIB01001946_1|-|92|1.148e-20|1|14674|15039|15039[15039]:14674[14674]:366[366]
12122	9753+594	0	31993	1	1312453at2759|NKIB01001946_1|+|66|7.704e-13|1|9753|10346|9753[9753]:10346[10346]:594[594]
12145	969+372	0	40559	1	1575179at2759|NKIB01002682_1|+|59|9.861e-11|1|969|1340|969[969]:1340[1340]:372[372]
12161	5517+207	0	42373	1	179362at2759|NKIB01003194_1|+|38|0.0002068|1|5517|5723|5517[5517]:5723[5723]:207[207]
12238	13783+360	0	42232	1	1049599at2759|NKIB01005658_1|+|44|3.231e-06|1|13783|14142|13783[13783]:14142[14142]:360[360]
12259	6586-303	0	40337	-1	679187at2759|NKIB01006330_1|-|49|1.01e-07|1|6284|6586|6586[6586]:6284[6284]:303[303]
12269	3994-237	0	32130	-1	1049599at2759|NKIB01006650_1|-|40|5.17e-05|1|3758|3994|3994[3994]:3758[3758]:237[237]
12393	2+531	0	25432	1	341721at2759|NKIB01010618_1|+|83|5.877e-18|1|2|532|2[2]:532[532]:531[531]
12437	1745+573	0	40337	1	679187at2759|NKIB01012026_1|+|110|4.379e-26|1|1745|2317|1745[1745]:2317[2317]:573[573]
12447	3483-558	0	19090	-1	621827at2759|NKIB01012346_1|-|57|3.944e-10|1|2926|3483|3483[3483]:2926[2926]:558[558]
12448	3950-300	0	51708	-1	1398309at2759|NKIB01012378_1|-|93|5.74e-21|1|3651|3950|3950[3950]:3651[3651]:300[300]
12450	12315+486	0	31993	1	1312453at2759|NKIB01012442_1|+|80|4.702e-17|1|12315|12800|12315[12315]:12800[12800]:486[486]
12463	1089-993	0	44770	-1	1526152at2759|NKIB01012858_1|-|99|8.968e-23|1|97|1089|1089[1089]:97[97]:993[993]
12494	37096+549	0	31993	1	1312453at2759|NKIB01013850_1|+|57|3.944e-10|1|37096|37644|37096[37096]:37644[37644]:549[549]
12494	33574+414	0	49639	1	1269244at2759|NKIB01013850_1|+|53|6.311e-09|1|33574|33987|33574[33574]:33987[33987]:414[414]
12513	37768+1378	0	53852	1	179362at2759|NKIB01014458_1|+|89|9.183e-20|2|37768|39145|37768[37768]:38223[38223]:456[456]|38288[38303]:39145[39145]:858[843]
12533	31237+576	0	40337	1	679187at2759|NKIB01015098_1|+|68|1.926e-13|1|31237|31812|31237[31237]:31812[31812]:576[576]
12535	33367-1133	0	51524	-1	1428265at2759|NKIB01015162_1|-|219|6.747e-59|2|32235|33367|33367[33367]:32996[32996]:372[372]|32849[32849]:32235[32235]:615[615]
12569	6823+645	0	31993	1	1312453at2759|NKIB01000827_1|+|94|2.87e-21|1|6823|7467|6823[6823]:7467[7467]:645[645]
12570	640-582	0	40337	-1	679187at2759|NKIB01000859_1|-|66|7.704e-13|1|59|640|640[640]:59[59]:582[582]
12581	16065-934	0	53852	-1	179362at2759|NKIB01001211_1|-|96|7.175e-22|2|15132|16065|16065[16065]:15388[15388]:678[678]|15257[15251]:15132[15132]:126[120]
12609	848-495	0	40337	-1	679187at2759|NKIB01002107_1|-|86|7.347e-19|1|354|848|848[848]:354[354]:495[495]
12652	827+405	0	11996	1	1312453at2759|NKIB01003483_1|+|45|1.616e-06|1|827|1231|827[827]:1231[1231]:405[405]
12711	44579-432	0	40337	-1	679187at2759|NKIB01005371_1|-|60|4.93e-11|1|44148|44579|44579[44579]:44148[44148]:432[432]
12756	808-429	0	40337	-1	679187at2759|NKIB01006811_1|-|90|4.592e-20|1|380|808|808[808]:380[380]:429[429]
12801	11260-906	0	27199	-1	621827at2759|NKIB01008251_1|-|45|1.616e-06|1|10355|11260|11260[11260]:10355[10355]:906[906]
12929	68957+312	0	31606	1	1129824at2759|NKIB01012347_1|+|51|2.524e-08|1|68957|69268|68957[68957]:69268[69268]:312[312]
12929	45323-507	0	40337	-1	679187at2759|NKIB01012347_1|-|88|1.837e-19|1|44817|45323|45323[45323]:44817[44817]:507[507]
12933	5927+467	0	40337	1	679187at2759|NKIB01012475_1|+|62|1.233e-11|2|5927|6393|5927[5927]:6028[6028]:102[102]|6205[6205]:6393[6393]:189[189]
12938	280+594	0	40337	1	679187at2759|NKIB01012635_1|+|77|3.762e-16|1|280|873|280[280]:873[873]:594[594]
12944	3486+336	0	40337	1	679187at2759|NKIB01012827_1|+|59|9.861e-11|1|3486|3821|3486[3486]:3821[3821]:336[336]
12950	37783+339	0	40337	1	679187at2759|NKIB01013019_1|+|64|3.081e-12|1|37783|38121|37783[37783]:38121[38121]:339[339]
12951	2493+945	0	44770	1	1526152at2759|NKIB01013051_1|+|87|3.673e-19|1|2493|3437|2493[2493]:3437[3437]:945[945]
12973	2138+1901	0	14934	1	1442062at2759|NKIB01013755_1|+|269|5.992e-74|2|2138|4038|2138[2138]:3547[3547]:1410[1410]|3553[3559]:4038[4038]:486[480]
12990	34731+501	0	11996	1	1312453at2759|NKIB01014299_1|+|94|2.87e-21|1|34731|35231|34731[34731]:35231[35231]:501[501]
13009	316+579	0	40939	1	621827at2759|NKIB01014907_1|+|84|2.939e-18|1|316|894|316[316]:894[894]:579[579]
13010	2263+207	0	8362	1	1014314at2759|NKIB01014939_1|+|37|0.0004136|1|2263|2469|2263[2263]:2469[2469]:207[207]
13021	839+417	0	40337	1	679187at2759|NKIB01015291_1|+|89|9.183e-20|1|839|1255|839[839]:1255[1255]:417[417]
13043	16282-423	0	11996	-1	1312453at2759|NKIB01000572_1|-|83|5.877e-18|1|15860|16282|16282[16282]:15860[15860]:423[423]
13047	23242+741	0	35671	1	996662at2759|NKIB01000700_1|+|98|1.794e-22|1|23242|23982|23242[23242]:23982[23982]:741[741]
13048	479+417	0	40337	1	679187at2759|NKIB01000732_1|+|81|2.351e-17|1|479|895|479[479]:895[895]:417[417]
13066	20429-462	0	27587	-1	142542at2759|NKIB01001308_1|-|48|2.019e-07|1|19968|20429|20429[20429]:19968[19968]:462[462]
13079	19658+684	0	13834	1	1014314at2759|NKIB01001724_1|+|39|0.0001034|1|19658|20341|19658[19658]:20341[20341]:684[684]
13093	21480-528	0	24670	-1	956854at2759|NKIB01002172_1|-|38|0.0002068|1|20953|21480|21480[21480]:20953[20953]:528[528]
13094	18410+1328	0	24826	1	1428265at2759|NKIB01002204_1|+|287|2.286e-79|2|18410|19737|18410[18410]:18775[18775]:366[366]|18895[18895]:19737[19737]:843[843]
13123	21002-594	0	40337	-1	679187at2759|NKIB01003132_1|-|78|1.881e-16|1|20409|21002|21002[21002]:20409[20409]:594[594]
13164	16911-558	0	31993	-1	1312453at2759|NKIB01004444_1|-|106|7.006e-25|1|16354|16911|16911[16911]:16354[16354]:558[558]
13181	16018-2832	0	50046	-1	331411at2759|NKIB01004988_1|-|643|1.557e-186|1|13187|16018|16018[16018]:13187[13187]:2832[2832]
13186	45480-441	0	11996	-1	1312453at2759|NKIB01005148_1|-|47|4.039e-07|1|45040|45480|45480[45480]:45040[45040]:441[441]
13186	34647+426	0	40337	1	679187at2759|NKIB01005148_1|+|80|4.702e-17|1|34647|35072|34647[34647]:35072[35072]:426[426]
13286	2658-513	0	31993	-1	1312453at2759|NKIB01008348_1|-|69|9.63e-14|1|2146|2658|2658[2658]:2146[2146]:513[513]
13286	3883-510	0	40337	-1	679187at2759|NKIB01008348_1|-|65|1.541e-12|1|3374|3883|3883[3883]:3374[3374]:510[510]
13318	143+246	0	26567	1	142542at2759|NKIB01009372_1|+|48|2.019e-07|1|143|388|143[143]:388[388]:246[246]
13357	2+531	0	25432	1	341721at2759|NKIB01010620_1|+|82|1.175e-17|1|2|532|2[2]:532[532]:531[531]
13386	23+462	0	40337	1	679187at2759|NKIB01011548_1|+|88|1.837e-19|1|23|484|23[23]:484[484]:462[462]
13423	3395+546	0	11996	1	1312453at2759|NKIB01012732_1|+|40|5.17e-05|1|3395|3940|3395[3395]:3940[3940]:546[546]
13449	3360-1123	0	33367	-1	1014314at2759|NKIB01013564_1|-|134|2.61e-33|2|2238|3360|3360[3360]:3148[3148]:213[213]|2993[2993]:2238[2238]:756[756]
13462	688-312	0	40337	-1	679187at2759|NKIB01013980_1|-|54|3.155e-09|1|377|688|688[688]:377[377]:312[312]
13463	45688+741	0	4298	1	1251252at2759|NKIB01014012_1|+|85|1.469e-18|1|45688|46428|45688[45688]:46428[46428]:741[741]
13474	2794-2753	0	14934	-1	1442062at2759|NKIB01014364_1|-|513|2.12e-147|4|42|2794|2794[2794]:944[944]:1851[1851]|919[919]:623[623]:297[297]|618[618]:409[409]:210[210]|401[401]:42[42]:360[360]
13516	1102-636	0	40337	-1	679187at2759|NKIB01000285_1|-|90|4.592e-20|1|467|1102|1102[1102]:467[467]:636[636]
13516	14005+696	0	44875	1	911863at2759|NKIB01000285_1|+|39|0.0001034|1|14005|14700|14005[14005]:14700[14700]:696[696]
13538	14042-774	0	7228	-1	621827at2759|NKIB01000989_1|-|92|1.148e-20|1|13269|14042|14042[14042]:13269[13269]:774[774]
13558	762+423	0	40337	1	679187at2759|NKIB01001629_1|+|88|1.837e-19|1|762|1184|762[762]:1184[1184]:423[423]
13576	485-339	0	40337	-1	679187at2759|NKIB01002205_1|-|65|1.541e-12|1|147|485|485[485]:147[147]:339[339]
13604	10918+1440	0	2826	1	887370at2759|NKIB01003101_1|+|171|1.899e-44|1|10918|12357|10918[10918]:12357[12357]:1440[1440]
13834	582-582	0	41723	-1	1161199at2759|NKIB01010461_1|-|149|7.965e-38|2|1|582|582[582]:385[385]:198[198]|267[267]:1[1]:267[267]
13844	3308-582	0	40337	-1	679187at2759|NKIB01010781_1|-|85|1.469e-18|1|2727|3308|3308[3308]:2727[2727]:582[582]
13849	561-282	0	40337	-1	679187at2759|NKIB01010941_1|-|52|1.262e-08|1|280|561|561[561]:280[280]:282[282]
13868	1442+1188	0	13339	1	271586at2759|NKIB01011549_1|+|100|4.484e-23|1|1442|2629|1442[1442]:2629[2629]:1188[1188]
13897	18796+285	0	3576	1	142542at2759|NKIB01012477_1|+|50|5.049e-08|1|18796|19080|18796[18796]:19080[19080]:285[285]
13897	20539+246	0	19723	1	142542at2759|NKIB01012477_1|+|42|1.292e-05|1|20539|20784|20539[20539]:20784[20784]:246[246]
13897	20128+687	0	22865	1	142542at2759|NKIB01012477_1|+|83|5.877e-18|1|20128|20814|20128[20128]:20814[20814]:687[687]
13916	3358-429	0	40337	-1	679187at2759|NKIB01013085_1|-|83|5.877e-18|1|2930|3358|3358[3358]:2930[2930]:429[429]
13928	42572+888	0	20224	1	621827at2759|NKIB01013469_1|+|38|0.0002068|1|42572|43459|42572[42572]:43459[43459]:888[888]
13933	38252+2064	0	2619	1	271586at2759|NKIB01013629_1|+|39|0.0001034|1|38252|40315|38252[38252]:40315[40315]:2064[2064]
13933	35582+519	0	52280	1	956854at2759|NKIB01013629_1|+|38|0.0002068|1|35582|36100|35582[35582]:36100[36100]:519[519]
13944	47803-387	0	52134	-1	911863at2759|NKIB01013981_1|-|68|1.926e-13|1|47417|47803|47803[47803]:47417[47417]:387[387]
13951	36106-507	0	11996	-1	1312453at2759|NKIB01014205_1|-|71|2.407e-14|1|35600|36106|36106[36106]:35600[35600]:507[507]
13951	38784-766	0	31993	-1	1312453at2759|NKIB01014205_1|-|125|1.336e-30|2|38019|38784|38784[38784]:38371[38371]:414[414]|38234[38234]:38019[38019]:216[216]
13964	10016+495	0	31993	1	1312453at2759|NKIB01014621_1|+|56|7.889e-10|1|10016|10510|10016[10016]:10510[10510]:495[495]
13988	31764-579	0	40337	-1	679187at2759|NKIB01015389_1|-|78|1.881e-16|1|31186|31764|31764[31764]:31186[31186]:579[579]
13996	1803-1797	0	14934	-1	1442062at2759|NKIB01000222_1|-|249|6.284e-68|2|7|1803|1803[1803]:148[148]:1656[1656]|144[144]:7[7]:138[138]
14009	1235+267	0	27899	1	271586at2759|NKIB01000638_1|+|38|0.0002068|1|1235|1501|1235[1235]:1501[1501]:267[267]
14041	17999+786	0	31993	1	1312453at2759|NKIB01001662_1|+|70|4.815e-14|1|17999|18784|17999[17999]:18784[18784]:786[786]
14049	970+486	0	31993	1	1312453at2759|NKIB01001918_1|+|76|7.523e-16|1|970|1455|970[970]:1455[1455]:486[486]
14055	1067-372	0	40559	-1	1575179at2759|NKIB01002110_1|-|59|9.861e-11|1|696|1067|1067[1067]:696[696]:372[372]
14098	410-405	0	11996	-1	1312453at2759|NKIB01003486_1|-|45|1.616e-06|1|6|410|410[410]:6[6]:405[405]
14156	15061-2996	0	14126	-1	679187at2759|NKIB01005342_1|-|565|4.707e-163|2|12066|15061|15061[15061]:12464[12464]:2598[2598]|12380[12380]:12066[12066]:315[315]
14216	29148-528	0	17933	-1	261419at2759|NKIB01007262_1|-|103|5.605e-24|1|28621|29148|29148[29148]:28621[28621]:528[528]
14293	54562+525	0	14012	1	1251252at2759|NKIB01009726_1|+|36|0.0008272|1|54562|55086|54562[54562]:55086[55086]:525[525]
14374	3758-225	0	26567	-1	142542at2759|NKIB01012318_1|-|55|1.578e-09|1|3534|3758|3758[3758]:3534[3534]:225[225]
14378	267+1497	0	18355	1	1049599at2759|NKIB01012446_1|+|382|5.771e-108|1|267|1763|267[267]:1763[1763]:1497[1497]
14401	8465+44036	0	48058	1	1161199at2759|NKIB01013182_1|+|39|0.0001034|2|8465|52500|8465[8465]:8650[8650]:186[186]|52474[52474]:52500[52500]:27[27]
14412	23875-1316	0	37042	-1	1041560at2759|NKIB01013534_1|-|473|2.331e-135|3|22560|23875|23875[23875]:23423[23423]:453[453]|23309[23309]:22887[22887]:423[423]|22781[22781]:22560[22560]:222[222]
14479	6765+558	0	1777	1	1014314at2759|NKIB01000255_1|+|59|9.861e-11|1|6765|7322|6765[6765]:7322[7322]:558[558]
14479	29423+468	0	11996	1	1312453at2759|NKIB01000255_1|+|70|4.815e-14|1|29423|29890|29423[29423]:29890[29890]:468[468]
14500	927+942	0	44770	1	1526152at2759|NKIB01000927_1|+|91|2.296e-20|1|927|1868|927[927]:1868[1868]:942[942]
14505	965+267	0	12137	1	621827at2759|NKIB01001087_1|+|119|8.553e-29|1|965|1231|965[965]:1231[1231]:267[267]
14508	1560-435	0	40337	-1	679187at2759|NKIB01001183_1|-|70|4.815e-14|1|1126|1560|1560[1560]:1126[1126]:435[435]
14516	17938-17017	0	54151	-1	1049599at2759|NKIB01001439_1|-|95|1.435e-21|2|922|17938|17938[17938]:17471[17471]:468[468]|969[969]:922[922]:48[48]
14518	11047-462	0	44548	-1	271586at2759|NKIB01001503_1|-|44|3.231e-06|1|10586|11047|11047[11047]:10586[10586]:462[462]
14525	323+417	0	40337	1	679187at2759|NKIB01001727_1|+|80|4.702e-17|1|323|739|323[323]:739[739]:417[417]
14544	525+441	0	11996	1	1312453at2759|NKIB01002335_1|+|50|5.049e-08|1|525|965|525[525]:965[965]:441[441]
14571	2492+684	0	31993	1	1312453at2759|NKIB01003199_1|+|125|1.336e-30|3|2492|3175|2492[2492]:2665[2665]:174[174]|2756[2756]:2875[2875]:120[120]|2984[2984]:3175[3175]:192[192]
14602	891-435	0	40337	-1	679187at2759|NKIB01004191_1|-|69|9.63e-14|1|457|891|891[891]:457[457]:435[435]
14625	2229+576	0	40337	1	679187at2759|NKIB01004927_1|+|87|3.673e-19|2|2229|2804|2229[2229]:2588[2588]:360[360]|2694[2694]:2804[2804]:111[111]
14625	5509-759	0	43205	-1	1364586at2759|NKIB01004927_1|-|190|3.622e-50|1|4751|5509|5509[5509]:4751[4751]:759[759]
14737	4807-255	0	42341	-1	1014314at2759|NKIB01008511_1|-|43|6.462e-06|1|4553|4807|4807[4807]:4553[4553]:255[255]
14795	24148+422	0	40337	1	679187at2759|NKIB01010367_1|+|80|4.702e-17|2|24148|24569|24148[24148]:24357[24357]:210[210]|24387[24387]:24569[24569]:183[183]
14846	7394+893	0	2957	1	1428265at2759|NKIB01011999_1|+|276|4.682e-76|2|7394|8286|7394[7394]:7534[7534]:141[141]|7648[7648]:8286[8286]:639[639]
14871	38677-549	0	11996	-1	1312453at2759|NKIB01012799_1|-|85|1.469e-18|1|38129|38677|38677[38677]:38129[38129]:549[549]
14874	65986-2928	0	35332	-1	142542at2759|NKIB01012895_1|-|570|1.471e-164|1|63059|65986|65986[65986]:63059[63059]:2928[2928]
14891	4129-2395	0	14934	-1	1442062at2759|NKIB01013439_1|-|388|9.017e-110|3|1735|4129|4129[4129]:2279[2279]:1851[1851]|2254[2254]:1958[1958]:297[297]|1953[1953]:1735[1735]:219[219]
14895	1849-1839	0	14934	-1	1442062at2759|NKIB01013567_1|-|271|1.498e-74|2|11|1849|1849[1849]:509[509]:1341[1341]|505[505]:11[11]:495[495]
14899	2310+1812	0	14934	1	1442062at2759|NKIB01013695_1|+|240|3.217e-65|1|2310|4121|2310[2310]:4121[4121]:1812[1812]
14907	47398+588	0	40337	1	679187at2759|NKIB01013951_1|+|80|4.702e-17|1|47398|47985|47398[47398]:47985[47985]:588[588]
14915	3081-2832	0	50046	-1	331411at2759|NKIB01014207_1|-|643|1.557e-186|1|250|3081|3081[3081]:250[250]:2832[2832]
14924	1783-513	0	40337	-1	679187at2759|NKIB01014495_1|-|77|3.762e-16|1|1271|1783|1783[1783]:1271[1271]:513[513]
14934	26398+612	0	31993	1	1312453at2759|NKIB01014815_1|+|109|8.758e-26|1|26398|27009|26398[26398]:27009[27009]:612[612]
14934	1137+1680	0	53852	1	179362at2759|NKIB01014815_1|+|149|7.965e-38|1|1137|2816|1137[1137]:2816[2816]:1680[1680]
14971	26359+441	0	5650	1	1049599at2759|NKIB01000576_1|+|65|1.541e-12|1|26359|26799|26359[26359]:26799[26799]:441[441]
14971	25969+717	0	45814	1	1049599at2759|NKIB01000576_1|+|96|7.175e-22|1|25969|26685|25969[25969]:26685[26685]:717[717]
14974	8895-738	0	24057	-1	1434266at2759|NKIB01000672_1|-|93|5.74e-21|1|8158|8895|8895[8895]:8158[8158]:738[738]
14987	17+454	0	11732	1	1434266at2759|NKIB01001088_1|+|81|2.351e-17|2|17|470|17[17]:94[94]:78[78]|165[174]:470[470]:306[297]
14990	14687-420	0	15022	-1	911863at2759|NKIB01001184_1|-|44|3.231e-06|1|14268|14687|14687[14687]:14268[14268]:420[420]
15004	21975+453	0	31993	1	1312453at2759|NKIB01001632_1|+|47|4.039e-07|1|21975|22427|21975[21975]:22427[22427]:453[453]
15010	8276-912	0	25288	-1	325552at2759|NKIB01001824_1|-|63|6.163e-12|1|7365|8276|8276[8276]:7365[7365]:912[912]
15050	4+429	0	40337	1	679187at2759|NKIB01003104_1|+|93|5.74e-21|1|4|432|4[4]:432[432]:429[429]
15058	2994+663	0	31993	1	1312453at2759|NKIB01003360_1|+|81|2.351e-17|1|2994|3656|2994[2994]:3656[3656]:663[663]
15062	531+429	0	40337	1	679187at2759|NKIB01003488_1|+|64|3.081e-12|1|531|959|531[531]:959[959]:429[429]
15070	11138-501	0	7005	-1	911863at2759|NKIB01003744_1|-|55|1.578e-09|1|10638|11138|11138[11138]:10638[10638]:501[501]
15271	39218+831	0	31993	1	1312453at2759|NKIB01010176_1|+|66|7.704e-13|2|39218|40048|39218[39218]:39796[39796]:579[579]|39875[39884]:40048[40048]:174[165]
15271	35297-441	0	32301	-1	1129824at2759|NKIB01010176_1|-|39|0.0001034|1|34857|35297|35297[35297]:34857[34857]:441[441]
15271	47978+38301	0	41284	1	1161199at2759|NKIB01010176_1|+|37|0.0004136|2|47978|86278|47978[47978]:48034[48034]:57[57]|85742[85742]:86278[86278]:537[537]
15306	7638+234	0	42373	1	179362at2759|NKIB01011296_1|+|36|0.0008272|1|7638|7871|7638[7638]:7871[7871]:234[234]
15348	70257+1974	0	52432	1	464990at2759|NKIB01012640_1|+|543|1.974e-156|1|70257|72230|70257[70257]:72230[72230]:1974[1974]
15354	4950+630	0	40337	1	679187at2759|NKIB01012832_1|+|83|5.877e-18|1|4950|5579|4950[4950]:5579[5579]:630[630]
15357	1911+417	0	11996	1	1312453at2759|NKIB01012928_1|+|46|8.078e-07|1|1911|2327|1911[1911]:2327[2327]:417[417]
15373	4129-2753	0	14934	-1	1442062at2759|NKIB01013440_1|-|513|2.12e-147|4|1377|4129|4129[4129]:2279[2279]:1851[1851]|2254[2254]:1958[1958]:297[297]|1953[1953]:1744[1744]:210[210]|1736[1736]:1377[1377]:360[360]
15383	2054+1974	0	14934	1	1442062at2759|NKIB01013760_1|+|261|1.534e-71|1|2054|4027|2054[2054]:4027[4027]:1974[1974]
15391	428+645	0	27043	1	1014314at2759|NKIB01014016_1|+|43|6.462e-06|1|428|1072|428[428]:1072[1072]:645[645]
15397	839+417	0	40337	1	679187at2759|NKIB01014208_1|+|91|2.296e-20|1|839|1255|839[839]:1255[1255]:417[417]
15408	1503+372	0	40559	1	1575179at2759|NKIB01014560_1|+|59|9.861e-11|1|1503|1874|1503[1503]:1874[1874]:372[372]
