0	431285+510	0	80303	1	674169at2759_378494_0:0009ba|QAXC01000001_1|+|67|2.074e-12|1|431285|431794|431285[431285]:431794[431794]:510[510]
0	288560+747	0	174364	1	898782at2759_319348_0:003f6e|QAXC01000001_1|+|323|1.791e-89|1|288560|289306|288560[288560]:289306[289306]:747[747]
0	484883+858	0	208645	1	1322642at2759_1049336_0:000d3f|QAXC01000001_1|+|137|1.757e-33|1|484883|485740|484883[484883]:485740[485740]:858[858]
1	8955+570	0	80303	1	674169at2759_378494_0:0009ba|QAXC01000033_1|+|64|1.659e-11|1|8955|9524|8955[8955]:9524[9524]:570[570]
1	43128+2226	0	115942	1	1019762at2759_1460289_1:00339b|QAXC01000033_1|+|93|3.091e-20|1|43128|45353|43128[43128]:45353[45353]:2226[2226]
1	16628+846	0	124867	1	719531at2759_13249_0:001bd8|QAXC01000033_1|+|39|0.0005568|1|16628|17473|16628[16628]:17473[17473]:846[846]
1	252870+1320	0	126946	1	1576404at2759_3076_0:000a80|QAXC01000033_1|+|124|1.439e-29|1|252870|254189|252870[252870]:254189[254189]:1320[1320]
1	5149+1269	0	190979	1	83779at2759_1305764_1:00053b|QAXC01000033_1|+|46|4.35e-06|1|5149|6417|5149[5149]:6417[6417]:1269[1269]
20	632-357	0	72804	-1	392369at2759_58331_0:0045d7|QAXC01000641_1|-|50|2.719e-07|1|276|632|632[632]:276[276]:357[357]
50	2991-393	0	91722	-1	1445102at2759_58291_1:000ab8|QAXC01001601_1|-|49|5.438e-07|1|2599|2991|2991[2991]:2599[2599]:393[393]
70	908+348	0	273288	1	673132at2759_7668_0:006bbb|QAXC01002241_1|+|97|1.932e-21|1|908|1255|908[908]:1255[1255]:348[348]
176	946-891	0	298054	-1	179362at2759_378494_0:0041ae|QAXC01005633_1|-|64|1.659e-11|1|56|946|946[946]:56[56]:891[891]
206	519633+612	0	24297	1	1445102at2759_447095_1:0004ef|QAXC01000002_1|+|84|1.583e-17|1|519633|520244|519633[519633]:520244[520244]:612[612]
206	335788-228	0	25833	-1	543764at2759_6334_0:00368a|QAXC01000002_1|-|96|3.864e-21|1|335561|335788|335788[335788]:335561[335561]:228[228]
206	38579-1674	0	31019	-1	396755at2759_1676925_0:004b40|QAXC01000002_1|-|97|1.932e-21|1|36906|38579|38579[38579]:36906[36906]:1674[1674]
206	913997-501	0	53017	-1	721605at2759_486041_1:00432a|QAXC01000002_1|-|46|4.35e-06|1|913497|913997|913997[913997]:913497[913497]:501[501]
206	75680+918	0	53981	1	655400at2759_59538_0:003f16|QAXC01000002_1|+|68|1.037e-12|1|75680|76597|75680[75680]:76597[76597]:918[918]
206	3987+939	0	69503	1	719531at2759_237895_1:000039|QAXC01000002_1|+|84|1.583e-17|1|3987|4925|3987[3987]:4925[4925]:939[939]
206	442339-606	0	80303	-1	674169at2759_378494_0:0009ba|QAXC01000002_1|-|63|3.319e-11|1|441734|442339|442339[442339]:441734[441734]:606[606]
206	650887-1146	0	80973	-1	673132at2759_431895_0:002225|QAXC01000002_1|-|244|1.083e-65|1|649742|650887|650887[650887]:649742[649742]:1146[1146]
206	150948-831	0	83260	-1	396755at2759_70779_0:0003d0|QAXC01000002_1|-|39|0.0005568|1|150118|150948|150948[150948]:150118[150118]:831[831]
206	401536-492	0	90703	-1	1633672at2759_4572_0:005329|QAXC01000002_1|-|161|1.047e-40|1|401045|401536|401536[401536]:401045[401045]:492[492]
206	152060+951	0	111585	1	1445102at2759_6973_0:006708|QAXC01000002_1|+|422|2.826e-119|1|152060|153010|152060[152060]:153010[153010]:951[951]
206	94001+1341	0	119806	1	1324510at2759_56086_0:0021e5|QAXC01000002_1|+|128|8.996e-31|1|94001|95341|94001[94001]:95341[95341]:1341[1341]
206	557281-162	0	130172	-1	858842at2759_6573_0:005a63|QAXC01000002_1|-|64|1.659e-11|1|557120|557281|557281[557281]:557120[557120]:162[162]
206	200830+789	0	146702	1	1194691at2759_3880_0:00ac22|QAXC01000002_1|+|151|1.072e-37|1|200830|201618|200830[200830]:201618[201618]:789[789]
206	723888-1110	0	170777	-1	674169at2759_1049336_0:000c9e|QAXC01000002_1|-|304|9.392e-84|1|722779|723888|723888[723888]:722779[722779]:1110[1110]
206	571919-345	0	171720	-1	345441at2759_1257118_1:000312|QAXC01000002_1|-|102|6.037e-23|1|571575|571919|571919[571919]:571575[571575]:345[345]
206	204280-1431	0	174364	-1	898782at2759_319348_0:003f6e|QAXC01000002_1|-|568|3.168e-163|1|202850|204280|204280[204280]:202850[202850]:1431[1431]
206	279610+2147	0	177847	1	392369at2759_6973_0:0011d0|QAXC01000002_1|+|802|1.148e-233|2|279610|281756|279610[279610]:280593[280593]:984[984]|281184[281214]:281756[281756]:573[543]
206	434071-1836	0	197015	-1	418107at2759_72036_0:00107c|QAXC01000002_1|-|206|2.976e-54|1|432236|434071|434071[434071]:432236[432236]:1836[1836]
206	315198+927	0	201457	1	396755at2759_1720309_0:0029b3|QAXC01000002_1|+|122|5.757e-29|1|315198|316124|315198[315198]:316124[316124]:927[927]
206	430107+1746	0	230011	1	1018517at2759_183478_1:001451|QAXC01000002_1|+|258|6.609e-70|1|430107|431852|430107[430107]:431852[431852]:1746[1746]
206	190428-1434	0	252636	-1	142542at2759_578462_1:003297|QAXC01000002_1|-|85|7.913e-18|1|188995|190428|190428[190428]:188995[188995]:1434[1434]
206	281184+573	0	263079	1	392369at2759_698492_1:001194|QAXC01000002_1|+|274|1.008e-74|1|281184|281756|281184[281184]:281756[281756]:573[573]
206	50122-1218	0	268766	-1	1314980at2759_29655_0:003020|QAXC01000002_1|-|59|5.31e-10|1|48905|50122|50122[50122]:48905[48905]:1218[1218]
206	101127+630	0	272404	1	1025450at2759_6850_0:00010e|QAXC01000002_1|+|39|0.0005568|1|101127|101756|101127[101127]:101756[101756]:630[630]
206	841185-1083	0	297434	-1	673132at2759_319348_0:0037c4|QAXC01000002_1|-|462|2.571e-131|1|840103|841185|841185[841185]:840103[840103]:1083[1083]
206	677118+1557	0	298054	1	179362at2759_378494_0:0041ae|QAXC01000002_1|+|182|4.994e-47|1|677118|678674|677118[677118]:678674[678674]:1557[1557]
206	763157-1587	0	298054	-1	179362at2759_378494_0:0041ae|QAXC01000002_1|-|220|1.817e-58|1|761571|763157|763157[763157]:761571[761571]:1587[1587]
206	212488-873	0	300419	-1	719531at2759_637379_1:008523|QAXC01000002_1|-|59|5.31e-10|1|211616|212488|212488[212488]:211616[211616]:873[873]
207	1424854-957	0	4254	-1	1128607at2759_35525_0:006f22|QAXC01000034_1|-|303|1.878e-83|1|1423898|1424854|1424854[1424854]:1423898[1423898]:957[957]
207	86262+612	0	12873	1	664730at2759_2786_0:0030ea|QAXC01000034_1|+|40|0.0002784|1|86262|86873|86262[86262]:86873[86873]:612[612]
207	1037860-2769	0	16362	-1	330169at2759_6334_0:001e0e|QAXC01000034_1|-|146|3.432e-36|1|1035092|1037860|1037860[1037860]:1035092[1035092]:2769[2769]
207	1921866+558	0	23367	1	345441at2759_370354_1:000ab0|QAXC01000034_1|+|90|2.473e-19|1|1921866|1922423|1921866[1921866]:1922423[1922423]:558[558]
207	145549-411	0	24538	-1	996662at2759_478820_1:001213|QAXC01000034_1|-|41|0.0001392|1|145139|145549|145549[145549]:145139[145139]:411[411]
207	1207766-234	0	25833	-1	543764at2759_6334_0:00368a|QAXC01000034_1|-|91|1.236e-19|1|1207533|1207766|1207766[1207766]:1207533[1207533]:234[234]
207	1550480+1881	0	31019	1	396755at2759_1676925_0:004b40|QAXC01000034_1|+|137|1.757e-33|1|1550480|1552360|1550480[1550480]:1552360[1552360]:1881[1881]
207	439010+303	0	48316	1	1445102at2759_1169540_1:0009af|QAXC01000034_1|+|56|4.248e-09|1|439010|439312|439010[439010]:439312[439312]:303[303]
207	198627+612	0	52217	1	674169at2759_407821_0:003211|QAXC01000034_1|+|158|8.378e-40|1|198627|199238|198627[198627]:199238[199238]:612[612]
207	1651123-612	0	52217	-1	674169at2759_407821_0:003211|QAXC01000034_1|-|154|1.34e-38|1|1650512|1651123|1651123[1651123]:1650512[1650512]:612[612]
207	1194810+1509	0	53347	1	1173229at2759_5353_1:00034b|QAXC01000034_1|+|179|3.995e-46|1|1194810|1196318|1194810[1194810]:1196318[1196318]:1509[1509]
207	1712288-672	0	59701	-1	1287401at2759_197043_0:004db7|QAXC01000034_1|-|145|6.863e-36|1|1711617|1712288|1712288[1712288]:1711617[1711617]:672[672]
207	865984-1221	0	61128	-1	1428265at2759_36050_1:002896|QAXC01000034_1|-|320|1.433e-88|1|864764|865984|865984[865984]:864764[864764]:1221[1221]
207	853907+879	0	63839	1	392369at2759_6526_0:0028e6|QAXC01000034_1|+|157|1.676e-39|1|853907|854785|853907[853907]:854785[854785]:879[879]
207	1683805+147	0	65427	1	392369at2759_857340_1:000351|QAXC01000034_1|+|41|0.0001392|1|1683805|1683951|1683805[1683805]:1683951[1683951]:147[147]
207	1454135+240	0	73002	1	1575179at2759_6087_0:00128c|QAXC01000034_1|+|42|6.96e-05|1|1454135|1454374|1454135[1454135]:1454374[1454374]:240[240]
207	1644127+609	0	75985	1	1488235at2759_103695_0:0017af|QAXC01000034_1|+|39|0.0005568|1|1644127|1644735|1644127[1644127]:1644735[1644735]:609[609]
207	1321023-681	0	77590	-1	1079130at2759_134006_1:000779|QAXC01000034_1|-|49|5.438e-07|1|1320343|1321023|1321023[1321023]:1320343[1320343]:681[681]
207	451428-864	0	79689	-1	1260807at2759_319348_0:003b88|QAXC01000034_1|-|225|5.677e-60|1|450565|451428|451428[451428]:450565[450565]:864[864]
207	932990+615	0	80303	1	674169at2759_378494_0:0009ba|QAXC01000034_1|+|90|2.473e-19|1|932990|933604|932990[932990]:933604[933604]:615[615]
207	331180-636	0	80303	-1	674169at2759_378494_0:0009ba|QAXC01000034_1|-|68|1.037e-12|1|330545|331180|331180[331180]:330545[330545]:636[636]
207	860808+1020	0	81571	1	1115196at2759_50429_0:00335d|QAXC01000034_1|+|451|5.264e-128|1|860808|861827|860808[860808]:861827[861827]:1020[1020]
207	413285+2259	0	83601	1	1223488at2759_7394_0:001d9f|QAXC01000034_1|+|571|3.961e-164|1|413285|415543|413285[413285]:415543[415543]:2259[2259]
207	1177109-405	0	84472	-1	1138059at2759_881290_1:0007d0|QAXC01000034_1|-|41|0.0001392|1|1176705|1177109|1177109[1177109]:1176705[1176705]:405[405]
207	1180613-954	0	93593	-1	1065019at2759_79782_0:002b17|QAXC01000034_1|-|128|8.996e-31|1|1179660|1180613|1180613[1180613]:1179660[1179660]:954[954]
207	110558-606	0	102116	-1	1322642at2759_6973_0:005e7f|QAXC01000034_1|-|278|6.303e-76|1|109953|110558|110558[110558]:109953[109953]:606[606]
207	874207+510	0	102132	1	1178688at2759_69820_0:0039c1|QAXC01000034_1|+|105|7.546e-24|1|874207|874716|874207[874207]:874716[874716]:510[510]
207	518705+1299	0	107238	1	142542at2759_218467_0:004e9c|QAXC01000034_1|+|83|3.165e-17|1|518705|520003|518705[518705]:520003[520003]:1299[1299]
207	1090524+1332	0	119806	1	1324510at2759_56086_0:0021e5|QAXC01000034_1|+|116|3.685e-27|1|1090524|1091855|1090524[1090524]:1091855[1091855]:1332[1332]
207	124126-1335	0	119806	-1	1324510at2759_56086_0:0021e5|QAXC01000034_1|-|164|1.309e-41|1|122792|124126|124126[124126]:122792[122792]:1335[1335]
207	898267-1107	0	123256	-1	901894at2759_10224_0:002b65|QAXC01000034_1|-|76|4.051e-15|1|897161|898267|898267[898267]:897161[897161]:1107[1107]
207	768807+1068	0	129651	1	719531at2759_5858_1:0007a9|QAXC01000034_1|+|64|1.659e-11|1|768807|769874|768807[768807]:769874[769874]:1068[1068]
207	355048+2075	0	130512	1	1445102at2759_6973_0:0010ff|QAXC01000034_1|+|681|3.051e-197|2|355048|357122|355048[355048]:355764[355764]:717[717]|355923[355923]:357122[357122]:1200[1200]
207	1924757+1116	0	140003	1	664730at2759_69820_0:003b30|QAXC01000034_1|+|411|5.788e-116|1|1924757|1925872|1924757[1924757]:1925872[1925872]:1116[1116]
207	1753647+603	0	146038	1	1445102at2759_326968_0:006a52|QAXC01000034_1|+|149|4.29e-37|1|1753647|1754249|1753647[1753647]:1754249[1754249]:603[603]
207	437306-939	0	164698	-1	655400at2759_30023_0:0004cc|QAXC01000034_1|-|61|1.328e-10|1|436368|437306|437306[437306]:436368[436368]:939[939]
207	1673474+306	0	169248	1	1545004at2759_78828_0:000676|QAXC01000034_1|+|135|7.028e-33|1|1673474|1673779|1673474[1673474]:1673779[1673779]:306[306]
207	358414-603	0	170097	-1	721605at2759_945553_1:001111|QAXC01000034_1|-|40|0.0002784|1|357812|358414|358414[358414]:357812[357812]:603[603]
207	132356-1035	0	182263	-1	655400at2759_1507135_0:000a1d|QAXC01000034_1|-|62|6.638e-11|1|131322|132356|132356[132356]:131322[131322]:1035[1035]
207	134621+2874	0	183829	1	390348at2759_319348_0:002ae8|QAXC01000034_1|+|1180|0|1|134621|137494|134621[134621]:137494[137494]:2874[2874]
207	506497+501	0	186540	1	1107630at2759_5963_1:001e67|QAXC01000034_1|+|44|1.74e-05|1|506497|506997|506497[506497]:506997[506997]:501[501]
207	550120-507	0	187058	-1	1445102at2759_6669_0:002b72|QAXC01000034_1|-|51|1.359e-07|1|549614|550120|550120[550120]:549614[549614]:507[507]
207	100120+777	0	192034	1	761109at2759_1754192_1:0004fb|QAXC01000034_1|+|65|8.297e-12|1|100120|100896|100120[100120]:100896[100896]:777[777]
207	980619-1488	0	193298	-1	271586at2759_319348_0:003fb3|QAXC01000034_1|-|287|1.231e-78|1|979132|980619|980619[980619]:979132[979132]:1488[1488]
207	1434604+669	0	194943	1	1322642at2759_4781_1:000f13|QAXC01000034_1|+|66|4.149e-12|1|1434604|1435272|1434604[1434604]:1435272[1435272]:669[669]
207	711744+1794	0	195048	1	1220881at2759_48709_0:00062a|QAXC01000034_1|+|531|4.355e-152|1|711744|713537|711744[711744]:713537[713537]:1794[1794]
207	828220-258	0	217106	-1	1323575at2759_905079_1:002874|QAXC01000034_1|-|39|0.0005568|1|827963|828220|828220[828220]:827963[827963]:258[258]
207	1782088-846	0	220872	-1	299766at2759_224129_0:000097|QAXC01000034_1|-|127|1.799e-30|1|1781243|1782088|1782088[1782088]:1781243[1781243]:846[846]
207	242088-843	0	226027	-1	844748at2759_7741_0:004671|QAXC01000034_1|-|46|4.35e-06|1|241246|242088|242088[242088]:241246[241246]:843[843]
207	596604-1173	0	240094	-1	664730at2759_27996_1:000440|QAXC01000034_1|-|314|9.172e-87|1|595432|596604|596604[596604]:595432[595432]:1173[1173]
207	893980+597	0	241756	1	1107630at2759_418867_1:001039|QAXC01000034_1|+|75|8.103e-15|1|893980|894576|893980[893980]:894576[894576]:597[597]
207	714554-822	0	253086	-1	817008at2759_6412_0:000ee2|QAXC01000034_1|-|48|1.088e-06|1|713733|714554|714554[714554]:713733[713733]:822[822]
207	425575+777	0	253608	1	801857at2759_698492_1:0004c0|QAXC01000034_1|+|109|4.716e-25|1|425575|426351|425575[425575]:426351[426351]:777[777]
207	1657988-1119	0	271728	-1	858842at2759_59538_0:002b56|QAXC01000034_1|-|183|2.497e-47|1|1656870|1657988|1657988[1657988]:1656870[1656870]:1119[1119]
207	228117+1584	0	298054	1	179362at2759_378494_0:0041ae|QAXC01000034_1|+|235|5.544e-63|1|228117|229700|228117[228117]:229700[229700]:1584[1584]
207	1184989-1572	0	298054	-1	179362at2759_378494_0:0041ae|QAXC01000034_1|-|216|2.907e-57|1|1183418|1184989|1184989[1184989]:1183418[1183418]:1572[1572]
217	877-825	0	174318	-1	664730at2759_31033_0:003350|QAXC01000354_1|-|97|1.932e-21|1|53|877|877[877]:53[53]:825[825]
237	2+390	0	222644	1	1178688at2759_4081_0:006321|QAXC01000994_1|+|125|7.197e-30|1|2|391|2[2]:391[391]:390[390]
245	777+1149	0	99242	1	1322642at2759_378494_0:0028e9|QAXC01001250_1|+|104|1.509e-23|1|777|1925|777[777]:1925[1925]:1149[1149]
246	1432-1365	0	85578	-1	664730at2759_1049336_0:0048d9|QAXC01001282_1|-|493|1.197e-140|1|68|1432|1432[1432]:68[68]:1365[1365]
267	132+603	0	80303	1	674169at2759_378494_0:0009ba|QAXC01001954_1|+|89|4.946e-19|1|132|734|132[132]:734[734]:603[603]
387	1466+615	0	80303	1	674169at2759_378494_0:0009ba|QAXC01005794_1|+|51|1.359e-07|1|1466|2080|1466[1466]:2080[2080]:615[615]
391	2036-1572	0	298054	-1	179362at2759_378494_0:0041ae|QAXC01005922_1|-|173|2.557e-44|1|465|2036|2036[2036]:465[465]:1572[1572]
399	1092-450	0	86265	-1	1138059at2759_1182542_1:002238|QAXC01006178_1|-|40|0.0002784|1|643|1092|1092[1092]:643[643]:450[450]
406	1775-582	0	17765	-1	1428265at2759_78828_0:000c6d|QAXC01006402_1|-|76|4.051e-15|1|1194|1775|1775[1775]:1194[1194]:582[582]
412	1107223+1188	0	1836	1	655400at2759_133901_0:000378|QAXC01000003_1|+|370|1.273e-103|1|1107223|1108410|1107223[1107223]:1108410[1108410]:1188[1188]
412	1106085+1134	0	11304	1	655400at2759_133901_0:000379|QAXC01000003_1|+|312|3.669e-86|1|1106085|1107218|1106085[1106085]:1107218[1107218]:1134[1134]
412	2414154+1689	0	12154	1	325552at2759_1754192_1:00248e|QAXC01000003_1|+|45|8.7e-06|1|2414154|2415842|2414154[2414154]:2415842[2415842]:1689[1689]
412	501698-2670	0	16362	-1	330169at2759_6334_0:001e0e|QAXC01000003_1|-|490|9.576e-140|1|499029|501698|501698[501698]:499029[499029]:2670[2670]
412	2056464+903	0	20104	1	142542at2759_1218281_0:001d5c|QAXC01000003_1|+|82|6.33e-17|1|2056464|2057366|2056464[2056464]:2057366[2057366]:903[903]
412	1298364+648	0	22964	1	1107630at2759_329046_1:000155|QAXC01000003_1|+|55|8.496e-09|1|1298364|1299011|1298364[1298364]:1299011[1299011]:648[648]
412	1444743-297	0	23367	-1	345441at2759_370354_1:000ab0|QAXC01000003_1|-|47|2.175e-06|1|1444447|1444743|1444743[1444743]:1444447[1444447]:297[297]
412	2975668-699	0	25572	-1	1405073at2759_5949_1:004c9a|QAXC01000003_1|-|63|3.319e-11|1|2974970|2975668|2975668[2975668]:2974970[2974970]:699[699]
412	1409312-1641	0	25765	-1	296129at2759_62324_0:0007c2|QAXC01000003_1|-|184|1.248e-47|1|1407672|1409312|1409312[1409312]:1407672[1407672]:1641[1641]
412	2224985+828	0	25770	1	1284731at2759_62324_0:002ea1|QAXC01000003_1|+|114|1.474e-26|1|2224985|2225812|2224985[2224985]:2225812[2225812]:828[828]
412	1616452+528	0	33919	1	1445102at2759_4615_0:001f2c|QAXC01000003_1|+|57|2.124e-09|1|1616452|1616979|1616452[1616452]:1616979[1616979]:528[528]
412	2936466-972	0	39644	-1	1115196at2759_132113_0:000860|QAXC01000003_1|-|453|1.316e-128|1|2935495|2936466|2936466[2936466]:2935495[2935495]:972[972]
412	69666-615	0	42253	-1	39650at2759_36646_1:000574|QAXC01000003_1|-|102|6.037e-23|1|69052|69666|69666[69666]:69052[69052]:615[615]
412	1620840-630	0	44236	-1	1107630at2759_573826_1:000395|QAXC01000003_1|-|50|2.719e-07|1|1620211|1620840|1620840[1620840]:1620211[1620211]:630[630]
412	1270807+822	0	51330	1	719531at2759_32264_0:001964|QAXC01000003_1|+|47|2.175e-06|1|1270807|1271628|1270807[1270807]:1271628[1271628]:822[822]
412	246900+1515	0	56734	1	1010730at2759_988480_1:0005b9|QAXC01000003_1|+|293|1.924e-80|1|246900|248414|246900[246900]:248414[248414]:1515[1515]
412	1614314+642	0	59135	1	719531at2759_1460289_1:003c93|QAXC01000003_1|+|44|1.74e-05|1|1614314|1614955|1614314[1614314]:1614955[1614955]:642[642]
412	2621836+1227	0	61128	1	1428265at2759_36050_1:002896|QAXC01000003_1|+|345|4.271e-96|1|2621836|2623062|2621836[2621836]:2623062[2623062]:1227[1227]
412	45147+882	0	63839	1	392369at2759_6526_0:0028e6|QAXC01000003_1|+|143|2.745e-35|1|45147|46028|45147[45147]:46028[46028]:882[882]
412	2472593-606	0	64582	-1	1107630at2759_7260_0:000e25|QAXC01000003_1|-|77|2.026e-15|1|2471988|2472593|2472593[2472593]:2471988[2471988]:606[606]
412	2118517-624	0	69760	-1	392369at2759_28588_0:003004|QAXC01000003_1|-|44|1.74e-05|1|2117894|2118517|2118517[2118517]:2117894[2117894]:624[624]
412	2381156+459	0	72907	1	1312453at2759_5949_1:0015a8|QAXC01000003_1|+|49|5.438e-07|1|2381156|2381614|2381156[2381156]:2381614[2381614]:459[459]
412	179260+603	0	80303	1	674169at2759_378494_0:0009ba|QAXC01000003_1|+|60|2.655e-10|1|179260|179862|179260[179260]:179862[179862]:603[603]
412	2838763-582	0	80303	-1	674169at2759_378494_0:0009ba|QAXC01000003_1|-|91|1.236e-19|1|2838182|2838763|2838763[2838763]:2838182[2838182]:582[582]
412	2499461-240	0	86488	-1	1479417at2759_1245528_1:000f7a|QAXC01000003_1|-|53|3.399e-08|1|2499222|2499461|2499461[2499461]:2499222[2499222]:240[240]
412	754146-5883	0	89855	-1	1324510at2759_3847_0:007f7b|QAXC01000003_1|-|1255|0|2|748264|754146|754146[754146]:749758[749758]:4389[4389]|749496[749496]:748264[748264]:1233[1233]
412	1254523+990	0	91214	1	719531at2759_5286_1:000d6e|QAXC01000003_1|+|64|1.659e-11|1|1254523|1255512|1254523[1254523]:1255512[1255512]:990[990]
412	2342256+1260	0	98435	1	345441at2759_30025_0:001355|QAXC01000003_1|+|40|0.0002784|1|2342256|2343515|2342256[2342256]:2343515[2343515]:1260[1260]
412	237537+1101	0	98512	1	1428265at2759_306901_1:001819|QAXC01000003_1|+|203|2.381e-53|1|237537|238637|237537[237537]:238637[238637]:1101[1101]
412	1434536+306	0	106113	1	1323575at2759_1365886_1:00077b|QAXC01000003_1|+|60|2.655e-10|1|1434536|1434841|1434536[1434536]:1434841[1434841]:306[306]
412	789138-723	0	108695	-1	1405146at2759_37682_0:00a31b|QAXC01000003_1|-|63|3.319e-11|1|788416|789138|789138[789138]:788416[788416]:723[723]
412	1287532+648	0	118645	1	1445102at2759_41668_1:0023ca|QAXC01000003_1|+|68|1.037e-12|1|1287532|1288179|1287532[1287532]:1288179[1288179]:648[648]
412	836383+1326	0	119806	1	1324510at2759_56086_0:0021e5|QAXC01000003_1|+|137|1.757e-33|1|836383|837708|836383[836383]:837708[837708]:1326[1326]
412	211590-1341	0	119806	-1	1324510at2759_56086_0:0021e5|QAXC01000003_1|-|235|5.544e-63|1|210250|211590|211590[211590]:210250[210250]:1341[1341]
412	455201+684	0	125078	1	801857at2759_13706_1:000827|QAXC01000003_1|+|128|8.996e-31|1|455201|455884|455201[455201]:455884[455884]:684[684]
412	1355664+1065	0	126720	1	865202at2759_294128_0:0026fc|QAXC01000003_1|+|67|2.074e-12|1|1355664|1356728|1355664[1355664]:1356728[1356728]:1065[1065]
412	1295644+540	0	128491	1	1107630at2759_45354_1:000274|QAXC01000003_1|+|48|1.088e-06|1|1295644|1296183|1295644[1295644]:1296183[1296183]:540[540]
412	1220587+1167	0	131388	1	83779at2759_78828_0:004a77|QAXC01000003_1|+|101|1.207e-22|1|1220587|1221753|1220587[1220587]:1221753[1221753]:1167[1167]
412	2029494-1659	0	131388	-1	83779at2759_78828_0:004a77|QAXC01000003_1|-|572|1.98e-164|1|2027836|2029494|2029494[2029494]:2027836[2027836]:1659[1659]
412	19324+2334	0	146584	1	1355894at2759_378494_0:005320|QAXC01000003_1|+|270|1.614e-73|1|19324|21657|19324[19324]:21657[21657]:2334[2334]
412	1264083+1395	0	147404	1	83779at2759_45286_1:000ae1|QAXC01000003_1|+|78|1.013e-15|1|1264083|1265477|1264083[1264083]:1265477[1265477]:1395[1395]
412	1914414+1170	0	152045	1	1428265at2759_1081102_1:0006f7|QAXC01000003_1|+|93|3.091e-20|1|1914414|1915583|1914414[1914414]:1915583[1915583]:1170[1170]
412	3091295-231	0	167735	-1	1323575at2759_6185_0:001c92|QAXC01000003_1|-|48|1.088e-06|1|3091065|3091295|3091295[3091295]:3091065[3091065]:231[231]
412	654170+273	0	169248	1	1545004at2759_78828_0:000676|QAXC01000003_1|+|126|3.598e-30|1|654170|654442|654170[654170]:654442[654442]:273[273]
412	376101+1641	0	170777	1	674169at2759_1049336_0:000c9e|QAXC01000003_1|+|394|7.587e-111|1|376101|377741|376101[376101]:377741[377741]:1641[1641]
412	648663-1239	0	170777	-1	674169at2759_1049336_0:000c9e|QAXC01000003_1|-|307|1.174e-84|1|647425|648663|648663[648663]:647425[647425]:1239[1239]
412	1382089-1257	0	171123	-1	1287401at2759_1105325_1:00162f|QAXC01000003_1|-|282|3.939e-77|1|1380833|1382089|1382089[1382089]:1380833[1380833]:1257[1257]
412	1613175+864	0	172185	1	719531at2759_1317065_1:001cae|QAXC01000003_1|+|48|1.088e-06|1|1613175|1614038|1613175[1613175]:1614038[1614038]:864[864]
412	411046+540	0	176840	1	1322642at2759_5759_1:000b0a|QAXC01000003_1|+|64|1.659e-11|1|411046|411585|411046[411046]:411585[411585]:540[540]
412	1305503+630	0	177306	1	1079130at2759_63057_0:006a99|QAXC01000003_1|+|42|6.96e-05|1|1305503|1306132|1305503[1305503]:1306132[1306132]:630[630]
412	712337-1242	0	177480	-1	1563319at2759_655863_1:000e42|QAXC01000003_1|-|75|8.103e-15|1|711096|712337|712337[712337]:711096[711096]:1242[1242]
412	1294479+1062	0	184739	1	719531at2759_4039_0:000992|QAXC01000003_1|+|69|5.186e-13|1|1294479|1295540|1294479[1294479]:1295540[1295540]:1062[1062]
412	629202+561	0	187343	1	392369at2759_698492_1:001137|QAXC01000003_1|+|64|1.659e-11|1|629202|629762|629202[629202]:629762[629762]:561[561]
412	1555218+609	0	188324	1	946128at2759_80379_0:00394f|QAXC01000003_1|+|114|1.474e-26|1|1555218|1555826|1555218[1555218]:1555826[1555826]:609[609]
412	2185158+930	0	192779	1	396755at2759_280463_1:002fc9|QAXC01000003_1|+|49|5.438e-07|1|2185158|2186087|2185158[2185158]:2186087[2186087]:930[930]
412	1862327+429	0	194810	1	1194797at2759_4565_0:002f39|QAXC01000003_1|+|47|2.175e-06|1|1862327|1862755|1862327[1862327]:1862755[1862755]:429[429]
412	804719+843	0	199268	1	1079130at2759_1068625_1:00294a|QAXC01000003_1|+|54|1.699e-08|1|804719|805561|804719[804719]:805561[805561]:843[843]
412	2919221-963	0	200297	-1	1128607at2759_1291522_0:0001d5|QAXC01000003_1|-|186|3.121e-48|1|2918259|2919221|2919221[2919221]:2918259[2918259]:963[963]
412	1059090+864	0	202679	1	299766at2759_3075_0:001958|QAXC01000003_1|+|173|2.557e-44|1|1059090|1059953|1059090[1059090]:1059953[1059953]:864[864]
412	1050755+561	0	210074	1	1322642at2759_13249_0:003980|QAXC01000003_1|+|124|1.439e-29|1|1050755|1051315|1050755[1050755]:1051315[1051315]:561[561]
412	1582339-1359	0	210074	-1	1322642at2759_13249_0:003980|QAXC01000003_1|-|527|6.967e-151|2|1580981|1582339|1582339[1582339]:1581767[1581767]:573[573]|1581511[1581484]:1580981[1580981]:531[504]
412	2943445+876	0	213947	1	664730at2759_484906_1:000d89|QAXC01000003_1|+|40|0.0002784|1|2943445|2944320|2943445[2943445]:2944320[2944320]:876[876]
412	51628+531	0	214928	1	1178688at2759_59538_0:00435a|QAXC01000003_1|+|124|1.439e-29|1|51628|52158|51628[51628]:52158[52158]:531[531]
412	980231-285	0	218077	-1	1323575at2759_1043627_1:002000|QAXC01000003_1|-|40|0.0002784|1|979947|980231|980231[980231]:979947[979947]:285[285]
412	2840925-195	0	231750	-1	878143at2759_37621_0:003a7d|QAXC01000003_1|-|39|0.0005568|1|2840731|2840925|2840925[2840925]:2840731[2840731]:195[195]
412	356046+519	0	233862	1	1633672at2759_59538_0:004378|QAXC01000003_1|+|239|3.465e-64|1|356046|356564|356046[356046]:356564[356564]:519[519]
412	2193834+3885	0	238523	1	655400at2759_133901_0:000186|QAXC01000003_1|+|400|1.185e-112|3|2193834|2197718|2193834[2193834]:2194964[2194964]:1131[1131]|2197387[2197387]:2197476[2197476]:90[90]|2197629[2197665]:2197718[2197718]:90[54]
412	1979481+723	0	243320	1	911863at2759_5949_1:002379|QAXC01000003_1|+|44|1.74e-05|1|1979481|1980203|1979481[1979481]:1980203[1980203]:723[723]
412	1102677+648	0	247161	1	911863at2759_1172189_1:001670|QAXC01000003_1|+|40|0.0002784|1|1102677|1103324|1102677[1102677]:1103324[1103324]:648[648]
412	2844609-654	0	247250	-1	1138059at2759_1202772_1:001f37|QAXC01000003_1|-|59|5.31e-10|1|2843956|2844609|2844609[2844609]:2843956[2843956]:654[654]
412	917160-3837	0	258569	-1	1248958at2759_2004951_1:0018f9|QAXC01000003_1|-|252|4.23e-68|1|913324|917160|917160[917160]:913324[913324]:3837[3837]
412	2503572+264	0	276241	1	179362at2759_1314777_1:00169c|QAXC01000003_1|+|43|3.48e-05|1|2503572|2503835|2503572[2503572]:2503835[2503835]:264[264]
412	1256529+702	0	278600	1	1051021at2759_33097_0:0007b4|QAXC01000003_1|+|52|6.797e-08|1|1256529|1257230|1256529[1256529]:1257230[1257230]:702[702]
412	3011914+567	0	280972	1	392369at2759_57577_0:00a0e9|QAXC01000003_1|+|48|1.088e-06|1|3011914|3012480|3011914[3011914]:3012480[3012480]:567[567]
412	1473318+1281	0	284713	1	844748at2759_110193_0:001266|QAXC01000003_1|+|55|8.496e-09|1|1473318|1474598|1473318[1473318]:1474598[1474598]:1281[1281]
412	2341130-744	0	294909	-1	911863at2759_1279043_1:00057b|QAXC01000003_1|-|59|5.31e-10|1|2340387|2341130|2341130[2341130]:2340387[2340387]:744[744]
412	372751+1299	0	296385	1	392369at2759_197043_0:0069cc|QAXC01000003_1|+|90|2.473e-19|1|372751|374049|372751[372751]:374049[374049]:1299[1299]
412	2472819+1563	0	298054	1	179362at2759_378494_0:0041ae|QAXC01000003_1|+|226|2.839e-60|1|2472819|2474381|2472819[2472819]:2474381[2474381]:1563[1563]
413	562305-738	0	42253	-1	39650at2759_36646_1:000574|QAXC01000035_1|-|91|1.236e-19|1|561568|562305|562305[562305]:561568[561568]:738[738]
413	425695+669	0	80303	1	674169at2759_378494_0:0009ba|QAXC01000035_1|+|56|4.248e-09|1|425695|426363|425695[425695]:426363[426363]:669[669]
413	568616-582	0	80303	-1	674169at2759_378494_0:0009ba|QAXC01000035_1|-|64|1.659e-11|1|568035|568616|568616[568616]:568035[568035]:582[582]
413	998120+5922	0	89855	1	1324510at2759_3847_0:007f7b|QAXC01000035_1|+|1859|0|2|998120|1004041|998120[998120]:1002598[1002598]:4479[4479]|1002788[1002788]:1004041[1004041]:1254[1254]
413	129452-753	0	97801	-1	911863at2759_224129_0:000d3a|QAXC01000035_1|-|42|6.96e-05|1|128700|129452|129452[129452]:128700[128700]:753[753]
413	245809+885	0	111585	1	1445102at2759_6973_0:006708|QAXC01000035_1|+|169|4.091e-43|1|245809|246693|245809[245809]:246693[246693]:885[885]
413	126132-753	0	130122	-1	1355894at2759_65357_1:000af2|QAXC01000035_1|-|87|1.978e-18|1|125380|126132|126132[126132]:125380[125380]:753[753]
413	436204-1662	0	131388	-1	83779at2759_78828_0:004a77|QAXC01000035_1|-|569|1.584e-163|1|434543|436204|436204[436204]:434543[434543]:1662[1662]
413	261526-363	0	154992	-1	1445102at2759_286706_0:000933|QAXC01000035_1|-|45|8.7e-06|1|261164|261526|261526[261526]:261164[261164]:363[363]
413	837377-309	0	169248	-1	1545004at2759_78828_0:000676|QAXC01000035_1|-|134|1.406e-32|1|837069|837377|837377[837377]:837069[837069]:309[309]
413	939460+1110	0	170777	1	674169at2759_1049336_0:000c9e|QAXC01000035_1|+|278|6.303e-76|1|939460|940569|939460[939460]:940569[940569]:1110[1110]
413	882685+2835	0	183829	1	390348at2759_319348_0:002ae8|QAXC01000035_1|+|1195|0|1|882685|885519|882685[882685]:885519[885519]:2835[2835]
413	808794+804	0	189281	1	721605at2759_988480_1:000a89|QAXC01000035_1|+|61|1.328e-10|1|808794|809597|808794[808794]:809597[809597]:804[804]
413	458859-1509	0	195048	-1	1220881at2759_48709_0:00062a|QAXC01000035_1|-|116|3.685e-27|1|457351|458859|458859[458859]:457351[457351]:1509[1509]
413	112586-2297	0	220872	-1	299766at2759_224129_0:000097|QAXC01000035_1|-|121|1.151e-28|2|110290|112586|112586[112586]:112239[112239]:348[348]|110646[110646]:110290[110290]:357[357]
413	219825-1005	0	223151	-1	664730at2759_45351_0:000027|QAXC01000035_1|-|375|3.978e-105|1|218821|219825|219825[219825]:218821[218821]:1005[1005]
413	205732+684	0	233629	1	761109at2759_57577_0:002cab|QAXC01000035_1|+|46|4.35e-06|1|205732|206415|205732[205732]:206415[206415]:684[684]
413	688153-1461	0	236641	-1	1488235at2759_9925_0:004bc2|QAXC01000035_1|-|166|3.273e-42|1|686693|688153|688153[688153]:686693[686693]:1461[1461]
413	327020-1113	0	271728	-1	858842at2759_59538_0:002b56|QAXC01000035_1|-|184|1.248e-47|1|325908|327020|327020[327020]:325908[325908]:1113[1113]
413	197156+1131	0	286699	1	878143at2759_1754191_1:0015d4|QAXC01000035_1|+|273|2.017e-74|1|197156|198286|197156[197156]:198286[198286]:1131[1131]
413	231548+1470	0	298054	1	179362at2759_378494_0:0041ae|QAXC01000035_1|+|190|1.951e-49|1|231548|233017|231548[231548]:233017[233017]:1470[1470]
457	134+651	0	42253	1	39650at2759_36646_1:000574|QAXC01001443_1|+|82|6.33e-17|1|134|784|134[134]:784[784]:651[651]
521	856-849	0	4012	-1	719531at2759_326968_0:000358|QAXC01003491_1|-|71|1.296e-13|1|8|856|856[856]:8[8]:849[849]
539	2623-522	0	233862	-1	1633672at2759_59538_0:004378|QAXC01004067_1|-|200|1.905e-52|1|2102|2623|2623[2623]:2102[2102]:522[522]
590	678+1008	0	140003	1	664730at2759_69820_0:003b30|QAXC01005699_1|+|360|1.303e-100|1|678|1685|678[678]:1685[1685]:1008[1008]
610	4546-1107	0	170777	-1	674169at2759_1049336_0:000c9e|QAXC01006339_1|-|301|7.514e-83|1|3440|4546|4546[4546]:3440[3440]:1107[1107]
618	962317+966	0	1626	1	719531at2759_1305764_1:000217|QAXC01000004_1|+|62|6.638e-11|1|962317|963282|962317[962317]:963282[963282]:966[966]
618	1306196+381	0	2669	1	1107630at2759_1754190_1:0027b3|QAXC01000004_1|+|63|3.319e-11|1|1306196|1306576|1306196[1306196]:1306576[1306576]:381[381]
618	71070-261	0	6789	-1	1479417at2759_61853_0:0027d6|QAXC01000004_1|-|50|2.719e-07|1|70810|71070|71070[71070]:70810[70810]:261[261]
618	966736+882	0	13151	1	719531at2759_296587_0:00061a|QAXC01000004_1|+|90|2.473e-19|1|966736|967617|966736[966736]:967617[967617]:882[882]
618	360442+219	0	25833	1	543764at2759_6334_0:00368a|QAXC01000004_1|+|87|1.978e-18|1|360442|360660|360442[360442]:360660[360660]:219[219]
618	210424-909	0	26827	-1	655400at2759_741705_1:0002b9|QAXC01000004_1|-|58|1.062e-09|1|209516|210424|210424[210424]:209516[209516]:909[909]
618	56211+1635	0	36525	1	1115196at2759_763406_1:000d5d|QAXC01000004_1|+|163|2.618e-41|1|56211|57845|56211[56211]:57845[57845]:1635[1635]
618	741824+606	0	80303	1	674169at2759_378494_0:0009ba|QAXC01000004_1|+|66|4.149e-12|1|741824|742429|741824[741824]:742429[742429]:606[606]
618	707041-639	0	80303	-1	674169at2759_378494_0:0009ba|QAXC01000004_1|-|67|2.074e-12|1|706403|707041|707041[707041]:706403[706403]:639[639]
618	1421953+1107	0	80973	1	673132at2759_431895_0:002225|QAXC01000004_1|+|255|5.287e-69|1|1421953|1423059|1421953[1421953]:1423059[1423059]:1107[1107]
618	429928-1059	0	93148	-1	325552at2759_745531_1:000301|QAXC01000004_1|-|40|0.0002784|1|428870|429928|429928[429928]:428870[428870]:1059[1059]
618	846729-1422	0	126946	-1	1576404at2759_3076_0:000a80|QAXC01000004_1|-|237|1.386e-63|1|845308|846729|846729[846729]:845308[845308]:1422[1422]
618	963427+1122	0	131388	1	83779at2759_78828_0:004a77|QAXC01000004_1|+|112|5.896e-26|1|963427|964548|963427[963427]:964548[964548]:1122[1122]
618	1244654+1161	0	134327	1	664730at2759_132113_0:002aba|QAXC01000004_1|+|536|1.361e-153|1|1244654|1245814|1244654[1244654]:1245814[1245814]:1161[1161]
618	1305333+552	0	142187	1	1107630at2759_10224_0:0012de|QAXC01000004_1|+|49|5.438e-07|1|1305333|1305884|1305333[1305333]:1305884[1305884]:552[552]
618	467440+858	0	170777	1	674169at2759_1049336_0:000c9e|QAXC01000004_1|+|141|1.098e-34|1|467440|468297|467440[467440]:468297[468297]:858[858]
618	965607+861	0	180568	1	719531at2759_1095630_1:00201c|QAXC01000004_1|+|81|1.266e-16|1|965607|966467|965607[965607]:966467[966467]:861[861]
618	1401245+1764	0	195048	1	1220881at2759_48709_0:00062a|QAXC01000004_1|+|503|1.169e-143|1|1401245|1403008|1401245[1401245]:1403008[1403008]:1764[1764]
618	288041+1680	0	210971	1	293315at2759_1754192_1:001bb0|QAXC01000004_1|+|143|2.745e-35|1|288041|289720|288041[288041]:289720[289720]:1680[1680]
618	840323+1224	0	215491	1	1287401at2759_670386_1:0013a1|QAXC01000004_1|+|113|2.948e-26|1|840323|841546|840323[840323]:841546[841546]:1224[1224]
618	1248412-1170	0	240094	-1	664730at2759_27996_1:000440|QAXC01000004_1|-|248|6.768e-67|1|1247243|1248412|1248412[1248412]:1247243[1247243]:1170[1170]
618	1377665-393	0	254855	-1	369837at2759_88015_0:003e33|QAXC01000004_1|-|46|4.35e-06|1|1377273|1377665|1377665[1377665]:1377273[1377273]:393[393]
618	108100-723	0	258999	-1	664730at2759_27342_1:000631|QAXC01000004_1|-|76|4.051e-15|1|107378|108100|108100[108100]:107378[107378]:723[723]
618	1266473+1572	0	266924	1	392369at2759_133901_0:000332|QAXC01000004_1|+|937|2.635e-274|1|1266473|1268044|1266473[1266473]:1268044[1268044]:1572[1572]
618	1394791-708	0	279718	-1	1342242at2759_42514_0:005ab1|QAXC01000004_1|-|72|6.482e-14|1|1394084|1394791|1394791[1394791]:1394084[1394084]:708[708]
618	618602+2868	0	285858	1	390348at2759_133901_0:000376|QAXC01000004_1|+|1328|0|1|618602|621469|618602[618602]:621469[621469]:2868[2868]
618	617236+1234	0	295325	1	673132at2759_133901_0:000377|QAXC01000004_1|+|515|2.854e-147|2|617236|618469|617236[617236]:618033[618033]:798[798]|618101[618101]:618469[618469]:369[369]
618	1421621-1536	0	298054	-1	179362at2759_378494_0:0041ae|QAXC01000004_1|-|214|1.163e-56|1|1420086|1421621|1421621[1421621]:1420086[1420086]:1536[1536]
657	1003+1344	0	119806	1	1324510at2759_56086_0:0021e5|QAXC01001252_1|+|123|2.879e-29|1|1003|2346|1003[1003]:2346[2346]:1344[1344]
744	4455-879	0	63839	-1	392369at2759_6526_0:0028e6|QAXC01004036_1|-|133|2.811e-32|1|3577|4455|4455[4455]:3577[3577]:879[879]
750	632-555	0	192651	-1	801857at2759_246812_0:002649|QAXC01004228_1|-|78|1.013e-15|1|78|632|632[632]:78[78]:555[555]
802	226+651	0	80303	1	674169at2759_378494_0:0009ba|QAXC01005892_1|+|94|1.545e-20|1|226|876|226[226]:876[876]:651[651]
816	938-936	0	119806	-1	1324510at2759_56086_0:0021e5|QAXC01006340_1|-|78|1.013e-15|1|3|938|938[938]:3[3]:936[936]
824	145305-699	0	210126	-1	664730at2759_133901_0:001aab|QAXC01000005_1|-|60|2.655e-10|1|144607|145305|145305[145305]:144607[144607]:699[699]
877	412+624	0	80303	1	674169at2759_378494_0:0009ba|QAXC01001701_1|+|55|8.496e-09|1|412|1035|412[412]:1035[1035]:624[624]
916	1112-951	0	64285	-1	1445102at2759_7029_0:008048|QAXC01002949_1|-|168|8.182e-43|1|162|1112|1112[1112]:162[162]:951[951]
928	3529+642	0	80303	1	674169at2759_378494_0:0009ba|QAXC01003333_1|+|63|3.319e-11|1|3529|4170|3529[3529]:4170[4170]:642[642]
950	750-561	0	222644	-1	1178688at2759_4081_0:006321|QAXC01004037_1|-|153|2.681e-38|1|190|750|750[750]:190[190]:561[561]
966	1815-849	0	214399	-1	655400at2759_554065_0:00010f|QAXC01004549_1|-|49|5.438e-07|1|967|1815|1815[1815]:967[967]:849[849]
984	1427-303	0	169248	-1	1545004at2759_78828_0:000676|QAXC01005125_1|-|133|2.811e-32|1|1125|1427|1427[1427]:1125[1125]:303[303]
993	2747+537	0	102132	1	1178688at2759_69820_0:0039c1|QAXC01005413_1|+|117|1.842e-27|1|2747|3283|2747[2747]:3283[3283]:537[537]
1030	291304+489	0	2669	1	1107630at2759_1754190_1:0027b3|QAXC01000006_1|+|92|6.182e-20|1|291304|291792|291304[291304]:291792[291792]:489[489]
1030	255695+579	0	42381	1	1107630at2759_3750_0:008edc|QAXC01000006_1|+|139|4.392e-34|1|255695|256273|255695[255695]:256273[256273]:579[579]
1030	6054+1461	0	56734	1	1010730at2759_988480_1:0005b9|QAXC01000006_1|+|360|1.303e-100|1|6054|7514|6054[6054]:7514[7514]:1461[1461]
1030	332226+576	0	80303	1	674169at2759_378494_0:0009ba|QAXC01000006_1|+|82|6.33e-17|1|332226|332801|332226[332226]:332801[332801]:576[576]
1030	257896-969	0	88961	-1	655400at2759_30023_0:001c24|QAXC01000006_1|-|48|1.088e-06|1|256928|257896|257896[257896]:256928[256928]:969[969]
1030	270507+888	0	134871	1	299766at2759_145388_0:003849|QAXC01000006_1|+|155|6.702e-39|1|270507|271394|270507[270507]:271394[271394]:888[888]
1030	142038+843	0	149089	1	719531at2759_6565_0:003dd1|QAXC01000006_1|+|63|3.319e-11|1|142038|142880|142038[142038]:142880[142880]:843[843]
1030	231543+696	0	153249	1	1445102at2759_1317065_1:0007fa|QAXC01000006_1|+|43|3.48e-05|1|231543|232238|231543[231543]:232238[232238]:696[696]
1030	293151+294	0	240702	1	1445102at2759_326968_0:001fa6|QAXC01000006_1|+|74|1.621e-14|1|293151|293444|293151[293151]:293444[293444]:294[294]
1030	53248+642	0	258385	1	1445102at2759_1805483_1:0000b9|QAXC01000006_1|+|97|1.932e-21|1|53248|53889|53248[53248]:53889[53889]:642[642]
1030	279691-516	0	263017	-1	142542at2759_6945_0:0001c6|QAXC01000006_1|-|63|3.319e-11|1|279176|279691|279691[279691]:279176[279176]:516[516]
1030	342525-414	0	300900	-1	671536at2759_6958_0:000b41|QAXC01000006_1|-|53|3.399e-08|1|342112|342525|342525[342525]:342112[342112]:414[414]
1031	5590+1374	0	85578	1	664730at2759_1049336_0:0048d9|QAXC01000038_1|+|436|1.725e-123|1|5590|6963|5590[5590]:6963[6963]:1374[1374]
1034	1343-990	0	165582	-1	655400at2759_383855_1:0026dd|QAXC01000134_1|-|48|1.088e-06|1|354|1343|1343[1343]:354[354]:990[990]
1037	1064-873	0	287426	-1	673132at2759_2786_0:0028ab|QAXC01000230_1|-|126|3.598e-30|1|192|1064|1064[1064]:192[192]:873[873]
1088	1179-1029	0	174335	-1	673132at2759_31234_0:000252|QAXC01001862_1|-|91|1.236e-19|1|151|1179|1179[1179]:151[151]:1029[1029]
1097	1112-1104	0	240094	-1	664730at2759_27996_1:000440|QAXC01002150_1|-|269|3.227e-73|1|9|1112|1112[1112]:9[9]:1104[1104]
1105	1240-909	0	167140	-1	664730at2759_56086_0:0010ee|QAXC01002406_1|-|204|1.191e-53|1|332|1240|1240[1240]:332[332]:909[909]
1124	2575-471	0	80303	-1	674169at2759_378494_0:0009ba|QAXC01003014_1|-|63|3.319e-11|1|2105|2575|2575[2575]:2105[2105]:471[471]
1170	1476+762	0	139190	1	734341at2759_59538_0:002815|QAXC01004486_1|+|227|1.419e-60|1|1476|2237|1476[1476]:2237[2237]:762[762]
1205	220+675	0	145393	1	911863at2759_27337_1:001ed7|QAXC01005606_1|+|43|3.48e-05|1|220|894|220[220]:894[894]:675[675]
1236	114982-474	0	284483	-1	1014314at2759_1069680_1:0005d4|QAXC01000007_1|-|62|6.638e-11|1|114509|114982|114982[114982]:114509[114509]:474[474]
1299	1342-783	0	14033	-1	865202at2759_378494_0:0042d9|QAXC01002023_1|-|152|5.362e-38|1|560|1342|1342[1342]:560[560]:783[783]
1327	867+588	0	80303	1	674169at2759_378494_0:0009ba|QAXC01002919_1|+|59|5.31e-10|1|867|1454|867[867]:1454[1454]:588[588]
1329	981-168	0	222868	-1	1291729at2759_4232_0:008cb6|QAXC01002983_1|-|40|0.0002784|1|814|981|981[981]:814[814]:168[168]
1356	975-750	0	59701	-1	1287401at2759_197043_0:004db7|QAXC01003847_1|-|173|2.557e-44|1|226|975|975[975]:226[226]:750[750]
1406	1546-1194	0	61128	-1	1428265at2759_36050_1:002896|QAXC01005447_1|-|230|1.774e-61|1|353|1546|1546[1546]:353[353]:1194[1194]
1425	5+666	0	253592	1	664730at2759_6973_0:006bd2|QAXC01006055_1|+|80|2.532e-16|1|5|670|5[5]:670[670]:666[666]
1431	3763-582	0	80303	-1	674169at2759_378494_0:0009ba|QAXC01006247_1|-|79|5.064e-16|1|3182|3763|3763[3763]:3182[3182]:582[582]
1505	2385-1149	0	56050	-1	664730at2759_88036_0:00424c|QAXC01002024_1|-|100|2.415e-22|1|1237|2385|2385[2385]:1237[1237]:1149[1149]
1519	176+1122	0	270044	1	664730at2759_411798_0:00127f|QAXC01002472_1|+|248|6.768e-67|1|176|1297|176[176]:1297[1297]:1122[1122]
1602	1311-630	0	80303	-1	674169at2759_378494_0:0009ba|QAXC01005128_1|-|51|1.359e-07|1|682|1311|1311[1311]:682[682]:630[630]
1603	3461+1275	0	298054	1	179362at2759_378494_0:0041ae|QAXC01005160_1|+|70|2.593e-13|1|3461|4735|3461[3461]:4735[4735]:1275[1275]
1630	2646-633	0	80303	-1	674169at2759_378494_0:0009ba|QAXC01006024_1|-|66|4.149e-12|1|2014|2646|2646[2646]:2014[2014]:633[633]
1648	206278-525	0	157636	-1	1530008at2759_556484_1:000812|QAXC01000009_1|-|44|1.74e-05|1|205754|206278|206278[206278]:205754[205754]:525[525]
1648	201120+714	0	184739	1	719531at2759_4039_0:000992|QAXC01000009_1|+|40|0.0002784|1|201120|201833|201120[201120]:201833[201833]:714[714]
1648	24551+783	0	213047	1	1025450at2759_3983_0:000f2c|QAXC01000009_1|+|78|1.013e-15|1|24551|25333|24551[24551]:25333[25333]:783[783]
1648	201932+1029	0	298616	1	369837at2759_42345_0:003431|QAXC01000009_1|+|58|1.062e-09|1|201932|202960|201932[201932]:202960[202960]:1029[1029]
1669	1536+636	0	217719	1	604979at2759_994086_1:0020a0|QAXC01000681_1|+|46|4.35e-06|1|1536|2171|1536[1536]:2171[2171]:636[636]
1702	655+669	0	59701	1	1287401at2759_197043_0:004db7|QAXC01001737_1|+|185|6.242e-48|1|655|1323|655[655]:1323[1323]:669[669]
1714	667+462	0	72907	1	1312453at2759_5949_1:0015a8|QAXC01002121_1|+|63|3.319e-11|1|667|1128|667[667]:1128[1128]:462[462]
1745	1824-441	0	26194	-1	1322642at2759_67593_1:001a25|QAXC01003113_1|-|78|1.013e-15|1|1384|1824|1824[1824]:1384[1384]:441[441]
1775	441+357	0	137113	1	1323575at2759_378494_0:002939|QAXC01004073_1|+|51|1.359e-07|1|441|797|441[441]:797[797]:357[357]
1827	2724-1500	0	53347	-1	1173229at2759_5353_1:00034b|QAXC01005737_1|-|448|4.212e-127|1|1225|2724|2724[2724]:1225[1225]:1500[1500]
1836	796+1455	0	53347	1	1173229at2759_5353_1:00034b|QAXC01006025_1|+|201|9.525e-53|1|796|2250|796[796]:2250[2250]:1455[1455]
1836	2334+579	0	192223	1	1324510at2759_192259_0:001048|QAXC01006025_1|+|166|3.273e-42|1|2334|2912|2334[2334]:2912[2912]:579[579]
1838	1789+750	0	234843	1	673132at2759_71784_1:00179e|QAXC01006089_1|+|84|1.583e-17|1|1789|2538|1789[1789]:2538[2538]:750[750]
1854	1461+894	0	6219	1	664730at2759_56406_1:000793|QAXC01000010_1|+|68|1.037e-12|1|1461|2354|1461[1461]:2354[2354]:894[894]
1854	245746-603	0	42381	-1	1107630at2759_3750_0:008edc|QAXC01000010_1|-|145|6.863e-36|1|245144|245746|245746[245746]:245144[245144]:603[603]
1854	39222-612	0	52217	-1	674169at2759_407821_0:003211|QAXC01000010_1|-|138|8.785e-34|1|38611|39222|39222[39222]:38611[38611]:612[612]
1854	397005+846	0	79689	1	1260807at2759_319348_0:003b88|QAXC01000010_1|+|209|3.721e-55|1|397005|397850|397005[397005]:397850[397850]:846[846]
1854	352498+414	0	176016	1	1323575at2759_478820_1:000499|QAXC01000010_1|+|40|0.0002784|1|352498|352911|352498[352498]:352911[352911]:414[414]
1854	276685+717	0	231022	1	664730at2759_3055_0:00191f|QAXC01000010_1|+|43|3.48e-05|1|276685|277401|276685[276685]:277401[277401]:717[717]
1857	938+150	0	105026	1	858842at2759_1155016_0:000932|QAXC01000106_1|+|39|0.0005568|1|938|1087|938[938]:1087[1087]:150[150]
1960	1677-1566	0	298054	-1	179362at2759_378494_0:0041ae|QAXC01003402_1|-|222|4.542e-59|1|112|1677|1677[1677]:112[112]:1566[1566]
1962	1293-705	0	186527	-1	1322642at2759_59538_0:004252|QAXC01003466_1|-|405|3.705e-114|1|589|1293|1293[1293]:589[589]:705[705]
1975	1525+1155	0	131388	1	83779at2759_78828_0:004a77|QAXC01003882_1|+|162|5.236e-41|1|1525|2679|1525[1525]:2679[2679]:1155[1155]
2060	340881-630	0	42683	-1	923657at2759_400682_0:0040e1|QAXC01000011_1|-|114|1.474e-26|1|340252|340881|340881[340881]:340252[340252]:630[630]
2060	342615-489	0	45900	-1	1287401at2759_74940_0:009a69|QAXC01000011_1|-|158|8.378e-40|1|342127|342615|342615[342615]:342127[342127]:489[489]
2060	349869-483	0	48130	-1	1260807at2759_1133968_1:000ced|QAXC01000011_1|-|41|0.0001392|1|349387|349869|349869[349869]:349387[349387]:483[483]
2060	321234-612	0	54359	-1	1001705at2759_650164_1:000793|QAXC01000011_1|-|82|6.33e-17|1|320623|321234|321234[321234]:320623[320623]:612[612]
2060	13901-2115	0	83655	-1	142542at2759_7425_0:001b78|QAXC01000011_1|-|219|3.633e-58|1|11787|13901|13901[13901]:11787[11787]:2115[2115]
2060	338652-801	0	110080	-1	1260807at2759_51655_0:003ce4|QAXC01000011_1|-|164|1.309e-41|1|337852|338652|338652[338652]:337852[337852]:801[801]
2060	301032+1158	0	170777	1	674169at2759_1049336_0:000c9e|QAXC01000011_1|+|336|2.187e-93|1|301032|302189|301032[301032]:302189[302189]:1158[1158]
2060	359905-930	0	222401	-1	719531at2759_3847_0:00b546|QAXC01000011_1|-|94|1.545e-20|1|358976|359905|359905[359905]:358976[358976]:930[930]
2060	97982-948	0	231155	-1	1434266at2759_315563_0:002263|QAXC01000011_1|-|66|4.149e-12|1|97035|97982|97982[97982]:97035[97035]:948[948]
2060	318944-1515	0	298054	-1	179362at2759_378494_0:0041ae|QAXC01000011_1|-|186|3.121e-48|1|317430|318944|318944[318944]:317430[317430]:1515[1515]
2144	1238-306	0	169248	-1	1545004at2759_78828_0:000676|QAXC01002699_1|-|123|2.879e-29|1|933|1238|1238[1238]:933[933]:306[306]
2163	4+1074	0	92717	1	299766at2759_70448_0:0012e9|QAXC01003307_1|+|123|2.879e-29|1|4|1077|4[4]:1077[1077]:1074[1074]
2169	765+645	0	258385	1	1445102at2759_1805483_1:0000b9|QAXC01003499_1|+|99|4.83e-22|1|765|1409|765[765]:1409[1409]:645[645]
2230	1654-639	0	80303	-1	674169at2759_378494_0:0009ba|QAXC01005451_1|-|108|9.433e-25|1|1016|1654|1654[1654]:1016[1016]:639[639]
2238	1050+1536	0	254084	1	392369at2759_744533_1:002770|QAXC01005707_1|+|593|9.443e-171|1|1050|2585|1050[1050]:2585[2585]:1536[1536]
2278	894+264	0	265532	1	673132at2759_1068625_1:000713|QAXC01000396_1|+|82|6.33e-17|1|894|1157|894[894]:1157[1157]:264[264]
2363	836-771	0	125909	-1	719531at2759_1858805_1:001d57|QAXC01003116_1|-|46|4.35e-06|1|66|836|836[836]:66[66]:771[771]
2379	1736+525	0	102132	1	1178688at2759_69820_0:0039c1|QAXC01003628_1|+|98|9.659e-22|1|1736|2260|1736[1736]:2260[2260]:525[525]
2415	1159-207	0	25833	-1	543764at2759_6334_0:00368a|QAXC01004780_1|-|102|6.037e-23|1|953|1159|1159[1159]:953[953]:207[207]
2442	3738-807	0	286641	-1	142542at2759_168631_0:000c59|QAXC01005644_1|-|66|4.149e-12|1|2932|3738|3738[3738]:2932[2932]:807[807]
2444	625-624	0	162870	-1	779909at2759_1357716_1:001209|QAXC01005708_1|-|63|3.319e-11|1|2|625|625[625]:2[2]:624[624]
2450	2786-225	0	6789	-1	1479417at2759_61853_0:0027d6|QAXC01005900_1|-|40|0.0002784|1|2562|2786|2786[2786]:2562[2562]:225[225]
2472	166861+987	0	7435	1	1115196at2759_6973_0:004f71|QAXC01000013_1|+|425|3.533e-120|1|166861|167847|166861[166861]:167847[167847]:987[987]
2472	133314-219	0	25833	-1	543764at2759_6334_0:00368a|QAXC01000013_1|-|66|4.149e-12|1|133096|133314|133314[133314]:133096[133096]:219[219]
2472	85388-945	0	111585	-1	1445102at2759_6973_0:006708|QAXC01000013_1|-|398|4.742e-112|1|84444|85388|85388[85388]:84444[84444]:945[945]
2474	1597-318	0	156053	-1	345441at2759_378494_0:006693|QAXC01000077_1|-|80|2.532e-16|1|1280|1597|1597[1597]:1280[1280]:318[318]
2476	970+903	0	218918	1	655400at2759_1218281_0:000384|QAXC01000141_1|+|55|8.496e-09|1|970|1872|970[970]:1872[1872]:903[903]
2508	969+363	0	80303	1	674169at2759_378494_0:0009ba|QAXC01001165_1|+|80|2.532e-16|1|969|1331|969[969]:1331[1331]:363[363]
2574	789-789	0	36207	-1	1445102at2759_7282_0:00230e|QAXC01003277_1|-|222|4.542e-59|1|1|789|789[789]:1[1]:789[789]
2638	4571-942	0	90182	-1	866359at2759_412030_1:004c04|QAXC01005325_1|-|141|1.098e-34|1|3630|4571|4571[4571]:3630[3630]:942[942]
2638	5057-792	0	209985	-1	1025450at2759_1314781_1:005e15|QAXC01005325_1|-|96|3.864e-21|1|4266|5057|5057[5057]:4266[4266]:792[792]
2664	706-702	0	196805	-1	1128607at2759_69820_0:003cd1|QAXC01006157_1|-|178|7.99e-46|1|5|706|706[706]:5[5]:702[702]
2670	1760-594	0	55780	-1	946128at2759_80379_0:005789|QAXC01006349_1|-|64|1.659e-11|1|1167|1760|1760[1760]:1167[1167]:594[594]
2678	61487-465	0	90703	-1	1633672at2759_4572_0:005329|QAXC01000014_1|-|139|4.392e-34|1|61023|61487|61487[61487]:61023[61023]:465[465]
2692	2+375	0	272201	1	1445102at2759_66420_0:0003d0|QAXC01000462_1|+|52|6.797e-08|1|2|376|2[2]:376[376]:375[375]
2717	617+396	0	74366	1	491869at2759_7574_0:004502|QAXC01001262_1|+|123|2.879e-29|1|617|1012|617[617]:1012[1012]:396[396]
2788	1144+567	0	36351	1	1032689at2759_74557_1:001bec|QAXC01003534_1|+|41|0.0001392|1|1144|1710|1144[1144]:1710[1710]:567[567]
2792	871-759	0	33740	-1	1107630at2759_4432_0:001192|QAXC01003662_1|-|46|4.35e-06|1|113|871|871[871]:113[113]:759[759]
2807	3462-561	0	271728	-1	858842at2759_59538_0:002b56|QAXC01004142_1|-|120|2.303e-28|1|2902|3462|3462[3462]:2902[2902]:561[561]
2833	1430-318	0	199243	-1	1355894at2759_106004_1:000fc3|QAXC01004974_1|-|40|0.0002784|1|1113|1430|1430[1430]:1113[1113]:318[318]
2839	824+396	0	2317	1	464990at2759_145388_0:001e15|QAXC01005166_1|+|55|8.496e-09|1|824|1219|824[824]:1219[1219]:396[396]
2844	1405+252	0	291457	1	674169at2759_6973_0:004f02|QAXC01005326_1|+|41|0.0001392|1|1405|1656|1405[1405]:1656[1656]:252[252]
2865	1559+1293	0	11833	1	801857at2759_150288_0:003808|QAXC01005998_1|+|125|7.197e-30|1|1559|2851|1559[1559]:2851[2851]:1293[1293]
2868	6691-1503	0	298054	-1	179362at2759_378494_0:0041ae|QAXC01006094_1|-|137|1.757e-33|1|5189|6691|6691[6691]:5189[5189]:1503[1503]
2884	4247+450	0	128578	1	1019762at2759_4577_0:0021a5|QAXC01000015_1|+|103|3.019e-23|1|4247|4696|4247[4247]:4696[4696]:450[450]
2884	36751+564	0	276137	1	768809at2759_1299270_1:000883|QAXC01000015_1|+|43|3.48e-05|1|36751|37314|36751[36751]:37314[37314]:564[564]
2884	18853-1560	0	298054	-1	179362at2759_378494_0:0041ae|QAXC01000015_1|-|206|2.976e-54|1|17294|18853|18853[18853]:17294[17294]:1560[1560]
2973	2977-1017	0	20082	-1	1428265at2759_1214573_1:000ea7|QAXC01002863_1|-|303|1.878e-83|1|1961|2977|2977[2977]:1961[1961]:1017[1017]
3027	670+1053	0	155122	1	673132at2759_294128_0:002eee|QAXC01004591_1|+|438|4.313e-124|1|670|1722|670[670]:1722[1722]:1053[1053]
3041	1073+1161	0	240094	1	664730at2759_27996_1:000440|QAXC01005039_1|+|297|1.202e-81|1|1073|2233|1073[1073]:2233[2233]:1161[1161]
3064	3109+441	0	99215	1	1138059at2759_37653_0:0027f5|QAXC01005775_1|+|48|1.088e-06|1|3109|3549|3109[3109]:3549[3549]:441[441]
3069	1108+387	0	148429	1	271586at2759_57577_0:0047c4|QAXC01005935_1|+|45|8.7e-06|1|1108|1494|1108[1108]:1494[1494]:387[387]
3087	2213+903	0	111585	1	1445102at2759_6973_0:006708|QAXC01006511_1|+|192|4.877e-50|1|2213|3115|2213[2213]:3115[3115]:903[903]
3090	7128+495	0	48120	1	392369at2759_113334_0:00173e|QAXC01000016_1|+|51|1.359e-07|1|7128|7622|7128[7128]:7622[7622]:495[495]
3090	32728+2145	0	115942	1	1019762at2759_1460289_1:00339b|QAXC01000016_1|+|160|2.095e-40|1|32728|34872|32728[32728]:34872[34872]:2145[2145]
3090	41790+840	0	152803	1	396755at2759_125945_0:000a5e|QAXC01000016_1|+|45|8.7e-06|1|41790|42629|41790[41790]:42629[42629]:840[840]
3174	3937-366	0	94649	-1	911863at2759_9974_0:001a7a|QAXC01002704_1|-|50|2.719e-07|1|3572|3937|3937[3937]:3572[3572]:366[366]
3200	3621-771	0	243328	-1	721605at2759_59538_0:003646|QAXC01003536_1|-|44|1.74e-05|1|2851|3621|3621[3621]:2851[2851]:771[771]
3226	1117-453	0	9346	-1	1051021at2759_983967_1:00121e|QAXC01004368_1|-|44|1.74e-05|1|665|1117|1117[1117]:665[665]:453[453]
3256	3086-714	0	31841	-1	911863at2759_280699_0:000bf5|QAXC01005328_1|-|50|2.719e-07|1|2373|3086|3086[3086]:2373[2373]:714[714]
3259	489-465	0	80303	-1	674169at2759_378494_0:0009ba|QAXC01005424_1|-|50|2.719e-07|1|25|489|489[489]:25[25]:465[465]
3266	1428-774	0	179572	-1	664730at2759_946122_1:000913|QAXC01005648_1|-|52|6.797e-08|1|655|1428|1428[1428]:655[655]:774[774]
3290	0+480	0	252793	1	1128607at2759_59538_0:00201d|QAXC01006416_1|+|278|6.303e-76|1|0|479|0[0]:479[479]:480[480]
3296	85017+228	0	25833	1	543764at2759_6334_0:00368a|QAXC01000017_1|+|93|3.091e-20|1|85017|85244|85017[85017]:85244[85244]:228[228]
3296	114017-582	0	56984	-1	392369at2759_10228_0:00004e|QAXC01000017_1|-|42|6.96e-05|1|113436|114017|114017[114017]:113436[113436]:582[582]
3296	86210+1329	0	119806	1	1324510at2759_56086_0:0021e5|QAXC01000017_1|+|132|5.622e-32|1|86210|87538|86210[86210]:87538[87538]:1329[1329]
3296	129131-1530	0	177847	-1	392369at2759_6973_0:0011d0|QAXC01000017_1|-|780|4.814e-227|1|127602|129131|129131[129131]:127602[127602]:1530[1530]
3296	20237+1083	0	297434	1	673132at2759_319348_0:0037c4|QAXC01000017_1|+|451|5.264e-128|1|20237|21319|20237[20237]:21319[21319]:1083[1083]
3324	13+1038	0	240094	1	664730at2759_27996_1:000440|QAXC01000913_1|+|281|7.879e-77|1|13|1050|13[13]:1050[1050]:1038[1038]
3392	1610-636	0	80303	-1	674169at2759_378494_0:0009ba|QAXC01003089_1|-|51|1.359e-07|1|975|1610|1610[1610]:975[975]:636[636]
3428	1020-990	0	269402	-1	83779at2759_36022_1:001467|QAXC01004241_1|-|74|1.621e-14|1|31|1020|1020[1020]:31[31]:990[990]
3443	162+1110	0	174335	1	673132at2759_31234_0:000252|QAXC01004721_1|+|147|1.716e-36|1|162|1271|162[162]:1271[1271]:1110[1110]
3468	582+510	0	222644	1	1178688at2759_4081_0:006321|QAXC01005521_1|+|121|1.151e-28|1|582|1091|582[582]:1091[1091]:510[510]
3489	4+1065	0	35045	1	491869at2759_59538_0:003ead|QAXC01006193_1|+|421|5.653e-119|1|4|1068|4[4]:1068[1068]:1065[1065]
3502	61128-798	0	46443	-1	1014314at2759_84753_1:000f94|QAXC01000018_1|-|42|6.96e-05|1|60331|61128|61128[61128]:60331[60331]:798[798]
3502	120041-1146	0	80973	-1	673132at2759_431895_0:002225|QAXC01000018_1|-|244|1.083e-65|1|118896|120041|120041[120041]:118896[118896]:1146[1146]
3502	102113+426	0	232139	1	1405146at2759_4098_0:005478|QAXC01000018_1|+|64|1.659e-11|1|102113|102538|102113[102113]:102538[102538]:426[426]
3502	133615-582	0	270635	-1	396755at2759_46433_1:009140|QAXC01000018_1|-|54|1.699e-08|1|133034|133615|133615[133615]:133034[133034]:582[582]
3513	550+483	0	252793	1	1128607at2759_59538_0:00201d|QAXC01000370_1|+|229|3.548e-61|1|550|1032|550[550]:1032[1032]:483[483]
3541	1530-747	0	79689	-1	1260807at2759_319348_0:003b88|QAXC01001266_1|-|127|1.799e-30|1|784|1530|1530[1530]:784[784]:747[747]
3541	514-504	0	243326	-1	1287401at2759_59538_0:002007|QAXC01001266_1|-|245|5.414e-66|1|11|514|514[514]:11[11]:504[504]
3566	1708+681	0	230882	1	911863at2759_2951_1:006d1b|QAXC01002066_1|+|49|5.438e-07|1|1708|2388|1708[1708]:2388[2388]:681[681]
3607	875+930	0	243328	1	721605at2759_59538_0:003646|QAXC01003378_1|+|381|6.215e-107|1|875|1804|875[875]:1804[1804]:930[930]
3621	1117-435	0	263017	-1	142542at2759_6945_0:0001c6|QAXC01003826_1|-|70|2.593e-13|1|683|1117|1117[1117]:683[683]:435[435]
3642	3516-681	0	47310	-1	390348at2759_9974_0:0023e1|QAXC01004498_1|-|298|6.011e-82|1|2836|3516|3516[3516]:2836[2836]:681[681]
3642	1549+633	0	80303	1	674169at2759_378494_0:0009ba|QAXC01004498_1|+|59|5.31e-10|1|1549|2181|1549[1549]:2181[2181]:633[633]
3648	1276-651	0	101846	-1	801857at2759_66656_0:007e52|QAXC01004690_1|-|121|1.151e-28|1|626|1276|1276[1276]:626[626]:651[651]
3695	557-543	0	94029	-1	299766at2759_905079_1:000e3e|QAXC01006194_1|-|123|2.879e-29|1|15|557|557[557]:15[15]:543[543]
3724	214+744	0	65863	1	721605at2759_936435_1:0004a8|QAXC01000531_1|+|53|3.399e-08|1|214|957|214[214]:957[957]:744[744]
3727	952-507	0	299529	-1	392369at2759_54380_0:002b69|QAXC01000627_1|-|42|6.96e-05|1|446|952|952[952]:446[446]:507[507]
3822	7264+546	0	64240	1	1445102at2759_6973_0:00383c|QAXC01003667_1|+|250|1.692e-67|1|7264|7809|7264[7264]:7809[7809]:546[546]
3825	363+855	0	189281	1	721605at2759_988480_1:000a89|QAXC01003763_1|+|46|4.35e-06|1|363|1217|363[363]:1217[1217]:855[855]
3848	237+204	0	39484	1	655400at2759_130453_0:003839|QAXC01004499_1|+|51|1.359e-07|1|237|440|237[237]:440[440]:204[204]
3854	1420-582	0	52217	-1	674169at2759_407821_0:003211|QAXC01004691_1|-|154|1.34e-38|1|839|1420|1420[1420]:839[839]:582[582]
3887	1254+771	0	130122	1	1355894at2759_65357_1:000af2|QAXC01005747_1|+|81|1.266e-16|1|1254|2024|1254[1254]:2024[2024]:771[771]
3914	252302+954	0	4254	1	1128607at2759_35525_0:006f22|QAXC01000020_1|+|429|2.208e-121|1|252302|253255|252302[252302]:253255[253255]:954[954]
3914	496206-978	0	7992	-1	299766at2759_747725_1:000f2a|QAXC01000020_1|-|49|5.438e-07|1|495229|496206|496206[496206]:495229[495229]:978[978]
3914	38597+426	0	48120	1	392369at2759_113334_0:00173e|QAXC01000020_1|+|57|2.124e-09|1|38597|39022|38597[38597]:39022[39022]:426[426]
3914	61379+621	0	52217	1	674169at2759_407821_0:003211|QAXC01000020_1|+|150|2.145e-37|1|61379|61999|61379[61379]:61999[61999]:621[621]
3914	342294-834	0	79689	-1	1260807at2759_319348_0:003b88|QAXC01000020_1|-|231|8.871e-62|1|341461|342294|342294[342294]:341461[341461]:834[834]
3914	207878+558	0	80303	1	674169at2759_378494_0:0009ba|QAXC01000020_1|+|55|8.496e-09|1|207878|208435|207878[207878]:208435[208435]:558[558]
3914	87865-975	0	81172	-1	655400at2759_454923_0:001de1|QAXC01000020_1|-|71|1.296e-13|1|86891|87865|87865[87865]:86891[86891]:975[975]
3914	434399-2352	0	83601	-1	1223488at2759_7394_0:001d9f|QAXC01000020_1|-|593|9.443e-171|1|432048|434399|434399[434399]:432048[432048]:2352[2352]
3914	272759+651	0	85848	1	911863at2759_108931_0:0034ce|QAXC01000020_1|+|58|1.062e-09|1|272759|273409|272759[272759]:273409[273409]:651[651]
3914	532491-2073	0	94751	-1	83779at2759_100787_1:001409|QAXC01000020_1|-|421|5.653e-119|1|530419|532491|532491[532491]:530419[530419]:2073[2073]
3914	98797-168	0	95982	-1	1355894at2759_1257118_1:000b43|QAXC01000020_1|-|51|1.359e-07|1|98630|98797|98797[98797]:98630[98630]:168[168]
3914	209498+747	0	117079	1	664730at2759_28532_0:003499|QAXC01000020_1|+|49|5.438e-07|1|209498|210244|209498[209498]:210244[210244]:747[747]
3914	149960+474	0	208130	1	996662at2759_981350_1:000bb6|QAXC01000020_1|+|40|0.0002784|1|149960|150433|149960[149960]:150433[150433]:474[474]
3914	171011-288	0	211180	-1	1079130at2759_197043_0:0052ce|QAXC01000020_1|-|50|2.719e-07|1|170724|171011|171011[171011]:170724[170724]:288[288]
3914	247413-447	0	233862	-1	1633672at2759_59538_0:004378|QAXC01000020_1|-|117|1.842e-27|1|246967|247413|247413[247413]:246967[246967]:447[447]
3978	1155-1032	0	298054	-1	179362at2759_378494_0:0041ae|QAXC01002068_1|-|74|1.621e-14|1|124|1155|1155[1155]:124[124]:1032[1032]
4080	1490+414	0	22110	1	1079130at2759_22663_0:00bb19|QAXC01005332_1|+|41|0.0001392|1|1490|1903|1490[1490]:1903[1903]:414[414]
4098	589+609	0	52217	1	674169at2759_407821_0:003211|QAXC01005908_1|+|158|8.378e-40|1|589|1197|589[589]:1197[1197]:609[609]
4105	3890+495	0	100708	1	1445102at2759_535722_1:001b36|QAXC01006132_1|+|55|8.496e-09|1|3890|4384|3890[3890]:4384[4384]:495[495]
4166	1165-1077	0	69824	-1	844748at2759_29029_0:0007cc|QAXC01001493_1|-|167|1.636e-42|1|89|1165|1165[1165]:89[89]:1077[1077]
4179	580+303	0	263033	1	671536at2759_6958_0:001157|QAXC01001909_1|+|43|3.48e-05|1|580|882|580[580]:882[882]:303[303]
4254	285+636	0	80303	1	674169at2759_378494_0:0009ba|QAXC01004309_1|+|62|6.638e-11|1|285|920|285[285]:920[920]:636[636]
4257	2499-753	0	130122	-1	1355894at2759_65357_1:000af2|QAXC01004405_1|-|97|1.932e-21|1|1747|2499|2499[2499]:1747[1747]:753[753]
4275	3412-1149	0	271728	-1	858842at2759_59538_0:002b56|QAXC01004981_1|-|229|3.548e-61|1|2264|3412|3412[3412]:2264[2264]:1149[1149]
4321	2541+675	0	128629	1	604979at2759_46433_1:007a71|QAXC01006453_1|+|108|9.433e-25|1|2541|3215|2541[2541]:3215[3215]:675[675]
4328	639-636	0	295100	-1	1322642at2759_130453_0:0029da|QAXC01000086_1|-|80|2.532e-16|1|4|639|639[639]:4[4]:636[636]
4337	749+243	0	239434	1	1051021at2759_180088_1:0012db|QAXC01000374_1|+|39|0.0005568|1|749|991|749[749]:991[991]:243[243]
4370	581+366	0	13459	1	1445102at2759_32264_0:001d83|QAXC01001430_1|+|40|0.0002784|1|581|946|581[581]:946[946]:366[366]
4373	1044-1044	0	80973	-1	673132at2759_431895_0:002225|QAXC01001526_1|-|255|5.287e-69|1|1|1044|1044[1044]:1[1]:1044[1044]
4404	1153+327	0	261089	1	679187at2759_4565_0:023261|QAXC01002518_1|+|73|3.241e-14|1|1153|1479|1153[1153]:1479[1479]:327[327]
4422	2757-609	0	80303	-1	674169at2759_378494_0:0009ba|QAXC01003094_1|-|57|2.124e-09|1|2149|2757|2757[2757]:2149[2149]:609[609]
4445	1098-1092	0	283297	-1	390348at2759_88501_0:000c06|QAXC01003830_1|-|218|7.267e-58|1|7|1098|1098[1098]:7[7]:1092[1092]
4453	1506+2190	0	187314	1	390348at2759_6973_0:0011eb|QAXC01004086_1|+|893|4.635e-261|1|1506|3695|1506[1506]:3695[3695]:2190[2190]
4511	1353-1155	0	201457	-1	396755at2759_1720309_0:0029b3|QAXC01005942_1|-|77|2.026e-15|1|199|1353|1353[1353]:199[199]:1155[1155]
4532	16256-696	0	245126	-1	946128at2759_80379_0:003c88|QAXC01000023_1|-|72|6.482e-14|1|15561|16256|16256[16256]:15561[15561]:696[696]
4589	1063+378	0	72804	1	392369at2759_58331_0:0045d7|QAXC01001847_1|+|44|1.74e-05|1|1063|1440|1063[1063]:1440[1440]:378[378]
4649	183+771	0	91859	1	1049599at2759_595528_0:000c62|QAXC01003767_1|+|72|6.482e-14|1|183|953|183[183]:953[953]:771[771]
4653	919-918	0	6641	-1	655400at2759_59538_0:003cb3|QAXC01003895_1|-|436|1.725e-123|1|2|919|919[919]:2[2]:918[918]
4679	1819-1263	0	171123	-1	1287401at2759_1105325_1:00162f|QAXC01004727_1|-|321|7.166e-89|1|557|1819|1819[1819]:557[557]:1263[1263]
4681	677-672	0	228917	-1	721605at2759_1314781_1:003ecf|QAXC01004791_1|-|57|2.124e-09|1|6|677|677[677]:6[6]:672[672]
4709	541+780	0	43986	1	1025450at2759_554065_0:000790|QAXC01005687_1|+|45|8.7e-06|1|541|1320|541[541]:1320[1320]:780[780]
4712	1609-876	0	280606	-1	1228942at2759_5454_1:0012ff|QAXC01005783_1|-|228|7.096e-61|1|734|1609|1609[1609]:734[734]:876[876]
4729	24+465	0	79689	1	1260807at2759_319348_0:003b88|QAXC01006327_1|+|102|6.037e-23|1|24|488|24[24]:488[488]:465[465]
4729	794+564	0	243326	1	1287401at2759_59538_0:002007|QAXC01006327_1|+|207|1.488e-54|1|794|1357|794[794]:1357[1357]:564[564]
4734	1771-609	0	52217	-1	674169at2759_407821_0:003211|QAXC01006487_1|-|143|2.745e-35|1|1163|1771|1771[1771]:1163[1163]:609[609]
4737	5550+774	0	45780	1	719531at2759_7425_0:000a32|QAXC01006583_1|+|41|0.0001392|1|5550|6323|5550[5550]:6323[6323]:774[774]
4738	56837+189	0	25038	1	179362at2759_54969_0:002c2d|QAXC01000024_1|+|39|0.0005568|1|56837|57025|56837[56837]:57025[57025]:189[189]
4738	235588+591	0	42381	1	1107630at2759_3750_0:008edc|QAXC01000024_1|+|136|3.514e-33|1|235588|236178|235588[235588]:236178[236178]:591[591]
4738	131837+609	0	52217	1	674169at2759_407821_0:003211|QAXC01000024_1|+|151|1.072e-37|1|131837|132445|131837[131837]:132445[132445]:609[609]
4738	229076+699	0	68945	1	801857at2759_1754190_1:0028c6|QAXC01000024_1|+|99|4.83e-22|1|229076|229774|229076[229076]:229774[229774]:699[699]
4738	152376-510	0	71257	-1	1096688at2759_412133_1:006b74|QAXC01000024_1|-|46|4.35e-06|1|151867|152376|152376[152376]:151867[151867]:510[510]
4738	312102+2382	0	83601	1	1223488at2759_7394_0:001d9f|QAXC01000024_1|+|602|1.844e-173|1|312102|314483|312102[312102]:314483[314483]:2382[2382]
4738	262489+915	0	88353	1	1128607at2759_225164_0:00062e|QAXC01000024_1|+|362|3.259e-101|1|262489|263403|262489[262489]:263403[263403]:915[915]
4738	134958+564	0	156053	1	345441at2759_378494_0:006693|QAXC01000024_1|+|89|4.946e-19|1|134958|135521|134958[134958]:135521[135521]:564[564]
4738	134271+375	0	165520	1	345441at2759_378494_0:006694|QAXC01000024_1|+|69|5.186e-13|1|134271|134645|134271[134271]:134645[134645]:375[375]
4738	236729+1116	0	271728	1	858842at2759_59538_0:002b56|QAXC01000024_1|+|313|1.834e-86|1|236729|237844|236729[236729]:237844[237844]:1116[1116]
4738	165118-501	0	275393	-1	1370304at2759_114398_0:002c46|QAXC01000024_1|-|39|0.0005568|1|164618|165118|165118[165118]:164618[164618]:501[501]
4738	157058-333	0	278260	-1	692986at2759_29730_0:00413e|QAXC01000024_1|-|49|5.438e-07|1|156726|157058|157058[157058]:156726[156726]:333[333]
4738	248791+534	0	280972	1	392369at2759_57577_0:00a0e9|QAXC01000024_1|+|43|3.48e-05|1|248791|249324|248791[248791]:249324[249324]:534[534]
4765	441-426	0	273288	-1	673132at2759_7668_0:006bbb|QAXC01000888_1|-|137|1.757e-33|1|16|441|441[441]:16[16]:426[426]
4785	1180-942	0	298054	-1	179362at2759_378494_0:0041ae|QAXC01001528_1|-|126|3.598e-30|1|239|1180|1180[1180]:239[239]:942[942]
4796	196+645	0	80303	1	674169at2759_378494_0:0009ba|QAXC01001880_1|+|49|5.438e-07|1|196|840|196[196]:840[840]:645[645]
4837	114+945	0	25590	1	345441at2759_5963_1:001a40|QAXC01003192_1|+|57|2.124e-09|1|114|1058|114[114]:1058[1058]:945[945]
4883	46+216	0	283730	1	898782at2759_946362_0:0005e5|QAXC01004664_1|+|58|1.062e-09|1|46|261|46[46]:261[261]:216[216]
4964	306+1608	0	267759	1	1112002at2759_1754190_1:0037cd|QAXC01000665_1|+|123|2.879e-29|1|306|1913|306[306]:1913[1913]:1608[1608]
5036	1121-492	0	139796	-1	1445102at2759_675120_1:002051|QAXC01002969_1|-|39|0.0005568|1|630|1121|1121[1121]:630[630]:492[492]
5075	463+1914	0	252636	1	142542at2759_578462_1:003297|QAXC01004217_1|+|215|5.813e-57|1|463|2376|463[463]:2376[2376]:1914[1914]
5092	540-540	0	80303	-1	674169at2759_378494_0:0009ba|QAXC01004761_1|-|46|4.35e-06|1|1|540|540[540]:1[1]:540[540]
5130	532+270	0	249491	1	1445102at2759_266149_1:001ae1|QAXC01005977_1|+|45|8.7e-06|1|532|801|532[532]:801[801]:270[270]
5131	1522+423	0	107579	1	1138059at2759_280463_1:007eca|QAXC01006009_1|+|45|8.7e-06|1|1522|1944|1522[1522]:1944[1944]:423[423]
5150	8268-1545	0	31019	-1	396755at2759_1676925_0:004b40|QAXC01000026_1|-|100|2.415e-22|1|6724|8268|8268[8268]:6724[6724]:1545[1545]
5270	3206-783	0	109644	-1	1025450at2759_4577_0:003503|QAXC01003866_1|-|42|6.96e-05|1|2424|3206|3206[3206]:2424[2424]:783[783]
5274	3538-624	0	80303	-1	674169at2759_378494_0:0009ba|QAXC01003994_1|-|61|1.328e-10|1|2915|3538|3538[3538]:2915[2915]:624[624]
5278	38+771	0	282502	1	911863at2759_74557_1:001976|QAXC01004122_1|+|54|1.699e-08|1|38|808|38[38]:808[808]:771[771]
5297	524+1494	0	262260	1	898782at2759_59538_0:002033|QAXC01004730_1|+|872|9.721e-255|1|524|2017|524[524]:2017[2017]:1494[1494]
5349	1078-525	0	52217	-1	674169at2759_407821_0:003211|QAXC01006394_1|-|79|5.064e-16|1|554|1078|1078[1078]:554[554]:525[525]
5356	24657-570	0	52217	-1	674169at2759_407821_0:003211|QAXC01000027_1|-|146|3.432e-36|1|24088|24657|24657[24657]:24088[24088]:570[570]
5356	57891-309	0	94649	-1	911863at2759_9974_0:001a7a|QAXC01000027_1|-|61|1.328e-10|1|57583|57891|57891[57891]:57583[57583]:309[309]
5356	20750+1614	0	193298	1	271586at2759_319348_0:003fb3|QAXC01000027_1|+|205|5.953e-54|1|20750|22363|20750[20750]:22363[22363]:1614[1614]
5385	76+579	0	14033	1	865202at2759_378494_0:0042d9|QAXC01000955_1|+|125|7.197e-30|1|76|654|76[76]:654[654]:579[579]
5401	14+669	0	24020	1	491869at2759_42026_0:00022e|QAXC01001467_1|+|151|1.072e-37|1|14|682|14[14]:682[682]:669[669]
5411	687-627	0	80303	-1	674169at2759_378494_0:0009ba|QAXC01001787_1|-|68|1.037e-12|1|61|687|687[687]:61[61]:627[627]
5521	310+576	0	172433	1	1488235at2759_1380566_1:00268c|QAXC01005307_1|+|73|3.241e-14|1|310|885|310[310]:885[885]:576[576]
5552	252+822	0	50567	1	1025450at2759_237631_1:001a0d|QAXC01006299_1|+|102|6.037e-23|1|252|1073|252[252]:1073[1073]:822[822]
5564	685+183	0	70977	1	1138059at2759_3900_0:0038e5|QAXC01000092_1|+|47|2.175e-06|1|685|867|685[685]:867[867]:183[183]
5582	16+753	0	121381	1	844748at2759_72520_1:000353|QAXC01000668_1|+|43|3.48e-05|1|16|768|16[16]:768[768]:753[753]
5604	2727-516	0	271728	-1	858842at2759_59538_0:002b56|QAXC01001372_1|-|242|4.331e-65|1|2212|2727|2727[2727]:2212[2212]:516[516]
5656	929-645	0	80303	-1	674169at2759_378494_0:0009ba|QAXC01003036_1|-|59|5.31e-10|1|285|929|929[929]:285[285]:645[645]
5666	678-672	0	200297	-1	1128607at2759_1291522_0:0001d5|QAXC01003356_1|-|124|1.439e-29|1|7|678|678[678]:7[7]:672[672]
5670	923+303	0	169248	1	1545004at2759_78828_0:000676|QAXC01003484_1|+|136|3.514e-33|1|923|1225|923[923]:1225[1225]:303[303]
5673	727-726	0	16108	-1	655400at2759_59538_0:002edc|QAXC01003580_1|-|106|3.773e-24|1|2|727|727[727]:2[2]:726[726]
5697	1712-507	0	202882	-1	866359at2759_33119_0:0036e8|QAXC01004348_1|-|40|0.0002784|1|1206|1712|1712[1712]:1206[1206]:507[507]
5732	647-561	0	210074	-1	1322642at2759_13249_0:003980|QAXC01005468_1|-|102|6.037e-23|1|87|647|647[647]:87[87]:561[561]
5747	564-378	0	263017	-1	142542at2759_6945_0:0001c6|QAXC01005948_1|-|74|1.621e-14|1|187|564|564[564]:187[187]:378[378]
5756	2504-552	0	23367	-1	345441at2759_370354_1:000ab0|QAXC01006236_1|-|104|1.509e-23|1|1953|2504|2504[2504]:1953[1953]:552[552]
5763	1414-588	0	80303	-1	674169at2759_378494_0:0009ba|QAXC01006460_1|-|54|1.699e-08|1|827|1414|1414[1414]:827[827]:588[588]
5765	685+441	0	270510	1	1323575at2759_454130_1:002b9e|QAXC01006524_1|+|41|0.0001392|1|685|1125|685[685]:1125[1125]:441[441]
5812	56+396	0	128578	1	1019762at2759_4577_0:0021a5|QAXC01001437_1|+|93|3.091e-20|1|56|451|56[56]:451[451]:396[396]
5840	1+936	0	262261	1	392369at2759_59538_0:002b51|QAXC01002333_1|+|601|3.689e-173|1|1|936|1[1]:936[936]:936[936]
5895	13+786	0	139190	1	734341at2759_59538_0:002815|QAXC01004093_1|+|277|1.261e-75|1|13|798|13[13]:798[798]:786[786]
5929	4925+513	0	270635	1	396755at2759_46433_1:009140|QAXC01005181_1|+|76|4.051e-15|1|4925|5437|4925[4925]:5437[5437]:513[513]
5948	5317+870	0	174908	1	719531at2759_37360_1:000575|QAXC01005789_1|+|85|7.913e-18|1|5317|6186|5317[5317]:6186[6186]:870[870]
5950	2836-777	0	77336	-1	655400at2759_130081_0:001588|QAXC01005853_1|-|57|2.124e-09|1|2060|2836|2836[2836]:2060[2060]:777[777]
5954	1631+408	0	98765	1	1018517at2759_333668_1:000408|QAXC01005981_1|+|48|1.088e-06|1|1631|2038|1631[1631]:2038[2038]:408[408]
5957	392+1149	0	240094	1	664730at2759_27996_1:000440|QAXC01006077_1|+|309|2.935e-85|1|392|1540|392[392]:1540[1540]:1149[1149]
5958	1963+411	0	214117	1	1041560at2759_50429_0:005f41|QAXC01006109_1|+|134|1.406e-32|1|1963|2373|1963[1963]:2373[2373]:411[411]
5960	1914+279	0	111400	1	1323575at2759_675824_1:00117e|QAXC01006173_1|+|41|0.0001392|1|1914|2192|1914[1914]:2192[2192]:279[279]
5966	3695-2958	0	91038	-1	396755at2759_50429_0:0028ff|QAXC01006365_1|-|169|4.091e-43|1|738|3695|3695[3695]:738[738]:2958[2958]
5970	802+564	0	102116	1	1322642at2759_6973_0:005e7f|QAXC01006493_1|+|255|5.287e-69|1|802|1365|802[802]:1365[1365]:564[564]
5988	36+558	0	23367	1	345441at2759_370354_1:000ab0|QAXC01000478_1|+|106|3.773e-24|1|36|593|36[36]:593[593]:558[558]
6020	163+777	0	14033	1	865202at2759_378494_0:0042d9|QAXC01001502_1|+|153|2.681e-38|1|163|939|163[163]:939[939]:777[777]
6047	11+327	0	179612	1	1342242at2759_94827_0:0033f3|QAXC01002366_1|+|70|2.593e-13|1|11|337|11[11]:337[337]:327[327]
6113	2275-1023	0	276391	-1	664730at2759_133901_0:000339|QAXC01004478_1|-|375|3.978e-105|1|1253|2275|2275[2275]:1253[1253]:1023[1023]
6146	3563-261	0	25833	-1	543764at2759_6334_0:00368a|QAXC01005534_1|-|74|1.621e-14|1|3303|3563|3563[3563]:3303[3303]:261[261]
6179	181+630	0	80303	1	674169at2759_378494_0:0009ba|QAXC01006590_1|+|63|3.319e-11|1|181|810|181[181]:810[810]:630[630]
6180	483198+1146	0	20104	1	142542at2759_1218281_0:001d5c|QAXC01000031_1|+|100|2.415e-22|1|483198|484343|483198[483198]:484343[484343]:1146[1146]
6180	875385-954	0	20104	-1	142542at2759_1218281_0:001d5c|QAXC01000031_1|-|126|3.598e-30|1|874432|875385|875385[875385]:874432[874432]:954[954]
6180	516875+558	0	23367	1	345441at2759_370354_1:000ab0|QAXC01000031_1|+|108|9.433e-25|1|516875|517432|516875[516875]:517432[517432]:558[558]
6180	200248-1629	0	36573	-1	1025450at2759_765867_1:001751|QAXC01000031_1|-|108|9.433e-25|1|198620|200248|200248[200248]:198620[198620]:1629[1629]
6180	404823+591	0	42381	1	1107630at2759_3750_0:008edc|QAXC01000031_1|+|134|1.406e-32|1|404823|405413|404823[404823]:405413[405413]:591[591]
6180	1196139-540	0	71823	-1	396755at2759_46433_1:009ad5|QAXC01000031_1|-|79|5.064e-16|1|1195600|1196139|1196139[1196139]:1195600[1195600]:540[540]
6180	1054465-591	0	79391	-1	721605at2759_294746_1:00140f|QAXC01000031_1|-|39|0.0005568|1|1053875|1054465|1054465[1054465]:1053875[1053875]:591[591]
6180	160706-297	0	80832	-1	1323575at2759_42026_0:00222e|QAXC01000031_1|-|45|8.7e-06|1|160410|160706|160706[160706]:160410[160410]:297[297]
6180	367802+1197	0	80973	1	673132at2759_431895_0:002225|QAXC01000031_1|+|249|3.384e-67|1|367802|368998|367802[367802]:368998[368998]:1197[1197]
6180	595863+1368	0	85578	1	664730at2759_1049336_0:0048d9|QAXC01000031_1|+|443|1.348e-125|1|595863|597230|595863[595863]:597230[597230]:1368[1368]
6180	216168-939	0	111585	-1	1445102at2759_6973_0:006708|QAXC01000031_1|-|385|3.884e-108|1|215230|216168|216168[216168]:215230[215230]:939[939]
6180	1453325+786	0	118234	1	911863at2759_3827_0:005325|QAXC01000031_1|+|49|5.438e-07|1|1453325|1454110|1453325[1453325]:1454110[1454110]:786[786]
6180	445110+1341	0	119806	1	1324510at2759_56086_0:0021e5|QAXC01000031_1|+|152|5.362e-38|1|445110|446450|445110[445110]:446450[446450]:1341[1341]
6180	567729-954	0	124444	-1	664730at2759_1266666_1:000f89|QAXC01000031_1|-|78|1.013e-15|1|566776|567729|567729[567729]:566776[566776]:954[954]
6180	661638-405	0	128578	-1	1019762at2759_4577_0:0021a5|QAXC01000031_1|-|82|6.33e-17|1|661234|661638|661638[661638]:661234[661234]:405[405]
6180	1355746+765	0	130122	1	1355894at2759_65357_1:000af2|QAXC01000031_1|+|101|1.207e-22|1|1355746|1356510|1355746[1355746]:1356510[1356510]:765[765]
6180	908289+1170	0	131388	1	83779at2759_78828_0:004a77|QAXC01000031_1|+|139|4.392e-34|1|908289|909458|908289[908289]:909458[909458]:1170[1170]
6180	944033-1050	0	144429	-1	719531at2759_1519565_1:0027e4|QAXC01000031_1|-|77|2.026e-15|1|942984|944033|944033[944033]:942984[942984]:1050[1050]
6180	342734+444	0	150283	1	1445102at2759_7739_0:004d7e|QAXC01000031_1|+|50|2.719e-07|1|342734|343177|342734[342734]:343177[343177]:444[444]
6180	1036635+735	0	161518	1	1434266at2759_1081102_1:002272|QAXC01000031_1|+|135|7.028e-33|1|1036635|1037369|1036635[1036635]:1037369[1037369]:735[735]
6180	1053064-726	0	161518	-1	1434266at2759_1081102_1:002272|QAXC01000031_1|-|105|7.546e-24|1|1052339|1053064|1053064[1053064]:1052339[1052339]:726[726]
6180	214986-330	0	171720	-1	345441at2759_1257118_1:000312|QAXC01000031_1|-|95|7.727e-21|1|214657|214986|214986[214986]:214657[214657]:330[330]
6180	1484902-339	0	176543	-1	1323575at2759_554155_1:001433|QAXC01000031_1|-|53|3.399e-08|1|1484564|1484902|1484902[1484902]:1484564[1484564]:339[339]
6180	1410633-453	0	187062	-1	1018517at2759_6669_0:0058e9|QAXC01000031_1|-|49|5.438e-07|1|1410181|1410633|1410633[1410633]:1410181[1410181]:453[453]
6180	188691-1968	0	197015	-1	418107at2759_72036_0:00107c|QAXC01000031_1|-|227|1.419e-60|1|186724|188691|188691[188691]:186724[186724]:1968[1968]
6180	1292268-837	0	208218	-1	1107630at2759_988480_1:0014b8|QAXC01000031_1|-|51|1.359e-07|1|1291432|1292268|1292268[1292268]:1291432[1291432]:837[837]
6180	1188736-741	0	224503	-1	1314980at2759_611791_1:00108e|QAXC01000031_1|-|79|5.064e-16|1|1187996|1188736|1188736[1188736]:1187996[1187996]:741[741]
6180	188822+1764	0	230011	1	1018517at2759_183478_1:001451|QAXC01000031_1|+|347|1.068e-96|1|188822|190585|188822[188822]:190585[190585]:1764[1764]
6180	899937+912	0	231130	1	719531at2759_312017_1:001bbd|QAXC01000031_1|+|63|3.319e-11|1|899937|900848|899937[899937]:900848[900848]:912[912]
6180	1186548-882	0	271728	-1	858842at2759_59538_0:002b56|QAXC01000031_1|-|173|2.557e-44|1|1185667|1186548|1186548[1186548]:1185667[1185667]:882[882]
6180	386818+1569	0	298054	1	179362at2759_378494_0:0041ae|QAXC01000031_1|+|159|4.189e-40|1|386818|388386|386818[386818]:388386[388386]:1569[1569]
6180	773294-1590	0	298054	-1	179362at2759_378494_0:0041ae|QAXC01000031_1|-|217|1.453e-57|1|771705|773294|773294[773294]:771705[771705]:1590[1590]
6181	8134-648	0	42381	-1	1107630at2759_3750_0:008edc|QAXC01000063_1|-|135|7.028e-33|1|7487|8134|8134[8134]:7487[7487]:648[648]
6212	299+606	0	42381	1	1107630at2759_3750_0:008edc|QAXC01001055_1|+|143|2.745e-35|1|299|904|299[299]:904[904]:606[606]
6222	145+855	0	202679	1	299766at2759_3075_0:001958|QAXC01001375_1|+|162|5.236e-41|1|145|999|145[145]:999[999]:855[855]
6227	732+960	0	126993	1	396755at2759_312017_1:00156d|QAXC01001535_1|+|52|6.797e-08|1|732|1691|732[732]:1691[1691]:960[960]
6232	784+690	0	2669	1	1107630at2759_1754190_1:0027b3|QAXC01001695_1|+|83|3.165e-17|1|784|1473|784[784]:1473[1473]:690[690]
6240	915+213	0	43278	1	1323575at2759_45351_0:005a7c|QAXC01001951_1|+|41|0.0001392|1|915|1127|915[915]:1127[1127]:213[213]
6247	2706-483	0	136381	-1	1488235at2759_306901_1:000f08|QAXC01002175_1|-|45|8.7e-06|1|2224|2706|2706[2706]:2224[2224]:483[483]
6275	606+339	0	103359	1	1488235at2759_871575_1:000ac3|QAXC01003071_1|+|41|0.0001392|1|606|944|606[606]:944[944]:339[339]
6346	32+894	0	224395	1	392369at2759_59538_0:00435b|QAXC01005343_1|+|55|8.496e-09|1|32|925|32[32]:925[925]:894[894]
6385	360266-585	0	16744	-1	1322642at2759_679716_1:00259f|QAXC01000032_1|-|65|8.297e-12|1|359682|360266|360266[360266]:359682[359682]:585[585]
6385	471997+1542	0	53347	1	1173229at2759_5353_1:00034b|QAXC01000032_1|+|460|1.028e-130|1|471997|473538|471997[471997]:473538[473538]:1542[1542]
6385	302680-1464	0	56734	-1	1010730at2759_988480_1:0005b9|QAXC01000032_1|-|336|2.187e-93|1|301217|302680|302680[302680]:301217[301217]:1464[1464]
6385	519955-1218	0	61128	-1	1428265at2759_36050_1:002896|QAXC01000032_1|-|327|1.12e-90|1|518738|519955|519955[519955]:518738[518738]:1218[1218]
6385	665715+885	0	63839	1	392369at2759_6526_0:0028e6|QAXC01000032_1|+|145|6.863e-36|1|665715|666599|665715[665715]:666599[666599]:885[885]
6385	839369+168	0	73213	1	687505at2759_6412_0:0041cc|QAXC01000032_1|+|55|8.496e-09|1|839369|839536|839369[839369]:839536[839536]:168[168]
6385	565828+606	0	80303	1	674169at2759_378494_0:0009ba|QAXC01000032_1|+|67|2.074e-12|1|565828|566433|565828[565828]:566433[566433]:606[606]
6385	496422+1011	0	81571	1	1115196at2759_50429_0:00335d|QAXC01000032_1|+|492|2.394e-140|1|496422|497432|496422[496422]:497432[497432]:1011[1011]
6385	222100-100796	0	84055	-1	1065019at2759_7897_0:003c9b|QAXC01000032_1|-|121|1.151e-28|2|121305|222100|222100[222100]:221129[221129]:972[972]|121349[121349]:121305[121305]:45[45]
6385	833666-1350	0	85578	-1	664730at2759_1049336_0:0048d9|QAXC01000032_1|-|429|2.208e-121|1|832317|833666|833666[833666]:832317[832317]:1350[1350]
6385	608331-519	0	86520	-1	801857at2759_1257118_1:003907|QAXC01000032_1|-|101|1.207e-22|1|607813|608331|608331[608331]:607813[607813]:519[519]
6385	245291+2310	0	115942	1	1019762at2759_1460289_1:00339b|QAXC01000032_1|+|102|6.037e-23|1|245291|247600|245291[245291]:247600[247600]:2310[2310]
6385	177022-318	0	116240	-1	671536at2759_168631_0:0024db|QAXC01000032_1|-|59|5.31e-10|1|176705|177022|177022[177022]:176705[176705]:318[318]
6385	197654+372	0	124412	1	1445102at2759_1262450_1:000fbb|QAXC01000032_1|+|43|3.48e-05|1|197654|198025|197654[197654]:198025[198025]:372[372]
6385	297965-2057	0	130512	-1	1445102at2759_6973_0:0010ff|QAXC01000032_1|-|702|1.455e-203|2|295909|297965|297965[297965]:297249[297249]:717[717]|297111[297111]:295909[295909]:1203[1203]
6385	375954+240	0	175403	1	1323575at2759_412133_1:00ca8f|QAXC01000032_1|+|40|0.0002784|1|375954|376193|375954[375954]:376193[376193]:240[240]
6385	611149+1770	0	195048	1	1220881at2759_48709_0:00062a|QAXC01000032_1|+|524|5.574e-150|1|611149|612918|611149[611149]:612918[612918]:1770[1770]
6385	722044+480	0	199018	1	1178688at2759_103372_0:002ad5|QAXC01000032_1|+|85|7.913e-18|1|722044|722523|722044[722044]:722523[722523]:480[480]
6385	509305+855	0	202679	1	299766at2759_3075_0:001958|QAXC01000032_1|+|167|1.636e-42|1|509305|510159|509305[509305]:510159[510159]:855[855]
6385	212710+1323	0	216475	1	142542at2759_765915_1:002b63|QAXC01000032_1|+|103|3.019e-23|1|212710|214032|212710[212710]:214032[214032]:1323[1323]
6385	110504-495	0	222192	-1	858842at2759_370355_1:001f88|QAXC01000032_1|-|53|3.399e-08|1|110010|110504|110504[110504]:110010[110010]:495[495]
6385	196825+609	0	224362	1	1445102at2759_590646_1:000844|QAXC01000032_1|+|68|1.037e-12|1|196825|197433|196825[196825]:197433[197433]:609[609]
6385	322445+450	0	232139	1	1405146at2759_4098_0:005478|QAXC01000032_1|+|64|1.659e-11|1|322445|322894|322445[322445]:322894[322894]:450[450]
6385	222857+1476	0	236641	1	1488235at2759_9925_0:004bc2|QAXC01000032_1|+|179|3.995e-46|1|222857|224332|222857[222857]:224332[224332]:1476[1476]
6385	776247+1170	0	240094	1	664730at2759_27996_1:000440|QAXC01000032_1|+|287|1.231e-78|1|776247|777416|776247[776247]:777416[777416]:1170[1170]
6385	112858-1584	0	298054	-1	179362at2759_378494_0:0041ae|QAXC01000032_1|-|225|5.677e-60|1|111275|112858|112858[112858]:111275[111275]:1584[1584]
6385	688109+672	0	298616	1	369837at2759_42345_0:003431|QAXC01000032_1|+|78|1.013e-15|1|688109|688780|688109[688109]:688780[688780]:672[672]
6428	782+504	0	220872	1	299766at2759_224129_0:000097|QAXC01001408_1|+|53|3.399e-08|1|782|1285|782[782]:1285[1285]:504[504]
6459	2081+324	0	223947	1	911863at2759_56086_0:0041a1|QAXC01002400_1|+|44|1.74e-05|1|2081|2404|2081[2081]:2404[2404]:324[324]
6584	2441+633	0	80303	1	674169at2759_378494_0:0009ba|QAXC01006400_1|+|60|2.655e-10|1|2441|3073|2441[2441]:3073[3073]:633[633]
