0	46306-798	0	24	-1	8842at33634_9|BLYE01000001_1|-|183|9.094e-50|1|45509|46306|46306[46306]:45509[45509]:798[798]
0	2367357+540	0	166	1	27410at33634_7|BLYE01000001_1|+|269|1.175e-75|1|2367357|2367896|2367357[2367357]:2367896[2367896]:540[540]
0	1150915+1044	0	173	1	12382at33634_1|BLYE01000001_1|+|264|3.761e-74|1|1150915|1151958|1150915[1150915]:1151958[1151958]:1044[1044]
0	2469856-1405	0	275	-1	9413at33634_8|BLYE01000001_1|-|550|3.025e-160|2|2468452|2469856|2469856[2469856]:2469209[2469209]:648[648]|2469153[2469144]:2468452[2468452]:702[693]
0	3073762-501	0	480	-1	27409at33634_8|BLYE01000001_1|-|243|7.888e-68|1|3073262|3073762|3073762[3073762]:3073262[3073262]:501[501]
0	1214461-1521	0	509	-1	19836at33634_9|BLYE01000001_1|-|615|8.2e-180|1|1212941|1214461|1214461[1214461]:1212941[1212941]:1521[1521]
0	933284+654	0	548	1	15177at33634_0|BLYE01000001_1|+|48|3.961e-09|1|933284|933937|933284[933284]:933937[933937]:654[654]
0	1149747-471	0	653	-1	16248at33634_9|BLYE01000001_1|-|34|6.49e-05|1|1149277|1149747|1149747[1149747]:1149277[1149277]:471[471]
0	1339711+3659	0	715	1	693at33634_9|BLYE01000001_1|+|2054|0|2|1339711|1343369|1339711[1339711]:1341873[1341873]:2163[2163]|1341939[1341948]:1343369[1343369]:1431[1422]
0	2417222+1972	0	748	1	3786at33634_8|BLYE01000001_1|+|599|5.374e-175|2|2417222|2419193|2417222[2417222]:2418511[2418511]:1290[1290]|2418588[2418597]:2419193[2419193]:606[597]
0	1287228-1551	0	782	-1	3786at33634_9|BLYE01000001_1|-|165|2.384e-44|1|1285678|1287228|1287228[1287228]:1285678[1285678]:1551[1551]
0	877505+2337	0	874	1	12562at33634_2|BLYE01000001_1|+|449|7.67e-130|1|877505|879841|877505[877505]:879841[879841]:2337[2337]
0	1718808-800	0	875	-1	13832at33634_4|BLYE01000001_1|-|77|7.378e-18|2|1718009|1718808|1718808[1718808]:1718326[1718326]:483[483]|1718167[1718167]:1718009[1718009]:159[159]
0	546166-1575	0	878	-1	6684at33634_0|BLYE01000001_1|-|284|3.587e-80|1|544592|546166|546166[546166]:544592[544592]:1575[1575]
0	47005-672	0	918	-1	8842at33634_3|BLYE01000001_1|-|168|2.98e-45|1|46334|47005|47005[47005]:46334[46334]:672[672]
0	3283327-768	0	949	-1	5145at33634_8|BLYE01000001_1|-|68|3.778e-15|1|3282560|3283327|3283327[3283327]:3282560[3282560]:768[768]
0	3355604+351	0	964	1	25189at33634|BLYE01000001_1|+|42|2.535e-07|1|3355604|3355954|3355604[3355604]:3355954[3355954]:351[351]
0	1323761+888	0	1054	1	8842at33634_7|BLYE01000001_1|+|290|5.605e-82|1|1323761|1324648|1323761[1323761]:1324648[1324648]:888[888]
1	281878+871	0	571	1	21875at33634_9|BLYE01000033_1|+|260|6.018e-73|2|281878|282748|281878[281878]:282048[282048]:171[171]|282071[282071]:282748[282748]:678[678]
3	23542+792	0	920	1	15520at33634_7|BLYE01000097_1|+|59|1.934e-12|1|23542|24333|23542[23542]:24333[24333]:792[792]
4	54235-1235	0	167	-1	15827at33634_9|BLYE01000129_1|-|558|1.182e-162|2|53001|54235|54235[54235]:54164[54164]:72[72]|54050[54050]:53001[53001]:1050[1050]
4	106940+789	0	850	1	8842at33634_1|BLYE01000129_1|+|124|5.242e-32|1|106940|107728|106940[106940]:107728[107728]:789[789]
4	62992+1440	0	1005	1	6436at33634_6|BLYE01000129_1|+|239|1.262e-66|1|62992|64431|62992[62992]:64431[64431]:1440[1440]
8	1206791+1554	0	9	1	6436at33634_9|BLYE01000002_1|+|768|7.182e-226|1|1206791|1208344|1206791[1206791]:1208344[1208344]:1554[1554]
8	51406-1336	0	9	-1	6436at33634_9|BLYE01000002_1|-|118|3.355e-30|3|50071|51406|51406[51406]:51161[51161]:246[246]|50985[50985]:50635[50635]:351[351]|50334[50334]:50071[50071]:264[264]
8	1298670+666	0	57	1	25189at33634_6|BLYE01000002_1|+|314|3.341e-89|1|1298670|1299335|1298670[1298670]:1299335[1299335]:666[666]
8	2135272-918	0	118	-1	13102at33634_0|BLYE01000002_1|-|86|1.441e-20|1|2134355|2135272|2135272[2135272]:2134355[2134355]:918[918]
8	97632-1226	0	173	-1	12382at33634_1|BLYE01000002_1|-|233|8.077e-65|2|96407|97632|97632[97632]:97135[97135]:498[498]|97030[97030]:96407[96407]:624[624]
8	1195439-3484	0	225	-1	6981at33634_7|BLYE01000002_1|-|1733|0|3|1191956|1195439|1195439[1195439]:1195191[1195191]:249[249]|1195040[1195025]:1192695[1192695]:2346[2331]|1192636[1192615]:1191956[1191956]:681[660]
8	1931503-2905	0	494	-1	723at33634_9|BLYE01000002_1|-|647|1.909e-189|3|1928599|1931503|1931503[1931503]:1930904[1930904]:600[600]|1930804[1930804]:1929713[1929713]:1092[1092]|1929690[1929690]:1928599[1928599]:1092[1092]
8	745932-2976	0	499	-1	1342at33634_9|BLYE01000002_1|-|1091|4.44659e-323|2|742957|745932|745932[745932]:743365[743365]:2568[2568]|743103[743103]:742957[742957]:147[147]
8	1910383+1425	0	544	1	3786at33634_2|BLYE01000002_1|+|183|9.094e-50|1|1910383|1911807|1910383[1910383]:1911807[1911807]:1425[1425]
8	1925722-2015	0	680	-1	3786at33634_6|BLYE01000002_1|-|591|1.376e-172|2|1923708|1925722|1925722[1925722]:1924610[1924610]:1113[1113]|1924334[1924334]:1923708[1923708]:627[627]
8	1004203-1020	0	710	-1	13537at33634_9|BLYE01000002_1|-|437|3.142e-126|2|1003184|1004203|1004203[1004203]:1003829[1003829]:375[375]|1003723[1003723]:1003184[1003184]:540[540]
8	1406881-1815	0	815	-1	3835at33634_8|BLYE01000002_1|-|962|2.86e-284|1|1405067|1406881|1406881[1406881]:1405067[1405067]:1815[1815]
8	81665-714	0	884	-1	8842at33634_2|BLYE01000002_1|-|123|1.048e-31|1|80952|81665|81665[81665]:80952[80952]:714[714]
13	206161-1450	0	294	-1	6933at33634_7|BLYE01000162_1|-|681|1.111e-199|2|204712|206161|206161[206161]:206102[206102]:60[60]|206025[206010]:204712[204712]:1314[1299]
16	1343576-1071	0	24	-1	8842at33634_9|BLYE01000003_1|-|283|7.174e-80|1|1342506|1343576|1343576[1343576]:1342506[1342506]:1071[1071]
16	438588+543	0	299	1	23923at33634_7|BLYE01000003_1|+|307|4.276e-87|1|438588|439130|438588[438588]:439130[439130]:543[543]
16	634394+1478	0	305	1	5578at33634_9|BLYE01000003_1|+|842|3.802e-248|2|634394|635871|634394[634394]:634474[634474]:81[81]|634564[634570]:635871[635871]:1308[1302]
16	1745640+1119	0	313	1	12382at33634_5|BLYE01000003_1|+|86|1.441e-20|1|1745640|1746758|1745640[1745640]:1746758[1746758]:1119[1119]
16	814954+519	0	393	1	20769at33634_8|BLYE01000003_1|+|241|3.155e-67|1|814954|815472|814954[814954]:815472[815472]:519[519]
16	1052058-717	0	442	-1	17887at33634_9|BLYE01000003_1|-|251|3.081e-70|1|1051342|1052058|1052058[1052058]:1051342[1051342]:717[717]
16	758933+1111	0	498	1	17622at33634_7|BLYE01000003_1|+|503|4.258e-146|2|758933|760043|758933[758933]:759202[759202]:270[270]|759288[759291]:760043[760043]:756[753]
16	675008+819	0	504	1	13819at33634_9|BLYE01000003_1|+|141|4e-37|1|675008|675826|675008[675008]:675826[675826]:819[819]
16	1602232-841	0	505	-1	22950at33634_1|BLYE01000003_1|-|147|6.249e-39|2|1601392|1602232|1602232[1602232]:1602161[1602161]:72[72]|1602012[1602006]:1601392[1601392]:621[615]
16	1195213-1296	0	519	-1	10123at33634_9|BLYE01000003_1|-|357|3.798e-102|1|1193918|1195213|1195213[1195213]:1193918[1193918]:1296[1296]
16	371091-1984	0	576	-1	15242at33634_9|BLYE01000003_1|-|656|3.729e-192|2|369108|371091|371091[371091]:370648[370648]:444[444]|370592[370553]:369108[369108]:1485[1446]
16	1341649+629	0	674	1	22080at33634_4|BLYE01000003_1|+|314|3.341e-89|2|1341649|1342277|1341649[1341649]:1341927[1341927]:279[279]|1342017[1342017]:1342277[1342277]:261[261]
16	600958+768	0	777	1	22950at33634_9|BLYE01000003_1|+|432|1.005e-124|1|600958|601725|600958[600958]:601725[601725]:768[768]
16	419085+936	0	847	1	5145at33634_5|BLYE01000003_1|+|87|7.205e-21|1|419085|420020|419085[419085]:420020[420020]:936[936]
16	1292108+792	0	920	1	15520at33634_7|BLYE01000003_1|+|59|1.934e-12|1|1292108|1292899|1292108[1292108]:1292899[1292899]:792[792]
16	1521695-1368	0	939	-1	17057at33634_8|BLYE01000003_1|-|362|1.187e-103|1|1520328|1521695|1521695[1521695]:1520328[1520328]:1368[1368]
16	1136720+1515	0	980	1	6684at33634_3|BLYE01000003_1|+|195|2.22e-53|1|1136720|1138234|1136720[1136720]:1138234[1138234]:1515[1515]
16	1594731+333	0	1027	1	9731at33634_0|BLYE01000003_1|+|71|4.722e-16|1|1594731|1595063|1594731[1594731]:1595063[1595063]:333[333]
16	510499-1524	0	1082	-1	6684at33634_6|BLYE01000003_1|-|302|1.368e-85|1|508976|510499|510499[510499]:508976[508976]:1524[1524]
17	241401+696	0	24	1	8842at33634_9|BLYE01000035_1|+|196|1.11e-53|1|241401|242096|241401[241401]:242096[242096]:696[696]
17	40019+1182	0	173	1	12382at33634_1|BLYE01000035_1|+|229|1.292e-63|1|40019|41200|40019[40019]:41200[41200]:1182[1182]
17	49700+438	0	186	1	25187at33634_8|BLYE01000035_1|+|233|8.077e-65|1|49700|50137|49700[49700]:50137[50137]:438[438]
21	51910+454	0	274	1	28445at33634_6|BLYE01000163_1|+|213|8.47e-59|2|51910|52363|51910[51910]:51996[51996]:87[87]|52067[52088]:52363[52363]:297[276]
21	90751+1035	0	843	1	19891at33634_7|BLYE01000163_1|+|430|4.021e-124|1|90751|91785|90751[90751]:91785[91785]:1035[1035]
21	129275-1101	0	918	-1	8842at33634_3|BLYE01000163_1|-|271|2.938e-76|2|128175|129275|129275[129275]:128874[128874]:402[402]|128822[128789]:128175[128175]:648[615]
21	116254+942	0	1020	1	8842at33634_6|BLYE01000163_1|+|267|4.702e-75|1|116254|117195|116254[116254]:117195[117195]:942[942]
21	17301+636	0	1045	1	13832at33634_9|BLYE01000163_1|+|115|2.684e-29|1|17301|17936|17301[17301]:17936[17936]:636[636]
23	31514+1196	0	820	1	15177at33634_8|BLYE01000227_1|+|520|3.248e-151|2|31514|32709|31514[31514]:31729[31729]:216[216]|31927[31927]:32709[32709]:783[783]
24	976486-678	0	24	-1	8842at33634_9|BLYE01000004_1|-|80|9.223e-19|1|975809|976486|976486[976486]:975809[975809]:678[678]
24	219026-2662	0	93	-1	1803at33634_9|BLYE01000004_1|-|1322|0|3|216365|219026|219026[219026]:218826[218826]:201[201]|218754[218751]:218200[218200]:555[552]|218116[218116]:216365[216365]:1752[1752]
24	10782+780	0	139	1	18615at33634_2|BLYE01000004_1|+|96|1.407e-23|1|10782|11561|10782[10782]:11561[11561]:780[780]
24	505692+2045	0	265	1	4166at33634_8|BLYE01000004_1|+|923|1.572e-272|5|505692|507736|505692[505692]:505838[505838]:147[147]|505971[505974]:506096[506096]:126[123]|506184[506190]:506435[506435]:252[246]|506543[506543]:507358[507358]:816[816]|507440[507446]:507736[507736]:297[291]
24	1308406-1044	0	383	-1	12382at33634_7|BLYE01000004_1|-|223|8.271e-62|1|1307363|1308406|1308406[1308406]:1307363[1307363]:1044[1044]
24	639031+2050	0	423	1	6989at33634_0|BLYE01000004_1|+|450|3.835e-130|2|639031|641080|639031[639031]:639387[639387]:357[357]|639458[639476]:641080[641080]:1623[1605]
24	736759+939	0	542	1	15242at33634_8|BLYE01000004_1|+|468|1.463e-135|2|736759|737697|736759[736759]:736890[736890]:132[132]|736990[737005]:737697[737697]:708[693]
24	1263950+333	0	590	1	22950at33634|BLYE01000004_1|+|52|2.476e-10|1|1263950|1264282|1263950[1263950]:1264282[1264282]:333[333]
24	966526-1146	0	767	-1	12684at33634_9|BLYE01000004_1|-|383|5.659e-110|1|965381|966526|966526[966526]:965381[965381]:1146[1146]
24	1204823+753	0	850	1	8842at33634_1|BLYE01000004_1|+|161|3.814e-43|1|1204823|1205575|1204823[1204823]:1205575[1205575]:753[753]
24	786905+2055	0	968	1	5960at33634_8|BLYE01000004_1|+|995|3.33e-294|1|786905|788959|786905[786905]:788959[788959]:2055[2055]
24	980411+2302	0	1083	1	4406at33634_8|BLYE01000004_1|+|674|1.422e-197|2|980411|982712|980411[980411]:982237[982237]:1827[1827]|982314[982314]:982712[982712]:399[399]
25	214986-1295	0	243	-1	12382at33634_3|BLYE01000036_1|-|226|1.034e-62|2|213692|214986|214986[214986]:214468[214468]:519[519]|214396[214387]:213692[213692]:705[696]
25	59343+1014	0	313	1	12382at33634_5|BLYE01000036_1|+|190|7.105e-52|1|59343|60356|59343[59343]:60356[60356]:1014[1014]
25	113068+429	0	555	1	20769at33634|BLYE01000036_1|+|32|0.0002596|1|113068|113496|113068[113068]:113496[113496]:429[429]
25	246803-3301	0	616	-1	15177at33634_2|BLYE01000036_1|-|97|7.036e-24|2|243503|246803|246803[246803]:245982[245982]:822[822]|243559[243523]:243503[243503]:57[21]
25	138061-462	0	904	-1	31838at33634_5|BLYE01000036_1|-|118|3.355e-30|1|137600|138061|138061[138061]:137600[137600]:462[462]
27	136484-1146	0	767	-1	12684at33634_9|BLYE01000100_1|-|381|2.264e-109|1|135339|136484|136484[136484]:135339[135339]:1146[1146]
27	384193+753	0	850	1	8842at33634_1|BLYE01000100_1|+|161|3.814e-43|1|384193|384945|384193[384193]:384945[384945]:753[753]
27	146463-699	0	918	-1	8842at33634_3|BLYE01000100_1|-|69|1.889e-15|1|145765|146463|146463[146463]:145765[145765]:699[699]
27	150299+2365	0	1083	1	4406at33634_8|BLYE01000100_1|+|676|3.556e-198|2|150299|152663|150299[150299]:152188[152188]:1890[1890]|152265[152265]:152663[152663]:399[399]
28	45667+633	0	255	1	20182at33634_8|BLYE01000132_1|+|83|1.153e-19|1|45667|46299|45667[45667]:46299[46299]:633[633]
28	102669+390	0	709	1	22950at33634_7|BLYE01000132_1|+|64|6.044e-14|1|102669|103058|102669[102669]:103058[103058]:390[390]
28	20023+1578	0	940	1	8760at33634_0|BLYE01000132_1|+|280|5.739e-79|1|20023|21600|20023[20023]:21600[21600]:1578[1578]
32	334963+633	0	72	1	8842at33634|BLYE01000005_1|+|40|1.014e-06|1|334963|335595|334963[334963]:335595[335595]:633[633]
32	1196165+2853	0	389	1	3405at33634_9|BLYE01000005_1|+|1060|9.025e-314|1|1196165|1199017|1196165[1196165]:1199017[1199017]:2853[2853]
32	3989+930	0	503	1	21875at33634_7|BLYE01000005_1|+|295|1.751e-83|1|3989|4918|3989[3989]:4918[4918]:930[930]
32	950748+1152	0	521	1	9286at33634|BLYE01000005_1|+|139|1.6e-36|1|950748|951899|950748[950748]:951899[951899]:1152[1152]
32	201186-970	0	585	-1	16248at33634_7|BLYE01000005_1|-|149|1.562e-39|2|200217|201186|201186[201186]:200395[200395]:792[792]|200300[200297]:200217[200217]:84[81]
32	43005-3399	0	805	-1	971at33634_8|BLYE01000005_1|-|1734|0|1|39607|43005|43005[43005]:39607[39607]:3399[3399]
32	671870+912	0	943	1	13832at33634_6|BLYE01000005_1|+|114|5.368e-29|1|671870|672781|671870[671870]:672781[672781]:912[912]
32	943647-1486	0	1011	-1	13832at33634_8|BLYE01000005_1|-|680|2.223e-199|2|942162|943647|943647[943647]:943111[943111]:537[537]|943025[943019]:942162[942162]:864[858]
33	174552-1869	0	145	-1	7485at33634_4|BLYE01000037_1|-|332|1.274e-94|1|172684|174552|174552[174552]:172684[172684]:1869[1869]
33	198894-1203	0	452	-1	12382at33634_9|BLYE01000037_1|-|651|1.193e-190|1|197692|198894|198894[198894]:197692[197692]:1203[1203]
33	189519-450	0	573	-1	22950at33634_3|BLYE01000037_1|-|60|9.671e-13|1|189070|189519|189519[189519]:189070[189070]:450[450]
33	186633+705	0	850	1	8842at33634_1|BLYE01000037_1|+|177|5.82e-48|1|186633|187337|186633[186633]:187337[187337]:705[705]
33	79570+1446	0	992	1	10799at33634_7|BLYE01000037_1|+|621|1.281e-181|1|79570|81015|79570[79570]:81015[81015]:1446[1446]
35	37097+333	0	590	1	22950at33634|BLYE01000101_1|+|52|2.476e-10|1|37097|37429|37097[37097]:37429[37429]:333[333]
36	55400-1509	0	173	-1	12382at33634_1|BLYE01000133_1|-|262|1.505e-73|1|53892|55400|55400[55400]:53892[53892]:1509[1509]
36	40752+1067	0	255	1	20182at33634_8|BLYE01000133_1|+|431|2.011e-124|2|40752|41818|40752[40752]:40886[40886]:135[135]|41048[41048]:41818[41818]:771[771]
40	38900-699	0	72	-1	8842at33634|BLYE01000006_1|-|81|4.611e-19|1|38202|38900|38900[38900]:38202[38202]:699[699]
40	1043293+1320	0	110	1	7485at33634_3|BLYE01000006_1|+|79|1.845e-18|1|1043293|1044612|1043293[1043293]:1044612[1044612]:1320[1320]
40	4763+889	0	296	1	21875at33634_1|BLYE01000006_1|+|278|2.296e-78|2|4763|5651|4763[4763]:4876[4876]:114[114]|4896[4896]:5651[5651]:756[756]
40	518027+1910	0	510	1	3786at33634_1|BLYE01000006_1|+|500|3.406e-145|2|518027|519936|518027[518027]:518614[518614]:588[588]|518716[518731]:519936[519936]:1221[1206]
40	172222-711	0	752	-1	15177at33634_6|BLYE01000006_1|-|38|4.056e-06|1|171512|172222|172222[172222]:171512[171512]:711[711]
40	508623+957	0	875	1	13832at33634_4|BLYE01000006_1|+|132|2.048e-34|1|508623|509579|508623[508623]:509579[509579]:957[957]
41	242456-756	0	261	-1	21875at33634_0|BLYE01000038_1|-|232|1.615e-64|1|241701|242456|242456[242456]:241701[241701]:756[756]
41	227688-13773	0	331	-1	21875at33634_2|BLYE01000038_1|-|257|4.814e-72|5|213916|227688|227688[227688]:227563[227563]:126[126]|214565[214565]:214506[214506]:60[60]|214495[214489]:214343[214343]:153[147]|214322[214322]:214032[214032]:291[291]|213996[213996]:213916[213916]:81[81]
41	242634-15799	0	571	-1	21875at33634_9|BLYE01000038_1|-|284|3.587e-80|2|226836|242634|242634[242634]:242473[242473]:162[162]|227549[227549]:226836[226836]:714[714]
45	20843+1029	0	1029	1	15969at33634_4|BLYE01000166_1|+|447|3.068e-129|1|20843|21871|20843[20843]:21871[21871]:1029[1029]
48	868083-1619	0	43	-1	9286at33634_8|BLYE01000007_1|-|767|1.436e-225|3|866465|868083|868083[868083]:867799[867799]:285[285]|867662[867662]:867195[867195]:468[468]|867082[867076]:866465[866465]:618[612]
48	164133+537	0	739	1	13832at33634_0|BLYE01000007_1|+|93|1.126e-22|1|164133|164669|164133[164133]:164669[164669]:537[537]
48	525636+753	0	816	1	8842at33634_0|BLYE01000007_1|+|173|9.312e-47|1|525636|526388|525636[525636]:526388[526388]:753[753]
48	280765+1419	0	1021	1	10425at33634_8|BLYE01000007_1|+|689|4.341e-202|1|280765|282183|280765[280765]:282183[282183]:1419[1419]
49	16363-477	0	351	-1	21875at33634|BLYE01000039_1|-|91|4.503e-22|1|15887|16363|16363[16363]:15887[15887]:477[477]
49	191966+1116	0	743	1	22950at33634_8|BLYE01000039_1|+|182|1.819e-49|1|191966|193081|191966[191966]:193081[193081]:1116[1116]
49	173388-612	0	850	-1	8842at33634_1|BLYE01000039_1|-|103|1.099e-25|1|172777|173388|173388[173388]:172777[172777]:612[612]
51	2669-2665	0	93	-1	1803at33634_9|BLYE01000103_1|-|1264|0|3|5|2669|2669[2669]:2313[2313]:357[357]|2241[2238]:1687[1687]:555[552]|1603[1603]:5[5]:1599[1599]
52	22971-1657	0	882	-1	5074at33634_8|BLYE01000135_1|-|746|3.012e-219|2|21315|22971|22971[22971]:22831[22831]:141[141]|22742[22742]:21315[21315]:1428[1428]
53	0+1155	0	88	1	6684at33634_9|BLYE01000167_1|+|575|9.016e-168|1|0|1154|0[0]:1154[1154]:1155[1155]
55	43430-564	0	537	-1	21875at33634_8|BLYE01000231_1|-|159|1.526e-42|1|42867|43430|43430[43430]:42867[42867]:564[564]
55	46825-3959	0	571	-1	21875at33634_9|BLYE01000231_1|-|209|1.355e-57|2|42867|46825|46825[46825]:46664[46664]:162[162]|43466[43466]:42867[42867]:600[600]
56	880651+986	0	29	1	12363at33634_9|BLYE01000008_1|+|303|6.842e-86|2|880651|881636|880651[880651]:880848[880848]:198[198]|880956[880956]:881636[881636]:681[681]
56	445612-1444	0	75	-1	7485at33634_2|BLYE01000008_1|-|129|1.638e-33|2|444169|445612|445612[445612]:445199[445199]:414[414]|445041[445041]:444169[444169]:873[873]
56	920671+645	0	77	1	18069at33634_7|BLYE01000008_1|+|373|5.795e-107|1|920671|921315|920671[920671]:921315[921315]:645[645]
56	793806+4284	0	528	1	1102at33634_0|BLYE01000008_1|+|446|6.136e-129|2|793806|798089|793806[793806]:796859[796859]:3054[3054]|796959[796959]:798089[798089]:1131[1131]
56	736474-615	0	850	-1	8842at33634_1|BLYE01000008_1|-|62|2.418e-13|1|735860|736474|736474[736474]:735860[735860]:615[615]
58	30269+2565	0	594	1	3892at33634_7|BLYE01000072_1|+|387|3.537e-111|1|30269|32833|30269[30269]:32833[32833]:2565[2565]
59	3193+780	0	139	1	18615at33634_2|BLYE01000104_1|+|96|1.407e-23|1|3193|3972|3193[3193]:3972[3972]:780[780]
64	651716-1059	0	418	-1	12382at33634_8|BLYE01000009_1|-|184|4.547e-50|1|650658|651716|651716[651716]:650658[650658]:1059[1059]
64	206686-1382	0	504	-1	13819at33634_9|BLYE01000009_1|-|677|1.778e-198|2|205305|206686|206686[206686]:205700[205700]:987[987]|205628[205619]:205305[205305]:324[315]
64	90+2277	0	581	1	2880at33634_9|BLYE01000009_1|+|850|1.485e-250|1|90|2366|90[90]:2366[2366]:2277[2277]
64	430947+1746	0	714	1	3786at33634_7|BLYE01000009_1|+|542|7.745e-158|1|430947|432692|430947[430947]:432692[432692]:1746[1746]
64	236046+993	0	745	1	5145at33634_2|BLYE01000009_1|+|90|9.006e-22|1|236046|237038|236046[236046]:237038[237038]:993[993]
64	548671+720	0	918	1	8842at33634_3|BLYE01000009_1|+|119|1.678e-30|1|548671|549390|548671[548671]:549390[549390]:720[720]
64	696699+1477	0	988	1	15520at33634_9|BLYE01000009_1|+|560|2.954e-163|3|696699|698175|696699[696699]:696746[696746]:48[48]|696911[696911]:697417[697417]:507[507]|697537[697540]:698175[698175]:639[636]
64	429926-357	0	1086	-1	25189at33634_4|BLYE01000009_1|-|46|1.584e-08|1|429570|429926|429926[429926]:429570[429570]:357[357]
65	108738+907	0	537	1	21875at33634_8|BLYE01000041_1|+|272|1.469e-76|2|108738|109644|108738[108738]:108908[108908]:171[171]|108958[108958]:109644[109644]:687[687]
65	150573-907	0	537	-1	21875at33634_8|BLYE01000041_1|-|269|1.175e-75|2|149667|150573|150573[150573]:150403[150403]:171[171]|150353[150353]:149667[149667]:687[687]
65	104307-1809	0	876	-1	5144at33634_6|BLYE01000041_1|-|760|1.838e-223|1|102499|104307|104307[104307]:102499[102499]:1809[1809]
68	30022+444	0	39	1	26307at33634_9|BLYE01000137_1|+|188|2.842e-51|1|30022|30465|30022[30022]:30465[30465]:444[444]
70	20184+871	0	571	1	21875at33634_9|BLYE01000201_1|+|260|6.018e-73|2|20184|21054|20184[20184]:20354[20354]:171[171]|20377[20377]:21054[21054]:678[678]
72	529711-1284	0	9	-1	6436at33634_9|BLYE01000010_1|-|160|7.629e-43|1|528428|529711|529711[529711]:528428[528428]:1284[1284]
72	532663+1764	0	105	1	3405at33634|BLYE01000010_1|+|65|3.022e-14|1|532663|534426|532663[532663]:534426[534426]:1764[1764]
72	421850+957	0	153	1	13102at33634_1|BLYE01000010_1|+|77|7.378e-18|1|421850|422806|421850[421850]:422806[422806]:957[957]
72	175440-1235	0	167	-1	15827at33634_9|BLYE01000010_1|-|558|1.182e-162|2|174206|175440|175440[175440]:175369[175369]:72[72]|175255[175255]:174206[174206]:1050[1050]
72	691656-1509	0	173	-1	12382at33634_1|BLYE01000010_1|-|262|1.505e-73|1|690148|691656|691656[691656]:690148[690148]:1509[1509]
72	551337+1200	0	243	1	12382at33634_3|BLYE01000010_1|+|167|5.96e-45|1|551337|552536|551337[551337]:552536[552536]:1200[1200]
72	677010+1067	0	255	1	20182at33634_8|BLYE01000010_1|+|431|2.011e-124|2|677010|678076|677010[677010]:677144[677144]:135[135]|677306[677306]:678076[678076]:771[771]
72	564787-458	0	391	-1	26258at33634_3|BLYE01000010_1|-|231|3.231e-64|2|564330|564787|564787[564787]:564551[564551]:237[237]|564482[564464]:564330[564330]:153[135]
72	832002+390	0	709	1	22950at33634_7|BLYE01000010_1|+|64|6.044e-14|1|832002|832391|832002[832002]:832391[832391]:390[390]
72	363724-663	0	762	-1	26150at33634_8|BLYE01000010_1|-|80|9.223e-19|1|363062|363724|363724[363724]:363062[363062]:663[663]
72	228111+789	0	850	1	8842at33634_1|BLYE01000010_1|+|124|5.242e-32|1|228111|228899|228111[228111]:228899[228899]:789[789]
72	750179+1647	0	940	1	8760at33634_0|BLYE01000010_1|+|281|2.87e-79|1|750179|751825|750179[750179]:751825[751825]:1647[1647]
72	184159+1404	0	1005	1	6436at33634_6|BLYE01000010_1|+|235|2.019e-65|1|184159|185562|184159[184159]:185562[185562]:1404[1404]
75	12325+2056	0	265	1	4166at33634_8|BLYE01000106_1|+|923|1.572e-272|5|12325|14380|12325[12325]:12471[12471]:147[147]|12615[12618]:12740[12740]:126[123]|12828[12834]:13079[13079]:252[246]|13187[13187]:14002[14002]:816[816]|14084[14090]:14380[14380]:297[291]
75	139442+2050	0	423	1	6989at33634_0|BLYE01000106_1|+|450|3.835e-130|2|139442|141491|139442[139442]:139798[139798]:357[357]|139869[139887]:141491[141491]:1623[1605]
75	238347+937	0	542	1	15242at33634_8|BLYE01000106_1|+|468|1.463e-135|2|238347|239283|238347[238347]:238478[238478]:132[132]|238576[238591]:239283[239283]:708[693]
75	296994+2055	0	968	1	5960at33634_8|BLYE01000106_1|+|994|6.659e-294|1|296994|299048|296994[296994]:299048[299048]:2055[2055]
77	1669+825	0	582	1	15177at33634_1|BLYE01000170_1|+|63|1.209e-13|1|1669|2493|1669[1669]:2493[2493]:825[825]
77	170896-234	0	609	-1	26441at33634_8|BLYE01000170_1|-|43|1.268e-07|1|170663|170896|170896[170896]:170663[170663]:234[234]
77	43656+802	0	986	1	8842at33634_5|BLYE01000170_1|+|173|9.312e-47|2|43656|44457|43656[43656]:43874[43874]:219[219]|43954[43960]:44457[44457]:504[498]
80	728329-1824	0	411	-1	2880at33634_4|BLYE01000011_1|-|362|1.187e-103|1|726506|728329|728329[728329]:726506[726506]:1824[1824]
80	842404-5622	0	834	-1	1102at33634_9|BLYE01000011_1|-|2002|0|6|836783|842404|842404[842404]:840797[840797]:1608[1608]|840577[840574]:840485[840485]:93[90]|840416[840416]:839697[839697]:720[720]|839628[839625]:839338[839338]:291[288]|839292[839271]:838192[838192]:1101[1080]|838117[838117]:836783[836783]:1335[1335]
87	363050-1257	0	90	-1	4166at33634_3|BLYE01000012_1|-|413|5.271e-119|2|361794|363050|363050[363050]:362877[362877]:174[174]|362792[362792]:361794[361794]:999[999]
87	718334-3643	0	142	-1	693at33634|BLYE01000012_1|-|407|3.373e-117|2|714692|718334|718334[718334]:717888[717888]:447[447]|717802[717802]:714692[714692]:3111[3111]
87	388650+948	0	173	1	12382at33634_1|BLYE01000012_1|+|203|8.673e-56|2|388650|389597|388650[388650]:388853[388853]:204[204]|388938[388938]:389597[389597]:660[660]
87	736800-2967	0	241	-1	9731at33634_9|BLYE01000012_1|-|536|4.957e-156|1|733834|736800|736800[736800]:733834[733834]:2967[2967]
87	808743+666	0	552	1	19366at33634_8|BLYE01000012_1|+|274|3.673e-77|1|808743|809408|808743[808743]:809408[809408]:666[666]
87	167760+1387	0	600	1	11504at33634_0|BLYE01000012_1|+|204|4.336e-56|2|167760|169146|167760[167760]:168731[168731]:972[972]|168787[168799]:169146[169146]:360[348]
87	561560-393	0	609	-1	26441at33634_8|BLYE01000012_1|-|163|9.536e-44|2|561168|561560|561560[561560]:561402[561402]:159[159]|561323[561302]:561168[561168]:156[135]
87	159539+1584	0	835	1	6436at33634_1|BLYE01000012_1|+|232|1.615e-64|1|159539|161122|159539[159539]:161122[161122]:1584[1584]
87	106881-732	0	850	-1	8842at33634_1|BLYE01000012_1|-|125|2.621e-32|1|106150|106881|106881[106881]:106150[106150]:732[732]
87	594020-639	0	918	-1	8842at33634_3|BLYE01000012_1|-|123|1.048e-31|1|593382|594020|594020[594020]:593382[593382]:639[639]
87	827467-1866	0	941	-1	1326at33634_2|BLYE01000012_1|-|252|1.541e-70|1|825602|827467|827467[827467]:825602[825602]:1866[1866]
87	664034-1023	0	943	-1	13832at33634_6|BLYE01000012_1|-|88|3.603e-21|1|663012|664034|664034[664034]:663012[663012]:1023[1023]
87	276385-729	0	1054	-1	8842at33634_7|BLYE01000012_1|-|97|7.036e-24|1|275657|276385|276385[276385]:275657[275657]:729[729]
88	98483+1317	0	383	1	12382at33634_7|BLYE01000044_1|+|178|2.91e-48|1|98483|99799|98483[98483]:99799[99799]:1317[1317]
88	46022-1634	0	1082	-1	6684at33634_6|BLYE01000044_1|-|313|6.681e-89|2|44389|46022|46022[46022]:45027[45027]:996[996]|44916[44907]:44389[44389]:528[519]
92	12082+1635	0	18	1	6684at33634_7|BLYE01000172_1|+|837|1.217e-246|1|12082|13716|12082[12082]:13716[13716]:1635[1635]
93	22723+696	0	24	1	8842at33634_9|BLYE01000204_1|+|196|1.11e-53|1|22723|23418|22723[22723]:23418[23418]:696[696]
94	757241-819	0	24	-1	8842at33634_9|BLYE01000013_1|-|163|9.536e-44|1|756423|757241|757241[757241]:756423[756423]:819[819]
94	292381+444	0	39	1	26307at33634_9|BLYE01000013_1|+|188|2.842e-51|1|292381|292824|292381[292381]:292824[292824]:444[444]
94	524204-1657	0	882	-1	5074at33634_8|BLYE01000013_1|-|746|3.012e-219|2|522548|524204|524204[524204]:524064[524064]:141[141]|523975[523975]:522548[522548]:1428[1428]
94	29562-975	0	1045	-1	13832at33634_9|BLYE01000013_1|-|79|1.845e-18|1|28588|29562|29562[29562]:28588[28588]:975[975]
95	62665+1200	0	680	1	3786at33634_6|BLYE01000045_1|+|59|1.934e-12|1|62665|63864|62665[62665]:63864[63864]:1200[1200]
97	29701-3399	0	805	-1	971at33634_8|BLYE01000109_1|-|1734|0|1|26303|29701|29701[29701]:26303[26303]:3399[3399]
98	7832-819	0	24	-1	8842at33634_9|BLYE01000141_1|-|163|9.536e-44|1|7014|7832|7832[7832]:7014[7014]:819[819]
100	12047+1182	0	173	1	12382at33634_1|BLYE01000205_1|+|229|1.292e-63|1|12047|13228|12047[12047]:13228[13228]:1182[1182]
101	777660+1431	0	75	1	7485at33634_2|BLYE01000014_1|+|46|1.584e-08|1|777660|779090|777660[777660]:779090[779090]:1431[1431]
101	708183+2479	0	669	1	971at33634_4|BLYE01000014_1|+|322|1.305e-91|3|708183|710661|708183[708183]:708923[708923]:741[741]|709033[709033]:709512[709512]:480[480]|709609[709609]:710661[710661]:1053[1053]
101	76832-765	0	772	-1	23030at33634_9|BLYE01000014_1|-|308|2.138e-87|1|76068|76832|76832[76832]:76068[76068]:765[765]
101	86506-690	0	816	-1	8842at33634_0|BLYE01000014_1|-|47|7.922e-09|1|85817|86506|86506[86506]:85817[85817]:690[690]
101	74205+1761	0	983	1	5145at33634_9|BLYE01000014_1|+|721|1.011e-211|1|74205|75965|74205[74205]:75965[75965]:1761[1761]
101	557231-720	0	1035	-1	15351at33634_8|BLYE01000014_1|-|409|8.433e-118|1|556512|557231|557231[557231]:556512[556512]:720[720]
102	11278+1349	0	3	1	12382at33634|BLYE01000046_1|+|230|6.462e-64|2|11278|12626|11278[11278]:11424[11424]:147[147]|11667[11667]:12626[12626]:960[960]
102	68742-1537	0	49	-1	6933at33634_0|BLYE01000046_1|-|318|2.088e-90|2|67206|68742|68742[68742]:67795[67795]:948[948]|67703[67703]:67206[67206]:498[498]
102	114510+2085	0	108	1	18615at33634|BLYE01000046_1|+|216|1.059e-59|1|114510|116594|114510[114510]:116594[116594]:2085[2085]
102	104122-942	0	1054	-1	8842at33634_7|BLYE01000046_1|-|297|4.379e-84|1|103181|104122|104122[104122]:103181[103181]:942[942]
105	329073-720	0	1035	-1	15351at33634_8|BLYE01000142_1|-|409|8.433e-118|1|328354|329073|329073[329073]:328354[328354]:720[720]
106	22270-1425	0	3	-1	12382at33634|BLYE01000174_1|-|92|2.252e-22|1|20846|22270|22270[22270]:20846[20846]:1425[1425]
108	515523+794	0	24	1	8842at33634_9|BLYE01000015_1|+|171|3.725e-46|2|515523|516316|515523[515523]:515750[515750]:228[228]|515813[515825]:516316[516316]:504[492]
108	359461-435	0	175	-1	15351at33634|BLYE01000015_1|-|92|2.252e-22|1|359027|359461|359461[359461]:359027[359027]:435[435]
108	740886+1166	0	278	1	12382at33634_4|BLYE01000015_1|+|235|2.019e-65|2|740886|742051|740886[740886]:741197[741197]:312[312]|741278[741278]:742051[742051]:774[774]
108	625996-1905	0	432	-1	13102at33634_9|BLYE01000015_1|-|367|3.709e-105|1|624092|625996|625996[625996]:624092[624092]:1905[1905]
108	641001-972	0	629	-1	9201at33634_1|BLYE01000015_1|-|155|2.441e-41|1|640030|641001|641001[641001]:640030[640030]:972[972]
108	235822-3681	0	715	-1	693at33634_9|BLYE01000015_1|-|715|6.469e-210|3|232142|235822|235822[235822]:234476[234476]:1347[1347]|234366[234366]:233578[233578]:789[789]|233515[233482]:232142[232142]:1374[1341]
108	787932-1665	0	791	-1	6366at33634_7|BLYE01000015_1|-|832|3.893e-245|2|786268|787932|787932[787932]:787864[787864]:69[69]|787767[787767]:786268[786268]:1500[1500]
108	179554+1422	0	792	1	5964at33634_9|BLYE01000015_1|+|393|5.527e-113|1|179554|180975|179554[179554]:180975[180975]:1422[1422]
109	87407-1205	0	243	-1	12382at33634_3|BLYE01000047_1|-|147|6.249e-39|2|86203|87407|87407[87407]:86787[86787]:621[621]|86568[86568]:86203[86203]:366[366]
111	38953+633	0	72	1	8842at33634|BLYE01000111_1|+|40|1.014e-06|1|38953|39585|38953[38953]:39585[39585]:633[633]
112	35334-765	0	772	-1	23030at33634_9|BLYE01000143_1|-|309|1.069e-87|1|34570|35334|35334[35334]:34570[34570]:765[765]
112	51165-690	0	816	-1	8842at33634_0|BLYE01000143_1|-|47|7.922e-09|1|50476|51165|51165[51165]:50476[50476]:690[690]
112	32707+1761	0	983	1	5145at33634_9|BLYE01000143_1|+|721|1.011e-211|1|32707|34467|32707[32707]:34467[34467]:1761[1761]
114	64026+1014	0	313	1	12382at33634_5|BLYE01000207_1|+|190|7.105e-52|1|64026|65039|64026[64026]:65039[65039]:1014[1014]
115	565461-654	0	371	-1	15242at33634_3|BLYE01000016_1|-|188|2.842e-51|1|564808|565461|565461[565461]:564808[564808]:654[654]
115	509400-1875	0	720	-1	12249at33634_9|BLYE01000016_1|-|605|8.397e-177|1|507526|509400|509400[509400]:507526[507526]:1875[1875]
118	4726-970	0	585	-1	16248at33634_7|BLYE01000112_1|-|146|1.25e-38|2|3757|4726|4726[4726]:3935[3935]:792[792]|3840[3837]:3757[3757]:84[81]
119	11306+1431	0	75	1	7485at33634_2|BLYE01000144_1|+|46|1.584e-08|1|11306|12736|11306[11306]:12736[12736]:1431[1431]
122	291687+795	0	98	1	18429at33634_9|BLYE01000017_1|+|438|1.571e-126|1|291687|292481|291687[291687]:292481[292481]:795[795]
122	244773+1458	0	161	1	14113at33634_7|BLYE01000017_1|+|521|1.624e-151|1|244773|246230|244773[244773]:246230[246230]:1458[1458]
122	258897+1963	0	614	1	3834at33634_8|BLYE01000017_1|+|618|1.025e-180|3|258897|260859|258897[258897]:260483[260483]:1587[1587]|260562[260562]:260627[260627]:66[66]|260701[260701]:260859[260859]:159[159]
122	187844-3294	0	630	-1	1102at33634_3|BLYE01000017_1|-|414|2.635e-119|1|184551|187844|187844[187844]:184551[184551]:3294[3294]
122	353826-1392	0	720	-1	12249at33634_9|BLYE01000017_1|-|118|3.355e-30|1|352435|353826|353826[353826]:352435[352435]:1392[1392]
122	447614+831	0	1045	1	13832at33634_9|BLYE01000017_1|+|121|4.194e-31|1|447614|448444|447614[447614]:448444[448444]:831[831]
122	358643+1841	0	1098	1	9939at33634_8|BLYE01000017_1|+|767|1.436e-225|3|358643|360483|358643[358643]:359527[359527]:885[885]|359588[359594]:360025[360025]:438[432]|360112[360112]:360483[360483]:372[372]
128	26573-729	0	503	-1	21875at33634_7|BLYE01000209_1|-|241|3.155e-67|1|25845|26573|26573[26573]:25845[25845]:729[729]
128	26784-14997	0	571	-1	21875at33634_9|BLYE01000209_1|-|285|1.794e-80|2|11788|26784|26784[26784]:26623[26623]:162[162]|12501[12501]:11788[11788]:714[714]
129	716441+1188	0	359	1	21097at33634_9|BLYE01000018_1|+|380|4.527e-109|1|716441|717628|716441[716441]:717628[717628]:1188[1188]
129	321457-738	0	403	-1	13476at33634_8|BLYE01000018_1|-|159|1.526e-42|1|320720|321457|321457[321457]:320720[320720]:738[738]
129	141343-1677	0	418	-1	12382at33634_8|BLYE01000018_1|-|130|8.191e-34|1|139667|141343|141343[141343]:139667[139667]:1677[1677]
129	476484-810	0	454	-1	13819at33634|BLYE01000018_1|-|118|3.355e-30|1|475675|476484|476484[476484]:475675[475675]:810[810]
129	316079-1548	0	1048	-1	6684at33634_5|BLYE01000018_1|-|266|9.403e-75|1|314532|316079|316079[316079]:314532[314532]:1548[1548]
135	16362-477	0	351	-1	21875at33634|BLYE01000210_1|-|91|4.503e-22|1|15886|16362|16362[16362]:15886[15886]:477[477]
136	705510+1355	0	3	1	12382at33634|BLYE01000019_1|+|230|6.462e-64|2|705510|706864|705510[705510]:705656[705656]:147[147]|705905[705905]:706864[706864]:960[960]
136	227575-1170	0	3	-1	12382at33634|BLYE01000019_1|-|213|8.47e-59|2|226406|227575|227575[227575]:227300[227300]:276[276]|227212[227212]:226406[226406]:807[807]
136	639523+681	0	339	1	27268at33634_8|BLYE01000019_1|+|236|1.01e-65|1|639523|640203|639523[639523]:640203[640203]:681[681]
136	474135+1170	0	724	1	5964at33634_7|BLYE01000019_1|+|116|1.342e-29|1|474135|475304|474135[474135]:475304[475304]:1170[1170]
136	350239+1173	0	914	1	18432at33634_5|BLYE01000019_1|+|283|7.174e-80|1|350239|351411|350239[350239]:351411[351411]:1173[1173]
140	75854+2479	0	669	1	971at33634_4|BLYE01000147_1|+|323|6.525e-92|3|75854|78332|75854[75854]:76594[76594]:741[741]|76704[76704]:77183[77183]:480[480]|77280[77280]:78332[78332]:1053[1053]
142	121935-612	0	850	-1	8842at33634_1|BLYE01000211_1|-|103|1.099e-25|1|121324|121935|121935[121935]:121324[121324]:612[612]
143	28237+1494	0	53	1	6684at33634_8|BLYE01000020_1|+|265|1.881e-74|1|28237|29730|28237[28237]:29730[29730]:1494[1494]
143	55977-910	0	137	-1	15216at33634_8|BLYE01000020_1|-|389|8.843e-112|2|55068|55977|55977[55977]:55726[55726]:252[252]|55649[55649]:55068[55068]:582[582]
143	365409+454	0	274	1	28445at33634_6|BLYE01000020_1|+|213|8.47e-59|2|365409|365862|365409[365409]:365495[365495]:87[87]|365566[365587]:365862[365862]:297[276]
143	278827-1450	0	294	-1	6933at33634_7|BLYE01000020_1|-|682|5.556e-200|2|277378|278827|278827[278827]:278768[278768]:60[60]|278691[278676]:277378[277378]:1314[1299]
143	551172-1158	0	313	-1	12382at33634_5|BLYE01000020_1|-|214|4.235e-59|1|550015|551172|551172[551172]:550015[550015]:1158[1158]
143	404276+1035	0	843	1	19891at33634_7|BLYE01000020_1|+|430|4.021e-124|1|404276|405310|404276[404276]:405310[405310]:1035[1035]
143	445878-1101	0	918	-1	8842at33634_3|BLYE01000020_1|-|271|2.938e-76|2|444778|445878|445878[445878]:445477[445477]:402[402]|445425[445392]:444778[444778]:648[615]
143	429521+942	0	1020	1	8842at33634_6|BLYE01000020_1|+|267|4.702e-75|1|429521|430462|429521[429521]:430462[430462]:942[942]
143	330779+636	0	1045	1	13832at33634_9|BLYE01000020_1|+|115|2.684e-29|1|330779|331414|330779[330779]:331414[331414]:636[636]
144	70030-757	0	571	-1	21875at33634_9|BLYE01000052_1|-|216|1.059e-59|2|69274|70030|70030[70030]:69860[69860]:171[171]|69837[69837]:69274[69274]:564[564]
145	12923+1146	0	235	1	5578at33634_7|BLYE01000084_1|+|93|1.126e-22|1|12923|14068|12923[12923]:14068[14068]:1146[1146]
146	48365+1419	0	1021	1	10425at33634_8|BLYE01000116_1|+|689|4.341e-202|1|48365|49783|48365[48365]:49783[49783]:1419[1419]
147	29586-1665	0	791	-1	6366at33634_7|BLYE01000148_1|-|832|3.893e-245|2|27922|29586|29586[29586]:29518[29518]:69[69]|29421[29421]:27922[27922]:1500[1500]
150	454025-1062	0	418	-1	12382at33634_8|BLYE01000021_1|-|124|5.242e-32|1|452964|454025|454025[454025]:452964[452964]:1062[1062]
150	251814+1392	0	462	1	9297at33634_2|BLYE01000021_1|+|279|1.148e-78|1|251814|253205|251814[251814]:253205[253205]:1392[1392]
150	304881-738	0	682	-1	15520at33634_0|BLYE01000021_1|-|87|7.205e-21|1|304144|304881|304881[304881]:304144[304144]:738[738]
150	139617-927	0	739	-1	13832at33634_0|BLYE01000021_1|-|132|2.048e-34|1|138691|139617|139617[139617]:138691[138691]:927[927]
150	442176+1146	0	931	1	8142at33634|BLYE01000021_1|+|243|7.888e-68|1|442176|443321|442176[442176]:443321[443321]:1146[1146]
151	76238+1193	0	820	1	15177at33634_8|BLYE01000053_1|+|519|6.497e-151|2|76238|77430|76238[76238]:76453[76453]:216[216]|76648[76648]:77430[77430]:783[783]
153	2593+537	0	739	1	13832at33634_0|BLYE01000117_1|+|93|1.126e-22|1|2593|3129|2593[2593]:3129[3129]:537[537]
157	72567+1635	0	18	1	6684at33634_7|BLYE01000022_1|+|837|1.217e-246|1|72567|74201|72567[72567]:74201[74201]:1635[1635]
157	307721+1173	0	122	1	12069at33634_8|BLYE01000022_1|+|438|1.571e-126|1|307721|308893|307721[307721]:308893[308893]:1173[1173]
157	314217+825	0	582	1	15177at33634_1|BLYE01000022_1|+|63|1.209e-13|1|314217|315041|314217[314217]:315041[315041]:825[825]
157	484014-213	0	609	-1	26441at33634_8|BLYE01000022_1|-|43|1.268e-07|1|483802|484014|484014[484014]:483802[483802]:213[213]
157	144158+1152	0	666	1	9297at33634_8|BLYE01000022_1|+|540|3.098e-157|1|144158|145309|144158[144158]:145309[145309]:1152[1152]
157	354467+802	0	986	1	8842at33634_5|BLYE01000022_1|+|173|9.312e-47|2|354467|355268|354467[354467]:354685[354685]:219[219]|354765[354771]:355268[355268]:504[498]
157	23145+1029	0	1029	1	15969at33634_4|BLYE01000022_1|+|447|3.068e-129|1|23145|24173|23145[23145]:24173[24173]:1029[1029]
161	53367+1166	0	278	1	12382at33634_4|BLYE01000150_1|+|235|2.019e-65|2|53367|54532|53367[53367]:53678[53678]:312[312]|53759[53759]:54532[54532]:774[774]
161	30669+759	0	1020	1	8842at33634_6|BLYE01000150_1|+|70|9.444e-16|1|30669|31427|30669[30669]:31427[31427]:759[759]
164	390837-1425	0	3	-1	12382at33634|BLYE01000023_1|-|94|5.629e-23|1|389413|390837|390837[390837]:389413[389413]:1425[1425]
164	218969-828	0	918	-1	8842at33634_3|BLYE01000023_1|-|146|1.25e-38|1|218142|218969|218969[218969]:218142[218142]:828[828]
167	114592+753	0	816	1	8842at33634_0|BLYE01000119_1|+|173|9.312e-47|1|114592|115344|114592[114592]:115344[115344]:753[753]
171	141083+159	0	609	1	26441at33634_8|BLYE01000024_1|+|40|1.014e-06|1|141083|141241|141083[141083]:141241[141241]:159[159]
171	138210+2352	0	633	1	3528at33634_9|BLYE01000024_1|+|1261|0|1|138210|140561|138210[138210]:140561[140561]:2352[2352]
171	37202+2184	0	634	1	11504at33634_1|BLYE01000024_1|+|550|3.025e-160|1|37202|39385|37202[37202]:39385[39385]:2184[2184]
171	172321-537	0	875	-1	13832at33634_4|BLYE01000024_1|-|37|8.112e-06|1|171785|172321|172321[172321]:171785[171785]:537[537]
171	296030-201	0	977	-1	13832at33634_7|BLYE01000024_1|-|48|3.961e-09|1|295830|296030|296030[296030]:295830[295830]:201[201]
171	196668-789	0	1011	-1	13832at33634_8|BLYE01000024_1|-|85|2.882e-20|1|195880|196668|196668[196668]:195880[195880]:789[789]
173	189868-768	0	949	-1	5145at33634_8|BLYE01000088_1|-|68|3.778e-15|1|189101|189868|189868[189868]:189101[189101]:768[768]
173	262179+351	0	964	1	25189at33634|BLYE01000088_1|+|42|2.535e-07|1|262179|262529|262179[262179]:262529[262529]:351[351]
181	11622+1477	0	988	1	15520at33634_9|BLYE01000121_1|+|560|2.954e-163|3|11622|13098|11622[11622]:11669[11669]:48[48]|11834[11834]:12340[12340]:507[507]|12460[12463]:13098[13098]:639[636]
189	204691-1914	0	720	-1	12249at33634_9|BLYE01000154_1|-|607|2.099e-177|1|202778|204691|204691[204691]:202778[202778]:1914[1914]
191	49368-1537	0	49	-1	6933at33634_0|BLYE01000218_1|-|318|2.088e-90|2|47832|49368|49368[49368]:48421[48421]:948[948]|48329[48329]:47832[47832]:498[498]
191	100997+2085	0	108	1	18615at33634|BLYE01000218_1|+|216|1.059e-59|1|100997|103081|100997[100997]:103081[103081]:2085[2085]
191	85038-942	0	1054	-1	8842at33634_7|BLYE01000218_1|-|297|4.379e-84|1|84097|85038|85038[85038]:84097[84097]:942[942]
192	353603-849	0	694	-1	26150at33634_6|BLYE01000027_1|-|223|8.271e-62|1|352755|353603|353603[353603]:352755[352755]:849[849]
192	288054-846	0	752	-1	15177at33634_6|BLYE01000027_1|-|59|1.934e-12|1|287209|288054|288054[288054]:287209[287209]:846[846]
192	354455-798	0	796	-1	26150at33634_9|BLYE01000027_1|-|227|5.169e-63|1|353658|354455|354455[354455]:353658[353658]:798[798]
192	77956+1486	0	1054	1	8842at33634_7|BLYE01000027_1|+|798|6.688e-235|2|77956|79441|77956[77956]:78261[78261]:306[306]|78401[78404]:79441[79441]:1041[1038]
192	3505-2355	0	1080	-1	20044at33634_2|BLYE01000027_1|-|316|8.352e-90|1|1151|3505|3505[3505]:1151[1151]:2355[2355]
195	201328-1059	0	418	-1	12382at33634_8|BLYE01000123_1|-|184|4.547e-50|1|200270|201328|201328[201328]:200270[200270]:1059[1059]
195	88721+618	0	850	1	8842at33634_1|BLYE01000123_1|+|119|1.678e-30|1|88721|89338|88721[88721]:89338[89338]:618[618]
199	283325+2866	0	433	1	4148at33634_1|BLYE01000028_1|+|774|1.122e-227|3|283325|286190|283325[283325]:285196[285196]:1872[1872]|285279[285282]:285701[285701]:423[420]|285792[285792]:286190[286190]:399[399]
199	171222-3251	0	494	-1	723at33634_9|BLYE01000028_1|-|1633|0|2|167972|171222|171222[171222]:169954[169954]:1269[1269]|169870[169870]:167972[167972]:1899[1899]
199	71439+898	0	571	1	21875at33634_9|BLYE01000028_1|+|284|3.587e-80|2|71439|72336|71439[71439]:71600[71600]:162[162]|71623[71623]:72336[72336]:714[714]
199	104032+2323	0	748	1	3786at33634_8|BLYE01000028_1|+|1105|0|3|104032|106354|104032[104032]:104109[104109]:78[78]|104448[104448]:105341[105341]:894[894]|105413[105416]:106354[106354]:942[939]
199	167058-1632	0	787	-1	12626at33634_9|BLYE01000028_1|-|677|1.778e-198|1|165427|167058|167058[167058]:165427[165427]:1632[1632]
199	102098+1062	0	943	1	13832at33634_6|BLYE01000028_1|+|92|2.252e-22|1|102098|103159|102098[102098]:103159[103159]:1062[1062]
200	53014-1479	0	173	-1	12382at33634_1|BLYE01000060_1|-|179|1.455e-48|1|51536|53014|53014[53014]:51536[51536]:1479[1479]
202	14456-1382	0	504	-1	13819at33634_9|BLYE01000124_1|-|678|8.89e-199|2|13075|14456|14456[14456]:13470[13470]:987[987]|13398[13389]:13075[13075]:324[315]
202	49909+993	0	745	1	5145at33634_2|BLYE01000124_1|+|91|4.503e-22|1|49909|50901|49909[49909]:50901[50901]:993[993]
203	96532+795	0	98	1	18429at33634_9|BLYE01000156_1|+|438|1.571e-126|1|96532|97326|96532[96532]:97326[97326]:795[795]
203	57090+1458	0	161	1	14113at33634_7|BLYE01000156_1|+|521|1.624e-151|1|57090|58547|57090[57090]:58547[58547]:1458[1458]
203	71282+1963	0	614	1	3834at33634_8|BLYE01000156_1|+|616|4.1e-180|3|71282|73244|71282[71282]:72868[72868]:1587[1587]|72947[72947]:73012[73012]:66[66]|73086[73086]:73244[73244]:159[159]
203	158548-1392	0	720	-1	12249at33634_9|BLYE01000156_1|-|118|3.355e-30|1|157157|158548|158548[158548]:157157[157157]:1392[1392]
203	253486+831	0	1045	1	13832at33634_9|BLYE01000156_1|+|121|4.194e-31|1|253486|254316|253486[253486]:254316[254316]:831[831]
203	163375+1841	0	1098	1	9939at33634_8|BLYE01000156_1|+|767|1.436e-225|3|163375|165215|163375[163375]:164259[164259]:885[885]|164320[164326]:164757[164757]:438[432]|164844[164844]:165215[165215]:372[372]
204	28720+2778	0	330	1	302at33634_0|BLYE01000188_1|+|185|2.274e-50|1|28720|31497|28720[28720]:31497[31497]:2778[2778]
204	33141+1500	0	434	1	302at33634_3|BLYE01000188_1|+|162|1.907e-43|1|33141|34640|33141[33141]:34640[34640]:1500[1500]
206	117674+2778	0	330	1	302at33634_0|BLYE01000029_1|+|185|2.274e-50|1|117674|120451|117674[117674]:120451[120451]:2778[2778]
206	122095+1500	0	434	1	302at33634_3|BLYE01000029_1|+|166|1.192e-44|1|122095|123594|122095[122095]:123594[123594]:1500[1500]
206	337352+780	0	437	1	13476at33634_9|BLYE01000029_1|+|348|1.945e-99|1|337352|338131|337352[337352]:338131[338131]:780[780]
206	306211+1608	0	594	1	3892at33634_7|BLYE01000029_1|+|317|4.176e-90|1|306211|307818|306211[306211]:307818[307818]:1608[1608]
207	54932-8626	0	331	-1	21875at33634_2|BLYE01000061_1|-|224|4.136e-62|3|46307|54932|54932[54932]:54402[54402]:531[531]|54390[54390]:54229[54229]:162[162]|46375[46339]:46307[46307]:69[33]
212	6956-351	0	857	-1	24919at33634_5|BLYE01000221_1|-|206|1.084e-56|1|6606|6956|6956[6956]:6606[6606]:351[351]
213	283218-621	0	251	-1	28151at33634_9|BLYE01000030_1|-|154|4.882e-41|1|282598|283218|283218[283218]:282598[282598]:621[621]
213	59361-888	0	816	-1	8842at33634_0|BLYE01000030_1|-|166|1.192e-44|1|58474|59361|59361[59361]:58474[58474]:888[888]
213	303805+672	0	850	1	8842at33634_1|BLYE01000030_1|+|128|3.277e-33|1|303805|304476|303805[303805]:304476[304476]:672[672]
213	294513-468	0	887	-1	27411at33634_8|BLYE01000030_1|-|189|1.421e-51|1|294046|294513|294513[294513]:294046[294046]:468[468]
217	133485+1170	0	724	1	5964at33634_7|BLYE01000158_1|+|117|6.71e-30|1|133485|134654|133485[133485]:134654[134654]:1170[1170]
217	14759+1173	0	914	1	18432at33634_5|BLYE01000158_1|+|283|7.174e-80|1|14759|15931|14759[14759]:15931[15931]:1173[1173]
218	27987+780	0	437	1	13476at33634_9|BLYE01000190_1|+|348|1.945e-99|1|27987|28766|27987[27987]:28766[28766]:780[780]
223	5339+957	0	153	1	13102at33634_1|BLYE01000127_1|+|76|1.476e-17|1|5339|6295|5339[5339]:6295[6295]:957[957]
224	228882+1355	0	3	1	12382at33634|BLYE01000159_1|+|230|6.462e-64|2|228882|230236|228882[228882]:229028[229028]:147[147]|229277[229277]:230236[230236]:960[960]
224	140157+681	0	339	1	27268at33634_8|BLYE01000159_1|+|232|1.615e-64|1|140157|140837|140157[140157]:140837[140837]:681[681]
227	2490+945	0	163	1	17887at33634_1|BLYE01000032_1|+|119|1.678e-30|1|2490|3434|2490[2490]:3434[3434]:945[945]
230	36662-663	0	762	-1	26150at33634_8|BLYE01000128_1|-|81|4.611e-19|1|36000|36662|36662[36662]:36000[36000]:663[663]
231	211141-1170	0	3	-1	12382at33634|BLYE01000160_1|-|213|8.47e-59|2|209972|211141|211141[211141]:210866[210866]:276[276]|210778[210778]:209972[209972]:807[807]
