1	7159+417	0	180743	1	97116at2759_114742_1:0020c4|JAACPG010000033_1|+|109|4.716e-25|1|7159|7575|7159[7159]:7575[7575]:417[417]
2	3257+1044	0	86520	1	801857at2759_1257118_1:003907|JAACPG010000065_1|+|119|4.606e-28|1|3257|4300|3257[3257]:4300[4300]:1044[1044]
6	3594+276	0	105045	1	1421503at2759_1157616_1:0005a7|JAACPG010002449_1|+|40|0.0002784|1|3594|3869|3594[3594]:3869[3869]:276[276]
9	4202+644	0	270687	1	1284731at2759_478820_1:000833|JAACPG010000636_1|+|137|1.757e-33|2|4202|4845|4202[4202]:4342[4342]:141[141]|4672[4672]:4845[4845]:174[174]
19	4149+1780	0	6150	1	836599at2759_556484_1:0001df|JAACPG010000447_1|+|678|2.441e-196|2|4149|5928|4149[4149]:4955[4955]:807[807]|5110[5110]:5928[5928]:819[819]
23	3241+667	0	172433	1	1488235at2759_1380566_1:00268c|JAACPG010001574_1|+|178|7.99e-46|2|3241|3907|3241[3241]:3477[3477]:237[237]|3590[3590]:3907[3907]:318[318]
26	4103+609	0	216496	1	1010730at2759_767744_1:0008ec|JAACPG010001226_1|+|41|0.0001392|1|4103|4711|4103[4103]:4711[4711]:609[609]
28	2661-867	0	238073	-1	779909at2759_126957_0:0035f7|JAACPG010001290_1|-|42|6.96e-05|1|1795|2661|2661[2661]:1795[1795]:867[867]
33	2230+2048	0	68684	1	917326at2759_1519565_1:00130c|JAACPG010002765_1|+|931|1.686e-272|2|2230|4277|2230[2230]:2853[2853]:624[624]|2973[2976]:4277[4277]:1305[1302]
43	3249-1491	0	153900	-1	1173229at2759_1519565_1:003fdd|JAACPG010001361_1|-|318|5.732e-88|1|1759|3249|3249[3249]:1759[1759]:1491[1491]
54	2948+567	0	222211	1	1454155at2759_3711_0:008a26|JAACPG010001971_1|+|56|4.248e-09|1|2948|3514|2948[2948]:3514[3514]:567[567]
61	2230+1212	0	224047	1	355408at2759_568069_0:003262|JAACPG010001652_1|+|74|1.621e-14|1|2230|3441|2230[2230]:3441[3441]:1212[1212]
64	709+2307	0	98960	1	97116at2759_3562_0:00520f|JAACPG010001745_1|+|83|3.165e-17|1|709|3015|709[709]:3015[3015]:2307[2307]
75	3044-249	0	56887	-1	87842at2759_100787_1:004249|JAACPG010001144_1|-|51|1.359e-07|1|2796|3044|3044[3044]:2796[2796]:249[249]
90	10267-411	0	300900	-1	671536at2759_6958_0:000b41|JAACPG010000306_1|-|42|6.96e-05|1|9857|10267|10267[10267]:9857[9857]:411[411]
91	1762+912	0	239098	1	956854at2759_1519565_1:00232e|JAACPG010000338_1|+|319|2.866e-88|1|1762|2673|1762[1762]:2673[2673]:912[912]
91	7440-1191	0	251804	-1	761109at2759_483514_1:00033d|JAACPG010000338_1|-|44|1.74e-05|1|6250|7440|7440[7440]:6250[6250]:1191[1191]
93	8116-1714	0	208618	-1	751335at2759_104421_0:0026de|JAACPG010002076_1|-|254|1.057e-68|2|6403|8116|8116[8116]:7130[7130]:987[987]|7029[7029]:6403[6403]:627[627]
94	334+1479	0	116022	1	543764at2759_1519565_1:0008f3|JAACPG010002108_1|+|567|6.337e-163|1|334|1812|334[334]:1812[1812]:1479[1479]
108	744+273	0	244000	1	179362at2759_684364_1:001516|JAACPG010002418_1|+|40|0.0002784|1|744|1016|744[744]:1016[1016]:273[273]
117	1119-618	0	81899	-1	1395649at2759_556484_1:001ef4|JAACPG010003191_1|-|239|3.465e-64|1|502|1119|1119[1119]:502[502]:618[618]
140	4311+792	0	230031	1	924753at2759_184922_1:000f0a|JAACPG010000896_1|+|39|0.0005568|1|4311|5102|4311[4311]:5102[5102]:792[792]
149	1521+1986	0	2406	1	383503at2759_1519565_1:000769|JAACPG010001456_1|+|512|2.283e-146|2|1521|3506|1521[1521]:3251[3251]:1731[1731]|3342[3342]:3506[3506]:165[165]
166	2173-555	0	157641	-1	1459797at2759_556484_1:0025fb|JAACPG010001714_1|-|152|5.362e-38|2|1619|2173|2173[2173]:2051[2051]:123[123]|1879[1873]:1619[1619]:261[255]
167	1412+216	0	33620	1	1079827at2759_43151_0:00269f|JAACPG010001746_1|+|137|1.757e-33|1|1412|1627|1412[1412]:1627[1627]:216[216]
186	5280-343	0	253075	-1	142542at2759_635003_1:0037e3|JAACPG010000275_1|-|149|4.29e-37|2|4938|5280|5280[5280]:5095[5095]:186[186]|5018[5012]:4938[4938]:81[75]
187	4008-291	0	221181	-1	939345at2759_280463_1:003ce7|JAACPG010002963_1|-|111|1.179e-25|1|3718|4008|4008[4008]:3718[3718]:291[291]
189	11722-1521	0	248561	-1	257318at2759_1519565_1:000a77|JAACPG010003019_1|-|517|7.135e-148|1|10202|11722|11722[11722]:10202[10202]:1521[1521]
193	2717+513	0	265195	1	1312453at2759_101020_0:001461|JAACPG010000307_1|+|42|6.96e-05|1|2717|3229|2717[2717]:3229[3229]:513[513]
204	4512+1225	0	111062	1	974865at2759_635003_1:00056f|JAACPG010002601_1|+|459|2.056e-130|2|4512|5736|4512[4512]:4832[4832]:321[321]|4975[4993]:5736[5736]:762[744]
205	854+2460	0	233374	1	369837at2759_556484_1:001366|JAACPG010002633_1|+|745|1.654e-216|1|854|3313|854[854]:3313[3313]:2460[2460]
222	1351+3082	0	204974	1	679187at2759_556484_1:0017ea|JAACPG010003256_1|+|664|3.999e-192|2|1351|4432|1351[1351]:3969[3969]:2619[2619]|4094[4094]:4432[4432]:339[339]
225	4617-774	0	42253	-1	39650at2759_36646_1:000574|JAACPG010000449_1|-|52|6.797e-08|1|3844|4617|4617[4617]:3844[3844]:774[774]
239	3+1080	0	76725	1	687505at2759_1169540_1:0043ff|JAACPG010002767_1|+|91|1.236e-19|1|3|1082|3[3]:1082[1082]:1080[1080]
243	3827+255	0	147160	1	1538526at2759_423536_1:004c25|JAACPG010000897_1|+|45|8.7e-06|1|3827|4081|3827[3827]:4081[4081]:255[255]
244	427+105	0	88877	1	858842at2759_296543_1:0005f3|JAACPG010000929_1|+|46|4.35e-06|1|427|531|427[427]:531[531]:105[105]
248	303+297	0	15056	1	1312453at2759_47790_0:003198|JAACPG010001057_1|+|40|0.0002784|1|303|599|303[303]:599[599]:297[297]
255	877+495	0	72907	1	1312453at2759_5949_1:0015a8|JAACPG010002205_1|+|80|2.532e-16|1|877|1371|877[877]:1371[1371]:495[495]
258	1162-1050	0	63723	-1	1450538at2759_635003_1:000b99|JAACPG010001910_1|-|308|5.87e-85|1|113|1162|1162[1162]:113[113]:1050[1050]
260	1711+978	0	276922	1	674169at2759_150288_0:004ad5|JAACPG010001973_1|+|44|1.74e-05|1|1711|2688|1711[1711]:2688[2688]:978[978]
264	3893+738	0	42253	1	39650at2759_36646_1:000574|JAACPG010002858_1|+|92|6.182e-20|1|3893|4630|3893[3893]:4630[4630]:738[738]
265	1834+225	0	33620	1	1079827at2759_43151_0:00269f|JAACPG010002890_1|+|145|6.863e-36|1|1834|2058|1834[1834]:2058[2058]:225[225]
286	1974+381	0	218489	1	1370304at2759_112090_1:00297d|JAACPG010000246_1|+|59|5.31e-10|1|1974|2354|1974[1974]:2354[2354]:381[381]
286	778+1646	0	300408	1	1370304at2759_635003_1:00285a|JAACPG010000246_1|+|382|3.108e-107|2|778|2423|778[778]:1869[1869]:1092[1092]|1968[1983]:2423[2423]:456[441]
295	4604+177	0	253075	1	142542at2759_635003_1:0037e3|JAACPG010000276_1|+|44|1.74e-05|1|4604|4780|4604[4604]:4780[4780]:177[177]
298	7780-249	0	295907	-1	1545004at2759_1519565_1:004ca5|JAACPG010002047_1|-|127|1.799e-30|1|7532|7780|7780[7780]:7532[7532]:249[249]
324	2934+414	0	289567	1	768809at2759_46433_1:007484|JAACPG010003225_1|+|46|4.35e-06|1|2934|3347|2934[2934]:3347[3347]:414[414]
327	0+1374	0	100832	1	1370285at2759_556484_1:000c06|JAACPG010000418_1|+|308|5.87e-85|1|0|1373|0[0]:1373[1373]:1374[1374]
344	4888+570	0	172433	1	1488235at2759_1380566_1:00268c|JAACPG010000834_1|+|179|3.995e-46|1|4888|5457|4888[4888]:5457[5457]:570[570]
358	2860-225	0	33620	-1	1079827at2759_43151_0:00269f|JAACPG010002206_1|-|80|2.532e-16|1|2636|2860|2860[2860]:2636[2636]:225[225]
371	1734-876	0	277426	-1	1314980at2759_192259_0:0012f7|JAACPG010001686_1|-|97|1.932e-21|1|859|1734|1734[1734]:859[859]:876[876]
387	2602-879	0	25468	-1	83779at2759_58331_0:0065aa|JAACPG010000183_1|-|218|7.267e-58|1|1724|2602|2602[2602]:1724[1724]:879[879]
393	0+912	0	289856	1	570797at2759_50452_0:0024c0|JAACPG010001757_1|+|154|1.34e-38|1|0|911|0[0]:911[911]:912[912]
402	5615-368	0	25833	-1	543764at2759_6334_0:00368a|JAACPG010002079_1|-|99|4.83e-22|2|5248|5615|5615[5615]:5451[5451]:165[165]|5343[5334]:5248[5248]:96[87]
406	2721-1011	0	297889	-1	1014314at2759_36911_1:000dab|JAACPG010002346_1|-|46|4.35e-06|1|1711|2721|2721[2721]:1711[1711]:1011[1011]
407	1128-1035	0	25087	-1	1260807at2759_556484_1:0005ac|JAACPG010002378_1|-|453|1.316e-128|1|94|1128|1128[1128]:94[94]:1035[1035]
411	2433-966	0	42253	-1	39650at2759_36646_1:000574|JAACPG010002635_1|-|154|1.34e-38|1|1468|2433|2433[2433]:1468[1468]:966[966]
415	2228-972	0	116021	-1	1479417at2759_1519565_1:000295|JAACPG010000101_1|-|333|1.749e-92|1|1257|2228|2228[2228]:1257[1257]:972[972]
417	6791-993	0	78151	-1	1348942at2759_1519565_1:000d41|JAACPG010002421_1|-|89|4.946e-19|1|5799|6791|6791[6791]:5799[5799]:993[993]
418	3466-891	0	28333	-1	1051021at2759_988480_1:000ea3|JAACPG010002453_1|-|74|1.621e-14|1|2576|3466|3466[3466]:2576[2576]:891[891]
423	4145-2115	0	159891	-1	679187at2759_8019_0:001423|JAACPG010000704_1|-|144|1.373e-35|1|2031|4145|4145[4145]:2031[2031]:2115[2115]
424	6180+636	0	157636	1	1530008at2759_556484_1:000812|JAACPG010000736_1|+|163|2.618e-41|1|6180|6815|6180[6180]:6815[6815]:636[636]
428	3780-513	0	213920	-1	299766at2759_482537_0:005526|JAACPG010003258_1|-|52|6.797e-08|1|3268|3780|3780[3780]:3268[3268]:513[513]
443	2621+1695	0	238829	1	1248958at2759_1410327_1:002c1b|JAACPG010002705_1|+|44|1.74e-05|1|2621|4315|2621[2621]:4315[4315]:1695[1695]
443	1794+273	0	242550	1	1248958at2759_51031_0:002cbc|JAACPG010002705_1|+|45|8.7e-06|1|1794|2066|1794[1794]:2066[2066]:273[273]
445	4815-3402	0	97091	-1	331411at2759_1519565_1:0026f9|JAACPG010002769_1|-|579|1.547e-166|1|1414|4815|4815[4815]:1414[1414]:3402[3402]
479	2178+1392	0	11874	1	736068at2759_1519565_1:00077f|JAACPG010001845_1|+|394|7.587e-111|1|2178|3569|2178[2178]:3569[3569]:1392[1392]
490	193-180	0	89803	-1	779909at2759_38123_0:00054a|JAACPG010000184_1|-|41|0.0001392|1|14|193|193[193]:14[14]:180[180]
496	12247+1806	0	21353	1	891751at2759_1519565_1:0047a4|JAACPG010002965_1|+|409|2.315e-115|1|12247|14052|12247[12247]:14052[14052]:1806[1806]
496	831-783	0	42253	-1	39650at2759_36646_1:000574|JAACPG010002965_1|-|111|1.179e-25|1|49|831|831[831]:49[49]:783[783]
500	11469-1185	0	195505	-1	1342242at2759_556484_1:000d72|JAACPG010000768_1|-|454|6.581e-129|1|10285|11469|11469[11469]:10285[10285]:1185[1185]
501	10422+681	0	268233	1	1173229at2759_225164_0:002e30|JAACPG010000278_1|+|52|6.797e-08|1|10422|11102|10422[10422]:11102[11102]:681[681]
503	9722+219	0	144430	1	1426075at2759_1519565_1:002d55|JAACPG010000342_1|+|83|3.165e-17|1|9722|9940|9722[9722]:9940[9940]:219[219]
507	352+903	0	78151	1	1348942at2759_1519565_1:000d41|JAACPG010002144_1|+|102|6.037e-23|1|352|1254|352[352]:1254[1254]:903[903]
507	8125+738	0	239093	1	869548at2759_1519565_1:00066c|JAACPG010002144_1|+|268|6.454e-73|1|8125|8862|8125[8125]:8862[8862]:738[738]
508	5947+618	0	186040	1	1355894at2759_556484_1:0017d0|JAACPG010002315_1|+|263|2.065e-71|2|5947|6564|5947[5947]:6078[6078]:132[132]|6169[6169]:6564[6564]:396[396]
527	2788+774	0	130122	1	1355894at2759_65357_1:000af2|JAACPG010000737_1|+|113|2.948e-26|1|2788|3561|2788[2788]:3561[3561]:774[774]
530	3330-717	0	63648	-1	1287401at2759_6238_0:0021af|JAACPG010003227_1|-|100|2.415e-22|1|2614|3330|3330[3330]:2614[2614]:717[717]
535	2915-1518	0	163357	-1	604979at2759_1519565_1:000433|JAACPG010000484_1|-|793|5.876e-231|2|1398|2915|2915[2915]:2505[2505]:411[411]|2402[2402]:1398[1398]:1005[1005]
536	4826+459	0	47940	1	1355894at2759_1081108_1:00085b|JAACPG010001517_1|+|89|4.946e-19|1|4826|5284|4826[4826]:5284[5284]:459[459]
557	1289+714	0	101596	1	1567796at2759_635003_1:0017ad|JAACPG010001060_1|+|235|5.544e-63|1|1289|2002|1289[1289]:2002[2002]:714[714]
561	1228-450	0	180743	-1	97116at2759_114742_1:0020c4|JAACPG010001460_1|-|51|1.359e-07|1|779|1228|1228[1228]:779[779]:450[450]
563	7683-594	0	80708	-1	1065019at2759_412030_1:000b65|JAACPG010002177_1|-|114|1.474e-26|1|7090|7683|7683[7683]:7090[7090]:594[594]
564	312+2094	0	3667	1	924753at2759_296543_1:000f08|JAACPG010002208_1|+|379|2.486e-106|1|312|2405|312[312]:2405[2405]:2094[2094]
565	3857-627	0	297857	-1	1025450at2759_3656_0:0042b0|JAACPG010002240_1|-|67|2.074e-12|1|3231|3857|3857[3857]:3231[3231]:627[627]
570	1760+762	0	6981	1	1025450at2759_64571_1:000ae0|JAACPG010002008_1|+|96|3.864e-21|1|1760|2521|1760[1760]:2521[2521]:762[762]
586	6423+1116	0	290175	1	944899at2759_556484_1:000f14|JAACPG010000571_1|+|479|1.961e-136|1|6423|7538|6423[6423]:7538[7538]:1116[1116]
607	2206-867	0	263259	-1	779909at2759_717982_1:002d55|JAACPG010002050_1|-|77|2.026e-15|1|1340|2206|2206[2206]:1340[1340]:867[867]
608	5348+780	0	42253	1	39650at2759_36646_1:000574|JAACPG010002081_1|+|180|1.997e-46|1|5348|6127|5348[5348]:6127[6127]:780[780]
610	1517-213	0	131901	-1	142542at2759_905079_1:00102b|JAACPG010002145_1|-|65|8.297e-12|1|1305|1517|1517[1517]:1305[1305]:213[213]
611	7915-693	0	167869	-1	1588798at2759_635003_1:001e3d|JAACPG010002316_1|-|230|1.774e-61|1|7223|7915|7915[7915]:7223[7223]:693[693]
614	4654-684	0	52217	-1	674169at2759_407821_0:003211|JAACPG010002541_1|-|147|1.716e-36|1|3971|4654|4654[4654]:3971[3971]:684[684]
616	2489+1866	0	36525	1	1115196at2759_763406_1:000d5d|JAACPG010002605_1|+|143|2.745e-35|1|2489|4354|2489[2489]:4354[4354]:1866[1866]
617	1987+186	0	187071	1	261328at2759_667725_0:003482|JAACPG010002637_1|+|43|3.48e-05|1|1987|2172|1987[1987]:2172[2172]:186[186]
624	3232-450	0	180743	-1	97116at2759_114742_1:0020c4|JAACPG010002455_1|-|70|2.593e-13|1|2783|3232|3232[3232]:2783[2783]:450[450]
634	6092-637	0	281473	-1	1488235at2759_635003_1:001fe7|JAACPG010003260_1|-|256|2.644e-69|2|5456|6092|6092[6092]:5994[5994]:99[99]|5896[5896]:5456[5456]:441[441]
653	5476-243	0	294372	-1	621827at2759_1155016_0:001d6a|JAACPG010000837_1|-|126|3.598e-30|1|5234|5476|5476[5476]:5234[5234]:243[243]
658	1840-798	0	25468	-1	83779at2759_58331_0:0065aa|JAACPG010000997_1|-|191|9.753e-50|1|1043|1840|1840[1840]:1043[1043]:798[798]
673	60+246	0	10757	1	1538526at2759_1245769_1:000790|JAACPG010002009_1|+|50|2.719e-07|1|60|305|60[60]:305[305]:246[246]
677	9415-1377	0	182302	-1	1441854at2759_1519565_1:004676|JAACPG010000261_1|-|395|3.793e-111|2|8039|9415|9415[9415]:9146[9146]:270[270]|8917[8914]:8039[8039]:879[876]
689	11476-2484	0	241840	-1	100698at2759_4236_0:006369|JAACPG010000269_1|-|512|2.283e-146|4|8993|11476|11476[11476]:11324[11324]:153[153]|11223[11214]:10594[10594]:630[621]|10530[10491]:9736[9736]:795[756]|9631[9631]:8993[8993]:639[639]
694	2152+381	0	252054	1	1428854at2759_51337_0:003ce5|JAACPG010001182_1|+|39|0.0005568|1|2152|2532|2152[2152]:2532[2532]:381[381]
705	803+1245	0	68689	1	919955at2759_1519565_1:0030a7|JAACPG010000740_1|+|394|7.587e-111|1|803|2047|803[803]:2047[2047]:1245[1245]
706	4194-1572	0	8744	-1	721605at2759_88501_0:001c0d|JAACPG010000770_1|-|250|1.692e-67|1|2623|4194|4194[4194]:2623[2623]:1572[1572]
707	5264-468	0	265195	-1	1312453at2759_101020_0:001461|JAACPG010000280_1|-|65|8.297e-12|1|4797|5264|5264[5264]:4797[4797]:468[468]
708	2747+1418	0	229637	1	774318at2759_1519565_1:004713|JAACPG010000312_1|+|415|3.618e-117|2|2747|4164|2747[2747]:3649[3649]:903[903]|3757[3757]:4164[4164]:408[408]
708	3757+390	0	236251	1	774318at2759_933852_1:0001b2|JAACPG010000312_1|+|96|3.864e-21|1|3757|4146|3757[3757]:4146[4146]:390[390]
737	1531+225	0	148174	1	1633672at2759_556484_1:0025b9|JAACPG010003261_1|+|59|5.31e-10|1|1531|1755|1531[1531]:1755[1755]:225[225]
743	2572-561	0	52217	-1	674169at2759_407821_0:003211|JAACPG010001550_1|-|147|1.716e-36|1|2012|2572|2572[2572]:2012[2012]:561[561]
755	3351-1974	0	229635	-1	671846at2759_1519565_1:003bcb|JAACPG010000806_1|-|339|2.733e-94|1|1378|3351|3351[3351]:1378[1378]:1974[1974]
758	3284-681	0	38306	-1	1010730at2759_1064592_1:00111c|JAACPG010000902_1|-|69|5.186e-13|1|2604|3284|3284[3284]:2604[2604]:681[681]
767	933+825	0	42253	1	39650at2759_36646_1:000574|JAACPG010001462_1|+|184|1.248e-47|1|933|1757|933[933]:1757[1757]:825[825]
767	2095+624	0	72907	1	1312453at2759_5949_1:0015a8|JAACPG010001462_1|+|123|2.879e-29|1|2095|2718|2095[2095]:2718[2718]:624[624]
768	3452-183	0	88877	-1	858842at2759_296543_1:0005f3|JAACPG010002147_1|-|75|8.103e-15|1|3270|3452|3452[3452]:3270[3270]:183[183]
771	58+3189	0	234138	1	1312453at2759_635003_1:001f52|JAACPG010002242_1|+|863|4.977e-252|2|58|3246|58[58]:729[729]:672[672]|907[907]:3246[3246]:2340[2340]
780	2538-1116	0	127113	-1	1112002at2759_329046_1:000e17|JAACPG010002894_1|-|108|9.433e-25|1|1423|2538|2538[2538]:1423[1423]:1116[1116]
780	402+696	0	248567	1	1552706at2759_1519565_1:002e9e|JAACPG010002894_1|+|217|1.453e-57|3|402|1097|402[402]:509[509]:108[108]|595[598]:654[654]:60[57]|732[744]:1097[1097]:366[354]
788	4171-291	0	93261	-1	1405146at2759_75366_0:004cab|JAACPG010001848_1|-|115|7.369e-27|1|3881|4171|4171[4171]:3881[3881]:291[291]
795	1690-588	0	180743	-1	97116at2759_114742_1:0020c4|JAACPG010001119_1|-|92|6.182e-20|1|1103|1690|1690[1690]:1103[1103]:588[588]
805	1709-498	0	105103	-1	1014314at2759_1165861_1:0028c2|JAACPG010002968_1|-|45|8.7e-06|1|1212|1709|1709[1709]:1212[1212]:498[498]
812	16+261	0	287716	1	1379600at2759_29729_0:0037a9|JAACPG010000345_1|+|119|4.606e-28|1|16|276|16[16]:276[276]:261[261]
813	983-984	0	78151	-1	1348942at2759_1519565_1:000d41|JAACPG010002052_1|-|100|2.415e-22|1|0|983|983[983]:0[0]:984[984]
813	8759+654	0	144431	1	1382842at2759_1519565_1:0031df|JAACPG010002052_1|+|104|1.509e-23|1|8759|9412|8759[8759]:9412[9412]:654[654]
814	2690-2340	0	20898	-1	1112002at2759_1365824_1:0014d4|JAACPG010002083_1|-|195|6.096e-51|1|351|2690|2690[2690]:351[351]:2340[2340]
816	0+555	0	91367	1	491869at2759_556484_1:001f7f|JAACPG010002286_1|+|182|4.994e-47|1|0|554|0[0]:554[554]:555[555]
820	2048+1865	0	25090	1	834694at2759_556484_1:0015bb|JAACPG010002543_1|+|581|3.868e-167|3|2048|3912|2048[2048]:2803[2803]:756[756]|2933[2933]:3487[3487]:555[555]|3541[3571]:3912[3912]:372[342]
822	4769-558	0	225522	-1	1479417at2759_72520_1:001211|JAACPG010002607_1|-|51|1.359e-07|1|4212|4769|4769[4769]:4212[4212]:558[558]
823	6503+915	0	180743	1	97116at2759_114742_1:0020c4|JAACPG010002639_1|+|75|8.103e-15|1|6503|7417|6503[6503]:7417[7417]:915[915]
826	411+210	0	270687	1	1284731at2759_478820_1:000833|JAACPG010000073_1|+|39|0.0005568|1|411|620|411[411]:620[620]:210[210]
830	3234-531	0	52217	-1	674169at2759_407821_0:003211|JAACPG010002457_1|-|110|2.358e-25|1|2704|3234|3234[3234]:2704[2704]:531[531]
835	3361-807	0	2408	-1	1364586at2759_1519565_1:001213|JAACPG010000708_1|-|208|7.441e-55|1|2555|3361|3361[3361]:2555[2555]:807[807]
839	5082-225	0	253075	-1	142542at2759_635003_1:0037e3|JAACPG010003230_1|-|52|6.797e-08|1|4858|5082|5082[5082]:4858[4858]:225[225]
840	6154-1066	0	16351	-1	390348at2759_63057_0:001ffa|JAACPG010003262_1|-|430|1.104e-121|2|5089|6154|6154[6154]:5936[5936]:219[219]|5862[5841]:5089[5089]:774[753]
845	2837+1311	0	138704	1	858842at2759_556484_1:001147|JAACPG010001520_1|+|351|6.673e-98|1|2837|4147|2837[2837]:4147[4147]:1311[1311]
857	82+1257	0	53974	1	299766at2759_5949_1:003291|JAACPG010002773_1|+|107|1.887e-24|1|82|1338|82[82]:1338[1338]:1257[1257]
858	1925-1926	0	280710	-1	390348at2759_556484_1:001b2f|JAACPG010000807_1|-|975|9.586e-286|2|0|1925|1925[1925]:1809[1809]:117[117]|1640[1640]:0[0]:1641[1641]
867	5188-1428	0	204971	-1	946128at2759_556484_1:000887|JAACPG010001369_1|-|516|1.427e-147|1|3761|5188|5188[5188]:3761[3761]:1428[1428]
873	1814+393	0	72907	1	1312453at2759_5949_1:0015a8|JAACPG010002211_1|+|76|4.051e-15|1|1814|2206|1814[1814]:2206[2206]:393[393]
874	1727+213	0	278833	1	865202at2759_3562_0:003a9a|JAACPG010002243_1|+|42|6.96e-05|1|1727|1939|1727[1727]:1939[1939]:213[213]
882	734+768	0	42253	1	39650at2759_36646_1:000574|JAACPG010002864_1|+|120|2.303e-28|1|734|1501|734[734]:1501[1501]:768[768]
887	2749-705	0	115571	-1	270107at2759_1365824_1:00004c|JAACPG010001721_1|-|63|3.319e-11|1|2045|2749|2749[2749]:2045[2045]:705[705]
888	4148-222	0	175459	-1	1479417at2759_4182_0:000e83|JAACPG010001753_1|-|44|1.74e-05|1|3927|4148|4148[4148]:3927[3927]:222[222]
897	15200+1683	0	242841	1	720340at2759_556484_1:001389|JAACPG010000272_1|+|345|4.271e-96|1|15200|16882|15200[15200]:16882[16882]:1683[1683]
899	4172-633	0	6923	-1	1430056at2759_637379_1:0013cd|JAACPG010001152_1|-|143|2.745e-35|1|3540|4172|4172[4172]:3540[3540]:633[633]
899	170+1365	0	270689	1	1266231at2759_478820_1:000f5b|JAACPG010001152_1|+|149|4.29e-37|1|170|1534|170[170]:1534[1534]:1365[1365]
909	4685+267	0	258970	1	975557at2759_269621_1:000492|JAACPG010002999_1|+|50|2.719e-07|1|4685|4951|4685[4685]:4951[4951]:267[267]
920	3895-1029	0	200297	-1	1128607at2759_1291522_0:0001d5|JAACPG010002319_1|-|303|1.878e-83|1|2867|3895|3895[3895]:2867[2867]:1029[1029]
924	5601+843	0	124717	1	687505at2759_1306850_1:0003b3|JAACPG010002576_1|+|244|1.083e-65|1|5601|6443|5601[5601]:6443[6443]:843[843]
927	2002-1068	0	301437	-1	655400at2759_74557_1:002072|JAACPG010000010_1|-|41|0.0001392|1|935|2002|2002[2002]:935[935]:1068[1068]
928	4951+348	0	24874	1	1426075at2759_516756_0:001bc9|JAACPG010000042_1|+|49|5.438e-07|1|4951|5298|4951[4951]:5298[5298]:348[348]
935	5083+1335	0	156485	1	976469at2759_41427_0:001012|JAACPG010002522_1|+|134|1.406e-32|1|5083|6417|5083[5083]:6417[6417]:1335[1335]
956	1452+645	0	124817	1	1025450at2759_1314790_1:0036e3|JAACPG010001331_1|+|55|8.496e-09|1|1452|2096|1452[1452]:2096[2096]:645[645]
957	3187-3182	0	173429	-1	777920at2759_210143_0:005c1a|JAACPG010002678_1|-|391|6.069e-110|2|6|3187|3187[3187]:1160[1160]:2028[2028]|1097[1076]:6[6]:1092[1071]
959	4054+1173	0	259469	1	1220881at2759_307491_0:0022ae|JAACPG010002742_1|+|221|9.083e-59|1|4054|5226|4054[4054]:5226[5226]:1173[1173]
967	3581+1371	0	301123	1	293315at2759_717982_1:000a56|JAACPG010001000_1|+|176|3.196e-45|1|3581|4951|3581[3581]:4951[4951]:1371[1371]
985	1998-882	0	106283	-1	655400at2759_1410327_1:0003fd|JAACPG010002865_1|-|45|8.7e-06|1|1117|1998|1998[1998]:1117[1117]:882[882]
994	1875+882	0	78151	1	1348942at2759_1519565_1:000d41|JAACPG010000267_1|+|74|1.621e-14|1|1875|2756|1875[1875]:2756[2756]:882[882]
996	4334-1152	0	179756	-1	598949at2759_983966_1:00103d|JAACPG010000511_1|-|47|2.175e-06|1|3183|4334|4334[4334]:3183[3183]:1152[1152]
1012	6176-4096	0	116028	-1	87842at2759_1519565_1:002ce4|JAACPG010003000_1|-|1254|0|2|2081|6176|6176[6176]:2700[2700]:3477[3477]|2617[2617]:2081[2081]:537[537]
1013	9043-660	0	220159	-1	1323575at2759_1519565_1:000639|JAACPG010003026_1|-|231|8.871e-62|2|8384|9043|9043[9043]:8939[8939]:105[105]|8806[8797]:8384[8384]:423[414]
1016	3349+651	0	108823	1	1025450at2759_3880_0:0018f1|JAACPG010000283_1|+|42|6.96e-05|1|3349|3999|3349[3349]:3999[3999]:651[651]
1031	3627-2995	0	142310	-1	736068at2759_1043002_1:0021a0|JAACPG010000043_1|-|274|1.008e-74|2|633|3627|3627[3627]:2656[2656]:972[972]|2456[2456]:633[633]:1824[1824]
1036	5141-4919	0	89855	-1	1324510at2759_3847_0:007f7b|JAACPG010002459_1|-|1024|1.703e-300|3|223|5141|5141[5141]:3801[3801]:1341[1341]|3620[3620]:1878[1878]:1743[1743]|1797[1797]:223[223]:1575[1575]
1040	3818+813	0	78151	1	1348942at2759_1519565_1:000d41|JAACPG010000678_1|+|87|1.978e-18|1|3818|4630|3818[3818]:4630[4630]:813[813]
1044	4103+883	0	42253	1	39650at2759_36646_1:000574|JAACPG010003200_1|+|175|6.392e-45|2|4103|4985|4103[4103]:4483[4483]:381[381]|4590[4590]:4985[4985]:396[396]
1058	3690-288	0	221181	-1	939345at2759_280463_1:003ce7|JAACPG010001300_1|-|101|1.207e-22|1|3403|3690|3690[3690]:3403[3403]:288[288]
1083	1+3099	0	223903	1	388820at2759_556484_1:0000e6|JAACPG010000260_1|+|1164|0|1|1|3099|1[1]:3099[3099]:3099[3099]
1085	2855+378	0	265195	1	1312453at2759_101020_0:001461|JAACPG010002013_1|+|64|1.659e-11|1|2855|3232|2855[2855]:3232[3232]:378[378]
1098	1214+1097	0	13645	1	1275837at2759_3476_0:006aa3|JAACPG010001882_1|+|269|3.227e-73|2|1214|2310|1214[1214]:1630[1630]:417[417]|1741[1744]:2310[2310]:570[567]
1116	1346+255	0	7730	1	1249159at2759_7227_0:001548|JAACPG010003027_1|+|61|1.328e-10|1|1346|1600|1346[1346]:1600[1600]:255[255]
1117	10597+288	0	221181	1	939345at2759_280463_1:003ce7|JAACPG010000743_1|+|99|4.83e-22|1|10597|10884|10597[10597]:10884[10884]:288[288]
1119	5549+300	0	288591	1	1322642at2759_378494_0:0069a8|JAACPG010000284_1|+|44|1.74e-05|1|5549|5848|5549[5549]:5848[5848]:300[300]
1126	3326-204	0	184935	-1	1257440at2759_418459_1:0007fc|JAACPG010002321_1|-|55|8.496e-09|1|3123|3326|3326[3326]:3123[3123]:204[204]
1128	4130-1167	0	80973	-1	673132at2759_431895_0:002225|JAACPG010002385_1|-|256|2.644e-69|1|2964|4130|4130[4130]:2964[2964]:1167[1167]
1156	4981-1212	0	178606	-1	664730at2759_765915_1:002506|JAACPG010001585_1|-|248|6.768e-67|1|3770|4981|4981[4981]:3770[3770]:1212[1212]
1178	1729-1390	0	25086	-1	721605at2759_556484_1:00024c|JAACPG010001435_1|-|508|3.653e-145|2|340|1729|1729[1729]:1598[1598]:132[132]|1323[1317]:340[340]:984[978]
1181	1935+612	0	42253	1	39650at2759_36646_1:000574|JAACPG010002183_1|+|52|6.797e-08|1|1935|2546|1935[1935]:2546[2546]:612[612]
1195	4268-2385	0	63702	-1	549762at2759_6334_0:001ea5|JAACPG010001693_1|-|225|5.677e-60|1|1884|4268|4268[4268]:1884[1884]:2385[2385]
1197	1786+1773	0	110300	1	320059at2759_556484_1:000c0f|JAACPG010001756_1|+|994|1.828e-291|1|1786|3558|1786[1786]:3558[3558]:1773[1773]
1219	2548-492	0	164328	-1	721605at2759_27342_1:000038|JAACPG010003028_1|-|57|2.124e-09|1|2057|2548|2548[2548]:2057[2057]:492[492]
1222	2209-765	0	180743	-1	97116at2759_114742_1:0020c4|JAACPG010000285_1|-|72|6.482e-14|1|1445|2209|2209[2209]:1445[1445]:765[765]
1233	8137-6210	0	6153	-1	156083at2759_556484_1:000f8a|JAACPG010002579_1|-|3852|0|4|1928|8137|8137[8137]:6935[6935]:1203[1203]|6852[6852]:4672[4672]:2181[2181]|4583[4583]:4512[4512]:72[72]|4429[4417]:1928[1928]:2502[2490]
1238	493+1737	0	167106	1	878143at2759_556484_1:0017c9|JAACPG010000077_1|+|668|2.499e-193|3|493|2229|493[493]:1269[1269]:777[777]|1363[1387]:1605[1605]:243[219]|1705[1714]:2229[2229]:525[516]
1241	5775-516	0	80303	-1	674169at2759_378494_0:0009ba|JAACPG010002429_1|-|47|2.175e-06|1|5260|5775|5775[5775]:5260[5260]:516[516]
1251	3962+1324	0	61128	1	1428265at2759_36050_1:002896|JAACPG010003234_1|+|208|7.441e-55|2|3962|5285|3962[3962]:4540[4540]:579[579]|4686[4686]:5285[5285]:600[600]
1255	2115-159	0	14146	-1	87842at2759_3880_0:004e0d|JAACPG010000459_1|-|44|1.74e-05|1|1957|2115|2115[2115]:1957[1957]:159[159]
1263	8018-717	0	68681	-1	1222562at2759_1519565_1:000210|JAACPG010001270_1|-|310|1.468e-85|1|7302|8018|8018[8018]:7302[7302]:717[717]
1273	2565-765	0	130122	-1	1355894at2759_65357_1:000af2|JAACPG010000907_1|-|187|1.561e-48|1|1801|2565|2565[2565]:1801[1801]:765[765]
1287	4578+273	0	51900	1	931188at2759_378494_0:001243|JAACPG010002279_1|+|49|5.438e-07|1|4578|4850|4578[4578]:4850[4850]:273[273]
1298	256+702	0	42381	1	1107630at2759_3750_0:008edc|JAACPG010001694_1|+|156|3.351e-39|2|256|957|256[256]:615[615]:360[360]|727[727]:957[957]:231[231]
1310	2543+621	0	294036	1	83779at2759_1077348_1:001834|JAACPG010001124_1|+|236|2.772e-63|1|2543|3163|2543[2543]:3163[3163]:621[621]
1315	1033-785	0	134969	-1	1257440at2759_1519565_1:004f64|JAACPG010000224_1|-|319|2.866e-88|2|249|1033|1033[1033]:494[494]:540[540]|323[323]:249[249]:75[75]
1338	6942-1729	0	182297	-1	1032689at2759_1519565_1:00288b|JAACPG010002644_1|-|449|2.106e-127|3|5214|6942|6942[6942]:6502[6502]:441[441]|6334[6334]:5798[5798]:537[537]|5717[5708]:5214[5214]:504[495]
1341	6641-279	0	175702	-1	687505at2759_438502_0:005159|JAACPG010000078_1|-|74|1.621e-14|1|6363|6641|6641[6641]:6363[6363]:279[279]
1346	1183-279	0	217368	-1	1421503at2759_93721_0:00489b|JAACPG010002494_1|-|45|8.7e-06|1|905|1183|1183[1183]:905[905]:279[279]
1350	1767+2016	0	191872	1	779909at2759_158607_1:002dae|JAACPG010000713_1|+|157|1.676e-39|1|1767|3782|1767[1767]:3782[3782]:2016[2016]
1352	731+597	0	188324	1	946128at2759_80379_0:00394f|JAACPG010003171_1|+|114|1.474e-26|1|731|1327|731[731]:1327[1327]:597[597]
1352	182+765	0	245126	1	946128at2759_80379_0:003c88|JAACPG010003171_1|+|126|3.598e-30|1|182|946|182[182]:946[946]:765[765]
1356	4481+1077	0	200297	1	1128607at2759_1291522_0:0001d5|JAACPG010000396_1|+|156|3.351e-39|1|4481|5557|4481[4481]:5557[5557]:1077[1077]
1361	5544-3219	0	219912	-1	1112002at2759_1420907_1:000d33|JAACPG010001556_1|-|370|1.273e-103|1|2326|5544|5544[5544]:2326[2326]:3219[3219]
1374	2223+897	0	80360	1	1324510at2759_3827_0:0040ca|JAACPG010000844_1|+|139|4.392e-34|1|2223|3119|2223[2223]:3119[3119]:897[897]
1374	1198+1916	0	240358	1	1324510at2759_296543_1:002696|JAACPG010000844_1|+|463|1.285e-131|2|1198|3113|1198[1198]:1998[1998]:801[801]|2169[2169]:3113[3113]:945[945]
1378	0+1146	0	267495	1	1322299at2759_1519565_1:000aa8|JAACPG010000972_1|+|434|6.9e-123|1|0|1145|0[0]:1145[1145]:1146[1146]
1382	4217+462	0	180743	1	97116at2759_114742_1:0020c4|JAACPG010001374_1|+|92|6.182e-20|1|4217|4678|4217[4217]:4678[4678]:462[462]
1385	1212+1508	0	56734	1	1010730at2759_988480_1:0005b9|JAACPG010001468_1|+|339|2.733e-94|2|1212|2719|1212[1212]:2030[2030]:819[819]|2138[2138]:2719[2719]:582[582]
1395	3538-231	0	34390	-1	779909at2759_52612_0:003f86|JAACPG010002805_1|-|52|6.797e-08|1|3308|3538|3538[3538]:3308[3308]:231[231]
1397	1080-975	0	120109	-1	1322642at2759_5786_1:0020f8|JAACPG010002869_1|-|70|2.593e-13|1|106|1080|1080[1080]:106[106]:975[975]
1398	1289-1288	0	41403	-1	179362at2759_2880_1:0002c2|JAACPG010002900_1|-|253|2.115e-68|2|2|1289|1289[1289]:165[165]:1125[1125]|82[82]:2[2]:81[81]
1398	4417-616	0	111067	-1	179362at2759_635003_1:002a91|JAACPG010002900_1|-|234|1.109e-62|2|3802|4417|4417[4417]:4229[4229]:189[189]|4137[4125]:3802[3802]:336[324]
1399	4103+513	0	187657	1	759498at2759_72520_1:002353|JAACPG010002931_1|+|69|5.186e-13|1|4103|4615|4103[4103]:4615[4615]:513[513]
1400	13414+435	0	66355	1	1049599at2759_100787_1:004253|JAACPG010000263_1|+|51|1.359e-07|1|13414|13848|13414[13414]:13848[13848]:435[435]
1400	16280-693	0	200297	-1	1128607at2759_1291522_0:0001d5|JAACPG010000263_1|-|121|1.151e-28|1|15588|16280|16280[16280]:15588[15588]:693[693]
1406	3701+429	0	52217	1	674169at2759_407821_0:003211|JAACPG010001853_1|+|78|1.013e-15|1|3701|4129|3701[3701]:4129[4129]:429[429]
1407	2329+714	0	61615	1	924753at2759_400682_0:00190a|JAACPG010001884_1|+|77|2.026e-15|1|2329|3042|2329[2329]:3042[3042]:714[714]
1409	863+3444	0	96284	1	1001705at2759_13037_0:0024cf|JAACPG010000547_1|+|217|1.453e-57|2|863|4306|863[863]:2464[2464]:1602[1602]|3479[3479]:4306[4306]:828[828]
1413	4206-303	0	215704	-1	604979at2759_6958_0:003448|JAACPG010001125_1|-|56|4.248e-09|1|3904|4206|4206[4206]:3904[3904]:303[303]
1422	10907+498	0	80708	1	1065019at2759_412030_1:000b65|JAACPG010002952_1|+|152|5.362e-38|1|10907|11404|10907[10907]:11404[11404]:498[498]
1426	1258-177	0	131901	-1	142542at2759_905079_1:00102b|JAACPG010000746_1|-|64|1.659e-11|1|1082|1258|1258[1258]:1082[1082]:177[177]
1430	6187+414	0	79362	1	931188at2759_29159_0:001e9c|JAACPG010000351_1|+|60|2.655e-10|1|6187|6600|6187[6187]:6600[6600]:414[414]
1430	7918+324	0	153988	1	931188at2759_158383_0:009225|JAACPG010000351_1|+|53|3.399e-08|1|7918|8241|7918[7918]:8241[8241]:324[324]
1434	3182-756	0	29928	-1	355408at2759_1296101_1:0004e4|JAACPG010002292_1|-|60|2.655e-10|1|2427|3182|3182[3182]:2427[2427]:756[756]
1438	7255-606	0	52217	-1	674169at2759_407821_0:003211|JAACPG010002549_1|-|149|4.29e-37|1|6650|7255|7255[7255]:6650[6650]:606[606]
1446	5125+726	0	78151	1	1348942at2759_1519565_1:000d41|JAACPG010002399_1|+|61|1.328e-10|1|5125|5850|5125[5125]:5850[5850]:726[726]
1447	7248+183	0	223387	1	734666at2759_482537_0:00556e|JAACPG010002431_1|+|74|1.621e-14|1|7248|7430|7248[7248]:7430[7430]:183[183]
1447	6422-543	0	265195	-1	1312453at2759_101020_0:001461|JAACPG010002431_1|-|53|3.399e-08|1|5880|6422|6422[6422]:5880[5880]:543[543]
1449	3227+1668	0	97346	1	396755at2759_1754190_1:001442|JAACPG010002495_1|+|56|4.248e-09|1|3227|4894|3227[3227]:4894[4894]:1668[1668]
1456	5721+768	0	200297	1	1128607at2759_1291522_0:0001d5|JAACPG010003204_1|+|192|4.877e-50|1|5721|6488|5721[5721]:6488[6488]:768[768]
1458	5578+762	0	42253	1	39650at2759_36646_1:000574|JAACPG010003268_1|+|63|3.319e-11|2|5578|6339|5578[5578]:6033[6033]:456[456]|6187[6187]:6339[6339]:153[153]
1463	5793-3888	0	191872	-1	779909at2759_158607_1:002dae|JAACPG010001526_1|-|288|6.155e-79|1|1906|5793|5793[5793]:1906[1906]:3888[3888]
1466	2446-549	0	42381	-1	1107630at2759_3750_0:008edc|JAACPG010001620_1|-|144|1.373e-35|1|1898|2446|2446[2446]:1898[1898]:549[549]
1467	4184+558	0	11883	1	1488436at2759_1519565_1:003d15|JAACPG010001208_1|+|188|7.803e-49|1|4184|4741|4184[4184]:4741[4741]:558[558]
1480	6584+693	0	176810	1	551907at2759_574566_0:000c58|JAACPG010000941_1|+|145|6.863e-36|1|6584|7276|6584[6584]:7276[7276]:693[693]
1480	925-827	0	272003	-1	1454155at2759_635003_1:000973|JAACPG010000941_1|-|259|3.305e-70|2|99|925|925[925]:812[812]:114[114]|542[542]:99[99]:444[444]
1484	8141+1572	0	33868	1	320059at2759_4565_0:016428|JAACPG010001069_1|+|154|1.34e-38|1|8141|9712|8141[8141]:9712[9712]:1572[1572]
1484	2976+156	0	55588	1	1323575at2759_771870_1:001866|JAACPG010001069_1|+|41|0.0001392|1|2976|3131|2976[2976]:3131[3131]:156[156]
1484	6032+1632	0	128650	1	299766at2759_472368_0:009775|JAACPG010001069_1|+|55|8.496e-09|1|6032|7663|6032[6032]:7663[7663]:1632[1632]
1491	4432-4428	0	129236	-1	142542at2759_556484_1:000c3e|JAACPG010002217_1|-|1414|0|1|5|4432|4432[4432]:5[5]:4428[4428]
1501	1795+1823	0	116033	1	1115196at2759_1519565_1:0049db|JAACPG010002901_1|+|841|2.088e-245|2|1795|3617|1795[1795]:2850[2850]:1056[1056]|2937[2940]:3617[3617]:681[678]
1505	2290-553	0	180743	-1	97116at2759_114742_1:0020c4|JAACPG010001727_1|-|117|1.842e-27|2|1738|2290|2290[2290]:2012[2012]:279[279]|1899[1899]:1738[1738]:162[162]
1514	623-228	0	134129	-1	1284731at2759_12968_1:00173d|JAACPG010000609_1|-|40|0.0002784|1|396|623|623[623]:396[396]:228[228]
1525	13788-654	0	234632	-1	905026at2759_6958_0:00111e|JAACPG010002953_1|-|45|8.7e-06|1|13135|13788|13788[13788]:13135[13135]:654[654]
1527	5225+2187	0	3667	1	924753at2759_296543_1:000f08|JAACPG010003004_1|+|243|2.166e-65|1|5225|7411|5225[5225]:7411[7411]:2187[2187]
1535	3879+228	0	291457	1	674169at2759_6973_0:004f02|JAACPG010002090_1|+|40|0.0002784|1|3879|4106|3879[3879]:4106[4106]:228[228]
1543	7907-1185	0	38229	-1	898782at2759_1049336_0:00018a|JAACPG010002614_1|-|280|1.576e-76|1|6723|7907|7907[7907]:6723[6723]:1185[1185]
1545	7076+912	0	191764	1	679771at2759_1519565_1:0028c3|JAACPG010000016_1|+|175|6.392e-45|2|7076|7987|7076[7076]:7747[7747]:672[672]|7889[7889]:7987[7987]:99[99]
1550	4479-186	0	196221	-1	1182451at2759_6279_0:001b49|JAACPG010002432_1|-|64|1.659e-11|1|4294|4479|4479[4479]:4294[4294]:186[186]
1563	4281-588	0	100833	-1	1090038at2759_556484_1:0010b6|JAACPG010000430_1|-|205|5.953e-54|1|3694|4281|4281[4281]:3694[3694]:588[588]
1567	2174-663	0	200297	-1	1128607at2759_1291522_0:0001d5|JAACPG010001558_1|-|155|6.702e-39|1|1512|2174|2174[2174]:1512[1512]:663[663]
1586	2473+600	0	49745	1	1339553at2759_1519565_1:0001e7|JAACPG010001038_1|+|207|1.488e-54|1|2473|3072|2473[2473]:3072[3072]:600[600]
1593	125+1095	0	261775	1	1115196at2759_556484_1:0013fd|JAACPG010002187_1|+|447|8.423e-127|1|125|1219|125[125]:1219[1219]:1095[1095]
1622	730+1155	0	11877	1	1404162at2759_1519565_1:001747|JAACPG010000163_1|+|245|5.414e-66|1|730|1884|730[730]:1884[1884]:1155[1155]
1627	2542-240	0	251137	-1	142542at2759_412133_1:009232|JAACPG010003110_1|-|72|6.482e-14|1|2303|2542|2542[2542]:2303[2303]:240[240]
1642	3393+735	0	42253	1	39650at2759_36646_1:000574|JAACPG010002358_1|+|128|8.996e-31|1|3393|4127|3393[3393]:4127[4127]:735[735]
1643	6886-570	0	294187	-1	1096688at2759_110365_1:000b51|JAACPG010002390_1|-|107|1.887e-24|1|6317|6886|6886[6886]:6317[6317]:570[570]
1649	3274-3146	0	120533	-1	160593at2759_635003_1:001d42|JAACPG010000049_1|-|1268|0|2|129|3274|3274[3274]:1535[1535]:1740[1740]|1235[1235]:129[129]:1107[1107]
1657	1698+600	0	6662	1	931188at2759_5963_1:007241|JAACPG010000652_1|+|42|6.96e-05|1|1698|2297|1698[1698]:2297[2297]:600[600]
1659	5994-501	0	265195	-1	1312453at2759_101020_0:001461|JAACPG010000716_1|-|53|3.399e-08|1|5494|5994|5994[5994]:5494[5494]:501[501]
1665	5236+771	0	42253	1	39650at2759_36646_1:000574|JAACPG010000399_1|+|131|1.124e-31|1|5236|6006|5236[5236]:6006[6006]:771[771]
1668	5057-573	0	157526	-1	1115196at2759_54383_0:000389|JAACPG010001496_1|-|40|0.0002784|1|4485|5057|5057[5057]:4485[4485]:573[573]
1670	2269-627	0	42253	-1	39650at2759_36646_1:000574|JAACPG010001559_1|-|42|6.96e-05|1|1643|2269|2269[2269]:1643[1643]:627[627]
1679	4824-816	0	101071	-1	687505at2759_574566_0:000b84|JAACPG010002717_1|-|94|1.545e-20|1|4009|4824|4824[4824]:4009[4009]:816[816]
1680	4539+150	0	33620	1	1079827at2759_43151_0:00269f|JAACPG010002749_1|+|44|1.74e-05|1|4539|4688|4539[4539]:4688[4688]:150[150]
1687	926-552	0	52217	-1	674169at2759_407821_0:003211|JAACPG010000975_1|-|125|7.197e-30|1|375|926|926[926]:375[375]:552[552]
1687	2679+495	0	265195	1	1312453at2759_101020_0:001461|JAACPG010000975_1|+|85|7.913e-18|1|2679|3173|2679[2679]:3173[3173]:495[495]
1701	4317+519	0	130264	1	324863at2759_667725_0:001411|JAACPG010001955_1|+|126|3.598e-30|1|4317|4835|4317[4317]:4835[4835]:519[519]
1719	2813-393	0	72907	-1	1312453at2759_5949_1:0015a8|JAACPG010000581_1|-|53|3.399e-08|1|2421|2813|2813[2813]:2421[2421]:393[393]
1720	3513+141	0	14146	1	87842at2759_3880_0:004e0d|JAACPG010000611_1|+|41|0.0001392|1|3513|3653|3513[3513]:3653[3653]:141[141]
1723	3140-816	0	72907	-1	1312453at2759_5949_1:0015a8|JAACPG010001160_1|-|129|4.498e-31|2|2325|3140|3140[3140]:2691[2691]:450[450]|2501[2501]:2325[2325]:177[177]
1741	714-549	0	180743	-1	97116at2759_114742_1:0020c4|JAACPG010002092_1|-|86|3.956e-18|1|166|714|714[714]:166[166]:549[549]
1744	8270+642	0	121476	1	937275at2759_7395_0:00001a|JAACPG010002327_1|+|179|3.995e-46|2|8270|8911|8270[8270]:8419[8419]:150[150]|8711[8714]:8911[8911]:201[198]
1752	4969-2193	0	195048	-1	1220881at2759_48709_0:00062a|JAACPG010000050_1|-|304|9.392e-84|1|2777|4969|4969[4969]:2777[2777]:2193[2193]
1758	10814-267	0	175872	-1	1421503at2759_45607_1:000a87|JAACPG010002498_1|-|42|6.96e-05|1|10548|10814|10814[10814]:10548[10548]:267[267]
1774	5539-456	0	72907	-1	1312453at2759_5949_1:0015a8|JAACPG010001591_1|-|82|6.33e-17|1|5084|5539|5539[5539]:5084[5084]:456[456]
1775	5068-882	0	42253	-1	39650at2759_36646_1:000574|JAACPG010001623_1|-|219|3.633e-58|1|4187|5068|5068[5068]:4187[4187]:882[882]
1787	4228-399	0	253919	-1	1563319at2759_72520_1:00004e|JAACPG010000880_1|-|99|4.83e-22|1|3830|4228|4228[4228]:3830[3830]:399[399]
1789	5227-1458	0	73542	-1	898782at2759_67767_0:00118f|JAACPG010000944_1|-|112|5.896e-26|1|3770|5227|5227[5227]:3770[3770]:1458[1458]
1793	894+1144	0	229632	1	866359at2759_1519565_1:0028ef|JAACPG010001346_1|+|564|5.069e-162|2|894|2037|894[894]:1775[1775]:882[882]|1900[1900]:2037[2037]:138[138]
1807	3115+636	0	72907	1	1312453at2759_5949_1:0015a8|JAACPG010002809_1|+|113|2.948e-26|1|3115|3750|3115[3115]:3750[3750]:636[636]
1808	3977-132	0	239824	-1	1454155at2759_225117_0:006133|JAACPG010002841_1|-|46|4.35e-06|1|3846|3977|3977[3977]:3846[3846]:132[132]
1814	1665-828	0	59790	-1	814241at2759_206008_0:0009ec|JAACPG010001730_1|-|57|2.124e-09|1|838|1665|1665[1665]:838[838]:828[828]
1835	1226-906	0	84829	-1	801857at2759_93759_0:0026c8|JAACPG010002973_1|-|103|3.019e-23|1|321|1226|1226[1226]:321[321]:906[906]
1839	1730-486	0	265195	-1	1312453at2759_101020_0:001461|JAACPG010000781_1|-|119|4.606e-28|1|1245|1730|1730[1730]:1245[1245]:486[486]
1843	598-597	0	97096	-1	1096688at2759_1519565_1:0045d2|JAACPG010002061_1|-|185|6.242e-48|1|2|598|598[598]:2[2]:597[597]
1846	3072-1009	0	72907	-1	1312453at2759_5949_1:0015a8|JAACPG010002296_1|-|92|6.182e-20|2|2064|3072|3072[3072]:2629[2629]:444[444]|2261[2261]:2064[2064]:198[198]
1850	2832-1539	0	136215	-1	1346165at2759_296543_1:0000e6|JAACPG010002553_1|-|560|8.111e-161|2|1294|2832|2832[2832]:2200[2200]:633[633]|2079[2079]:1294[1294]:786[786]
1853	7579-1716	0	73542	-1	898782at2759_67767_0:00118f|JAACPG010002649_1|-|210|1.86e-55|1|5864|7579|7579[7579]:5864[5864]:1716[1716]
1854	6468+324	0	199807	1	687505at2759_117008_1:000d66|JAACPG010000019_1|+|53|3.399e-08|1|6468|6791|6468[6468]:6791[6791]:324[324]
1865	6000+453	0	52217	1	674169at2759_407821_0:003211|JAACPG010000718_1|+|119|4.606e-28|1|6000|6452|6000[6000]:6452[6452]:453[453]
1869	6185-1346	0	35328	-1	97116at2759_637379_1:00253b|JAACPG010003240_1|-|448|4.212e-127|2|4840|6185|6185[6185]:5565[5565]:621[621]|5403[5403]:4840[4840]:564[564]
1877	2879-546	0	80708	-1	1065019at2759_412030_1:000b65|JAACPG010001592_1|-|97|1.932e-21|1|2334|2879|2879[2879]:2334[2334]:546[546]
1881	5233-2203	0	153902	-1	513979at2759_1519565_1:004a4d|JAACPG010001276_1|-|572|1.98e-164|3|3031|5233|5233[5233]:4448[4448]:786[786]|4356[4356]:3751[3751]:606[606]|3648[3648]:3031[3031]:618[618]
1886	2641-935	0	82663	-1	1269649at2759_635003_1:002a12|JAACPG010002751_1|-|379|2.486e-106|2|1707|2641|2641[2641]:2468[2468]:174[174]|2147[2135]:1707[1707]:441[429]
1887	5480-555	0	90875	-1	721605at2759_48498_0:001844|JAACPG010002783_1|-|40|0.0002784|1|4926|5480|5480[5480]:4926[4926]:555[555]
1890	5226-1770	0	63727	-1	570797at2759_635003_1:0029f1|JAACPG010000881_1|-|753|6.461e-219|2|3457|5226|5226[5226]:4906[4906]:321[321]|4785[4776]:3457[3457]:1329[1320]
1900	3450+261	0	56887	1	87842at2759_100787_1:004249|JAACPG010001473_1|+|50|2.719e-07|1|3450|3710|3450[3450]:3710[3710]:261[261]
1911	2130-834	0	157636	-1	1530008at2759_556484_1:000812|JAACPG010002842_1|-|214|1.163e-56|1|1297|2130|2130[2130]:1297[1297]:834[834]
1913	4315-3045	0	173429	-1	777920at2759_210143_0:005c1a|JAACPG010002904_1|-|290|1.539e-79|1|1271|4315|4315[4315]:1271[1271]:3045[3045]
1922	2617-1263	0	137355	-1	1112002at2759_400682_0:000b3d|JAACPG010001889_1|-|57|2.124e-09|1|1355|2617|2617[2617]:1355[1355]:1263[1263]
1939	10748+901	0	6152	1	1504863at2759_556484_1:000a3a|JAACPG010003007_1|+|236|2.772e-63|3|10748|11648|10748[10748]:10927[10927]:180[180]|11211[11211]:11297[11297]:87[87]|11463[11466]:11648[11648]:186[183]
1943	4072-693	0	42253	-1	39650at2759_36646_1:000574|JAACPG010000292_1|-|121|1.151e-28|1|3380|4072|4072[4072]:3380[3380]:693[693]
1947	6272-1001	0	295895	-1	1236198at2759_1519565_1:000752|JAACPG010002094_1|-|370|1.273e-103|2|5272|6272|6272[6272]:5853[5853]:420[420]|5682[5679]:5272[5272]:411[408]
1958	4533-186	0	151880	-1	179362at2759_1052685_1:00156c|JAACPG010000052_1|-|40|0.0002784|1|4348|4533|4533[4533]:4348[4348]:186[186]
1958	7063-531	0	205746	-1	160593at2759_637379_1:004630|JAACPG010000052_1|-|264|1.033e-71|1|6533|7063|7063[7063]:6533[6533]:531[531]
1961	531+4216	0	233370	1	396755at2759_556484_1:0000e9|JAACPG010002404_1|+|1305|0|2|531|4746|531[531]:1652[1652]:1122[1122]|1789[1792]:4746[4746]:2958[2955]
1970	4869-951	0	39987	-1	621827at2759_1408163_1:000f25|JAACPG010003177_1|-|174|1.278e-44|1|3919|4869|4869[4869]:3919[3919]:951[951]
1974	201+816	0	42253	1	39650at2759_36646_1:000574|JAACPG010000402_1|+|147|1.716e-36|1|201|1016|201[201]:1016[1016]:816[816]
1979	2158+591	0	152980	1	1173229at2759_1295528_1:000ec5|JAACPG010001562_1|+|50|2.719e-07|1|2158|2748|2158[2158]:2748[2748]:591[591]
2041	2453+891	0	42253	1	39650at2759_36646_1:000574|JAACPG010002974_1|+|192|4.877e-50|1|2453|3343|2453[2453]:3343[3343]:891[891]
2041	13456-480	0	72907	-1	1312453at2759_5949_1:0015a8|JAACPG010002974_1|-|85|7.913e-18|1|12977|13456|13456[13456]:12977[12977]:480[480]
2042	2+2981	0	242844	1	293315at2759_556484_1:0027ca|JAACPG010003008_1|+|1240|0|2|2|2982|2[2]:1294[1294]:1293[1293]|1342[1375]:2982[2982]:1641[1608]
2044	3239+819	0	200297	1	1128607at2759_1291522_0:0001d5|JAACPG010000752_1|+|221|9.083e-59|1|3239|4057|3239[3239]:4057[4057]:819[819]
2053	4963+449	0	108685	1	1538526at2759_37653_0:00396e|JAACPG010002330_1|+|101|1.207e-22|2|4963|5411|4963[4963]:5217[5217]:255[255]|5340[5340]:5411[5411]:72[72]
2057	2389+414	0	180743	1	97116at2759_114742_1:0020c4|JAACPG010002587_1|+|86|3.956e-18|1|2389|2802|2389[2389]:2802[2802]:414[414]
2062	6660+882	0	91071	1	1107630at2759_51031_0:000be3|JAACPG010000117_1|+|108|9.433e-25|1|6660|7541|6660[6660]:7541[7541]:882[882]
2067	5754+1101	0	130545	1	1291729at2759_7004_0:0005f8|JAACPG010000624_1|+|82|6.33e-17|1|5754|6854|5754[5754]:6854[6854]:1101[1101]
2068	4321+849	0	195221	1	1428854at2759_51240_0:001040|JAACPG010000656_1|+|106|3.773e-24|1|4321|5169|4321[4321]:5169[5169]:849[849]
2069	4177-1278	0	180819	-1	655400at2759_116153_0:000557|JAACPG010000688_1|-|55|8.496e-09|1|2900|4177|4177[4177]:2900[2900]:1278[1278]
2070	2314+1002	0	42253	1	39650at2759_36646_1:000574|JAACPG010000720_1|+|168|8.182e-43|1|2314|3315|2314[2314]:3315[3315]:1002[1002]
2115	1957+1317	0	99242	1	1322642at2759_378494_0:0028e9|JAACPG010002812_1|+|73|3.241e-14|1|1957|3273|1957[1957]:3273[3273]:1317[1317]
2120	2528+1239	0	122535	1	1228942at2759_91928_1:000804|JAACPG010001671_1|+|89|4.946e-19|1|2528|3766|2528[2528]:3766[3766]:1239[1239]
2123	3429-489	0	242152	-1	160593at2759_4565_0:0189f9|JAACPG010001766_1|-|172|5.114e-44|1|2941|3429|3429[3429]:2941[2941]:489[489]
2124	3534+438	0	265195	1	1312453at2759_101020_0:001461|JAACPG010001797_1|+|59|5.31e-10|1|3534|3971|3534[3534]:3971[3971]:438[438]
2130	1687+915	0	180743	1	97116at2759_114742_1:0020c4|JAACPG010000585_1|+|152|5.362e-38|1|1687|2601|1687[1687]:2601[2601]:915[915]
2134	694+624	0	81894	1	1291729at2759_556484_1:000368|JAACPG010001164_1|+|228|7.096e-61|1|694|1317|694[694]:1317[1317]:624[624]
2150	6836-1506	0	229630	-1	844748at2759_1519565_1:001e54|JAACPG010000358_1|-|346|2.136e-96|1|5331|6836|6836[6836]:5331[5331]:1506[1506]
2151	1641+1434	0	298054	1	179362at2759_378494_0:0041ae|JAACPG010002064_1|+|128|8.996e-31|1|1641|3074|1641[1641]:3074[3074]:1434[1434]
2155	2795+882	0	42253	1	39650at2759_36646_1:000574|JAACPG010002331_1|+|188|7.803e-49|1|2795|3676|2795[2795]:3676[3676]:882[882]
2159	7145+1014	0	146679	1	687505at2759_3871_0:0001fe|JAACPG010002588_1|+|244|1.083e-65|1|7145|8158|7145[7145]:8158[8158]:1014[1014]
2160	6420-609	0	137991	-1	1479417at2759_4558_0:00022a|JAACPG010002620_1|-|48|1.088e-06|1|5812|6420|6420[6420]:5812[5812]:609[609]
2166	1182+1498	0	111072	1	664730at2759_637379_1:002907|JAACPG010002438_1|+|675|1.953e-195|2|1182|2679|1182[1182]:1313[1313]:132[132]|1540[1543]:2679[2679]:1140[1137]
2177	3687-360	0	13127	-1	1032689at2759_2951_1:00355d|JAACPG010000372_1|-|121|1.151e-28|1|3328|3687|3687[3687]:3328[3328]:360[360]
2180	3232+3048	0	242839	1	142542at2759_556484_1:00092f|JAACPG010000468_1|+|681|3.051e-197|1|3232|6279|3232[3232]:6279[6279]:3048[3048]
2181	6038-909	0	78151	-1	1348942at2759_1519565_1:000d41|JAACPG010001501_1|-|74|1.621e-14|1|5130|6038|6038[6038]:5130[5130]:909[909]
2188	3058+783	0	25932	1	817008at2759_647933_1:00046b|JAACPG010001279_1|+|56|4.248e-09|1|3058|3840|3058[3058]:3840[3840]:783[783]
2207	847-645	0	282502	-1	911863at2759_74557_1:001976|JAACPG010001476_1|-|55|8.496e-09|1|203|847|847[847]:203[203]:645[645]
2231	3774-237	0	42855	-1	142542at2759_412133_1:009f4e|JAACPG010000555_1|-|50|2.719e-07|1|3538|3774|3774[3774]:3538[3538]:237[237]
2247	2636-945	0	78151	-1	1348942at2759_1519565_1:000d41|JAACPG010003275_1|-|67|2.074e-12|1|1692|2636|2636[2636]:1692[1692]:945[945]
2251	5103-1635	0	84495	-1	664730at2759_885580_0:002dc2|JAACPG010000327_1|-|195|6.096e-51|1|3469|5103|5103[5103]:3469[3469]:1635[1635]
2251	9482-615	0	149744	-1	1251252at2759_7224_0:002c92|JAACPG010000327_1|-|73|3.241e-14|1|8868|9482|9482[9482]:8868[8868]:615[615]
2255	3673+909	0	200297	1	1128607at2759_1291522_0:0001d5|JAACPG010002129_1|+|442|2.695e-125|1|3673|4581|3673[3673]:4581[4581]:909[909]
2259	2264-1038	0	188014	-1	655400at2759_763407_1:002531|JAACPG010002525_1|-|53|3.399e-08|1|1227|2264|2264[2264]:1227[1227]:1038[1038]
2261	1523+1943	0	292845	1	293315at2759_905079_1:00488f|JAACPG010002589_1|+|238|6.93e-64|2|1523|3465|1523[1523]:2896[2896]:1374[1374]|3001[3001]:3465[3465]:465[465]
2268	3645+222	0	128627	1	1355894at2759_46433_1:00667f|JAACPG010002439_1|+|42|6.96e-05|1|3645|3866|3645[3645]:3866[3866]:222[222]
2269	3558+738	0	62958	1	1157302at2759_556484_1:00035f|JAACPG010002471_1|+|435|3.45e-123|1|3558|4295|3558[3558]:4295[4295]:738[738]
2270	5696-1965	0	197015	-1	418107at2759_72036_0:00107c|JAACPG010002503_1|-|79|5.064e-16|1|3732|5696|5696[5696]:3732[3732]:1965[1965]
2278	3179+1053	0	25773	1	901894at2759_6238_0:000f9f|JAACPG010003244_1|+|66|4.149e-12|1|3179|4231|3179[3179]:4231[4231]:1053[1053]
2281	131+201	0	112354	1	1049599at2759_767744_1:000038|JAACPG010000437_1|+|40|0.0002784|1|131|331|131[131]:331[331]:201[201]
2283	5205-2069	0	290177	-1	761109at2759_556484_1:001c21|JAACPG010001502_1|-|687|4.767e-199|2|3137|5205|5205[5205]:4720[4720]:486[486]|4597[4597]:3137[3137]:1461[1461]
2300	2282-1951	0	131388	-1	83779at2759_78828_0:004a77|JAACPG010000917_1|-|571|3.961e-164|2|332|2282|2282[2282]:720[720]:1563[1563]|625[622]:332[332]:294[291]
2301	650+630	0	72907	1	1312453at2759_5949_1:0015a8|JAACPG010000949_1|+|86|3.956e-18|1|650|1279|650[650]:1279[1279]:630[630]
2304	2+1000	0	220067	1	759498at2759_145388_0:0002d3|JAACPG010001045_1|+|302|3.757e-83|2|2|1001|2[2]:523[523]:522[522]|612[612]:1001[1001]:390[390]
2306	982+570	0	52217	1	674169at2759_407821_0:003211|JAACPG010001383_1|+|138|8.785e-34|1|982|1551|982[982]:1551[1551]:570[570]
2315	512+702	0	42253	1	39650at2759_36646_1:000574|JAACPG010001930_1|+|139|4.392e-34|1|512|1213|512[512]:1213[1213]:702[702]
2316	4660-927	0	246866	-1	931188at2759_1109443_1:002381|JAACPG010001961_1|-|68|1.037e-12|1|3734|4660|4660[4660]:3734[3734]:927[927]
2350	10688-1020	0	9433	-1	1049599at2759_994086_1:0022f0|JAACPG010000755_1|-|81|1.266e-16|1|9669|10688|10688[10688]:9669[9669]:1020[1020]
2352	13+900	0	201237	1	1259741at2759_1519565_1:004b8c|JAACPG010000296_1|+|200|1.905e-52|1|13|912|13[13]:912[912]:900[900]
2353	4396-3123	0	173429	-1	777920at2759_210143_0:005c1a|JAACPG010000328_1|-|567|6.337e-163|1|1274|4396|4396[4396]:1274[1274]:3123[3123]
2354	7461+498	0	72907	1	1312453at2759_5949_1:0015a8|JAACPG010000360_1|+|76|4.051e-15|1|7461|7958|7461[7461]:7958[7958]:498[498]
2357	3707+1317	0	183201	1	1504863at2759_254877_1:002363|JAACPG010002130_1|+|128|8.996e-31|1|3707|5023|3707[3707]:5023[5023]:1317[1317]
2360	6624+693	0	209961	1	604979at2759_1314771_1:000b21|JAACPG010002365_1|+|60|2.655e-10|1|6624|7316|6624[6624]:7316[7316]:693[693]
2363	7739+222	0	63701	1	1421503at2759_6334_0:0017d9|JAACPG010002590_1|+|55|8.496e-09|1|7739|7960|7739[7739]:7960[7960]:222[222]
2366	6000+1842	0	6921	1	898782at2759_635003_1:003bb2|JAACPG010000056_1|+|494|5.985e-141|2|6000|7841|6000[6000]:7019[7019]:1020[1020]|7155[7155]:7841[7841]:687[687]
2385	701+1743	0	182301	1	330169at2759_1519565_1:00403c|JAACPG010001503_1|+|455|3.29e-129|1|701|2443|701[701]:2443[2443]:1743[1743]
2448	14928-2808	0	83601	-1	1223488at2759_7394_0:001d9f|JAACPG010002958_1|-|761|2.524e-221|3|12121|14928|14928[14928]:13594[13594]:1335[1335]|13456[13453]:12602[12602]:855[852]|12477[12459]:12121[12121]:357[339]
2448	9168-1050	0	226277	-1	290630at2759_8208_0:004fb2|JAACPG010002958_1|-|196|3.048e-51|1|8119|9168|9168[9168]:8119[8119]:1050[1050]
2455	6804-896	0	294036	-1	83779at2759_1077348_1:001834|JAACPG010000329_1|-|248|6.768e-67|2|5909|6804|6804[6804]:6316[6316]:489[489]|6148[6148]:5909[5909]:240[240]
2458	1977+849	0	161518	1	1434266at2759_1081102_1:002272|JAACPG010002099_1|+|68|1.037e-12|1|1977|2825|1977[1977]:2825[2825]:849[849]
2464	1496-243	0	131901	-1	142542at2759_905079_1:00102b|JAACPG010002559_1|-|64|1.659e-11|1|1254|1496|1496[1496]:1254[1254]:243[243]
2464	3018+651	0	273216	1	1312453at2759_763407_1:001f7f|JAACPG010002559_1|+|276|2.521e-75|1|3018|3668|3018[3018]:3668[3668]:651[651]
2469	2818-144	0	23394	-1	1558822at2759_3711_0:008bd0|JAACPG010000089_1|-|40|0.0002784|1|2675|2818|2818[2818]:2675[2675]:144[144]
2474	5168+207	0	33620	1	1079827at2759_43151_0:00269f|JAACPG010002505_1|+|136|3.514e-33|1|5168|5374|5168[5168]:5374[5374]:207[207]
2475	4761+963	0	25770	1	1284731at2759_62324_0:002ea1|JAACPG010000628_1|+|93|3.091e-20|1|4761|5723|4761[4761]:5723[5723]:963[963]
2504	208+249	0	222312	1	179362at2759_378494_0:0001ec|JAACPG010000919_1|+|48|1.088e-06|1|208|456|208[208]:456[456]:249[249]
2530	3964+552	0	76207	1	996662at2759_1069680_1:000a18|JAACPG010001737_1|+|54|1.699e-08|1|3964|4515|3964[3964]:4515[4515]:552[552]
2553	3098+1536	0	229627	1	708105at2759_1519565_1:000a61|JAACPG010003036_1|+|316|2.293e-87|1|3098|4633|3098[3098]:4633[4633]:1536[1536]
2561	808+663	0	194888	1	1112002at2759_46433_1:001ae5|JAACPG010002132_1|+|122|5.757e-29|1|808|1470|808[808]:1470[1470]:663[663]
2561	3356-1563	0	273094	-1	976469at2759_74873_0:001d7b|JAACPG010002132_1|-|78|1.013e-15|1|1794|3356|3356[3356]:1794[1794]:1563[1563]
2565	7861+480	0	180743	1	97116at2759_114742_1:0020c4|JAACPG010002528_1|+|76|4.051e-15|1|7861|8340|7861[7861]:8340[8340]:480[480]
2569	7224-4901	0	89855	-1	1324510at2759_3847_0:007f7b|JAACPG010000026_1|-|1620|0|4|2324|7224|7224[7224]:7045[7045]:180[180]|6901[6895]:5237[5237]:1665[1659]|5154[5154]:3820[3820]:1335[1335]|3712[3712]:2324[2324]:1389[1389]
2574	3502+1880	0	59226	1	345441at2759_1519565_1:004d55|JAACPG010002442_1|+|537|6.804e-154|2|3502|5381|3502[3502]:5055[5055]:1554[1554]|5145[5145]:5381[5381]:237[237]
2576	3918+441	0	72907	1	1312453at2759_5949_1:0015a8|JAACPG010002506_1|+|56|4.248e-09|1|3918|4358|3918[3918]:4358[4358]:441[441]
2600	57+3149	0	204976	1	176625at2759_556484_1:002796|JAACPG010002726_1|+|830|4.275e-242|2|57|3205|57[57]:2348[2348]:2292[2292]|2435[2438]:3205[3205]:771[768]
2607	5350-1707	0	248559	-1	299766at2759_1519565_1:0000e9|JAACPG010000952_1|-|168|8.182e-43|1|3644|5350|5350[5350]:3644[3644]:1707[1707]
2610	3094+1561	0	171123	1	1287401at2759_1105325_1:00162f|JAACPG010001048_1|+|247|1.354e-66|2|3094|4654|3094[3094]:3723[3723]:630[630]|3839[3842]:4654[4654]:816[813]
2620	28+1505	0	280709	1	1051021at2759_556484_1:00142b|JAACPG010001901_1|+|483|1.226e-137|2|28|1532|28[28]:237[237]:210[210]|450[456]:1532[1532]:1083[1077]
2634	4423-585	0	162421	-1	261419at2759_1287681_1:00000a|JAACPG010001802_1|-|160|2.095e-40|1|3839|4423|4423[4423]:3839[3839]:585[585]
2637	821-753	0	72907	-1	1312453at2759_5949_1:0015a8|JAACPG010000495_1|-|60|2.655e-10|1|69|821|821[821]:69[69]:753[753]
2652	391+1833	0	219219	1	271586at2759_1287680_1:0013e3|JAACPG010002959_1|+|85|7.913e-18|1|391|2223|391[391]:2223[2223]:1833[1833]
2656	9583+1404	0	221289	1	418107at2759_2880_1:00234c|JAACPG010000758_1|+|433|1.38e-122|1|9583|10986|9583[9583]:10986[10986]:1404[1404]
2662	8325+894	0	239488	1	1249159at2759_1835702_1:0028a2|JAACPG010002101_1|+|49|5.438e-07|1|8325|9218|8325[8325]:9218[9218]:894[894]
2665	11217+1770	0	31019	1	396755at2759_1676925_0:004b40|JAACPG010002336_1|+|168|8.182e-43|1|11217|12986|11217[11217]:12986[12986]:1770[1770]
2665	9902-645	0	281314	-1	801857at2759_61395_1:000aab|JAACPG010002336_1|-|88|9.891e-19|1|9258|9902|9902[9902]:9258[9258]:645[645]
2682	2327-270	0	86061	-1	142542at2759_1144522_1:004441|JAACPG010000726_1|-|72|6.482e-14|1|2058|2327|2327[2327]:2058[2058]:270[270]
2683	4596+777	0	116029	1	1266231at2759_1519565_1:00314d|JAACPG010003152_1|+|366|2.037e-102|1|4596|5372|4596[4596]:5372[5372]:777[777]
2697	2768+447	0	19269	1	1128607at2759_104452_0:0004a5|JAACPG010001252_1|+|44|1.74e-05|1|2768|3214|2768[2768]:3214[3214]:447[447]
2697	3348+570	0	88880	1	1128607at2759_296543_1:001508|JAACPG010001252_1|+|267|1.291e-72|1|3348|3917|3348[3348]:3917[3917]:570[570]
2706	1681-546	0	250988	-1	779909at2759_402676_1:00104d|JAACPG010000857_1|-|59|5.31e-10|1|1136|1681|1681[1681]:1136[1136]:546[546]
2718	2498+243	0	204703	1	975557at2759_51314_1:000a08|JAACPG010002166_1|+|68|1.037e-12|1|2498|2740|2498[2498]:2740[2740]:243[243]
2719	3061-546	0	169151	-1	1228942at2759_7668_0:00696c|JAACPG010002197_1|-|59|5.31e-10|1|2516|3061|3061[3061]:2516[2516]:546[546]
2726	3281-693	0	85147	-1	866359at2759_990650_1:0020ab|JAACPG010002029_1|-|79|5.064e-16|1|2589|3281|3281[3281]:2589[2589]:693[693]
2727	2579-738	0	23658	-1	426305at2759_392613_1:001073|JAACPG010002818_1|-|263|2.065e-71|1|1842|2579|2579[2579]:1842[1842]:738[738]
2739	554+1656	0	78150	1	924753at2759_1519565_1:00089d|JAACPG010000496_1|+|569|1.584e-163|1|554|2209|554[554]:2209[2209]:1656[1656]
2762	1678-1320	0	228309	-1	625387at2759_120017_1:0011c0|JAACPG010000364_1|-|218|7.267e-58|1|359|1678|1678[1678]:359[359]:1320[1320]
2763	9592-3480	0	144436	-1	245208at2759_1519565_1:004f6d|JAACPG010002070_1|-|1873|0|1|6113|9592|9592[9592]:6113[6113]:3480[3480]
2771	2243-462	0	52217	-1	674169at2759_407821_0:003211|JAACPG010002594_1|-|115|7.369e-27|1|1782|2243|2243[2243]:1782[1782]:462[462]
2774	746+1452	0	298829	1	722805at2759_4432_0:003267|JAACPG010000060_1|+|49|5.438e-07|1|746|2197|746[746]:2197[2197]:1452[1452]
2780	980+570	0	60716	1	1228942at2759_312017_1:000157|JAACPG010002508_1|+|67|2.074e-12|1|980|1549|980[980]:1549[1549]:570[570]
2788	2745+333	0	14478	1	1025450at2759_4155_0:000f6e|JAACPG010003249_1|+|60|2.655e-10|1|2745|3077|2745[2745]:3077[3077]:333[333]
2788	1963+633	0	282854	1	1025450at2759_78828_0:001c1f|JAACPG010003249_1|+|97|1.932e-21|1|1963|2595|1963[1963]:2595[2595]:633[633]
2791	5200-300	0	114862	-1	1488235at2759_1231657_1:00122f|JAACPG010000442_1|-|41|0.0001392|1|4901|5200|5200[5200]:4901[4901]:300[300]
2811	4015-1689	0	186035	-1	1440961at2759_556484_1:000070|JAACPG010000954_1|-|321|7.166e-89|1|2327|4015|4015[4015]:2327[2327]:1689[1689]
2841	3120+390	0	25089	1	1620056at2759_556484_1:000fbf|JAACPG010000497_1|+|174|1.278e-44|1|3120|3509|3120[3120]:3509[3509]:390[390]
2850	1597-939	0	300410	-1	1057950at2759_635003_1:003b7d|JAACPG010000175_1|-|343|1.708e-95|1|659|1597|1597[1597]:659[659]:939[939]
2851	371+1284	0	80973	1	673132at2759_431895_0:002225|JAACPG010000207_1|+|268|6.454e-73|2|371|1654|371[371]:673[673]:303[303]|767[770]:1654[1654]:888[885]
2856	3111+321	0	40277	1	918816at2759_1519565_1:0001ba|JAACPG010002960_1|+|103|3.019e-23|1|3111|3431|3111[3111]:3431[3431]:321[321]
2856	7884+558	0	79384	1	866359at2759_294128_0:0045ca|JAACPG010002960_1|+|42|6.96e-05|1|7884|8441|7884[7884]:8441[8441]:558[558]
2856	1806+1638	0	299642	1	918816at2759_556484_1:000f4c|JAACPG010002960_1|+|490|9.576e-140|1|1806|3443|1806[1806]:3443[3443]:1638[1638]
2862	8269-540	0	69760	-1	392369at2759_28588_0:003004|JAACPG010000301_1|-|49|5.438e-07|1|7730|8269|8269[8269]:7730[7730]:540[540]
2864	9537-975	0	155023	-1	687505at2759_2880_1:003435|JAACPG010000365_1|-|153|2.681e-38|1|8563|9537|9537[9537]:8563[8563]:975[975]
2866	947-378	0	105320	-1	1312453at2759_121845_0:00026c|JAACPG010002103_1|-|41|0.0001392|1|570|947|947[947]:570[570]:378[378]
2870	1306-1219	0	6918	-1	1304061at2759_635003_1:00200a|JAACPG010002370_1|-|333|1.749e-92|3|88|1306|1306[1306]:1166[1166]:141[141]|742[742]:575[575]:168[168]|441[429]:88[88]:354[342]
2871	7537-1740	0	11882	-1	1019762at2759_1519565_1:0038d1|JAACPG010002531_1|-|443|1.348e-125|1|5798|7537|7537[7537]:5798[5798]:1740[1740]
2874	5161-2594	0	272005	-1	1309031at2759_635003_1:001b78|JAACPG010002627_1|-|457|8.226e-130|2|2568|5161|5161[5161]:3581[3581]:1581[1581]|3431[3431]:2568[2568]:864[864]
2892	981+771	0	231833	1	1025450at2759_3827_0:001e6a|JAACPG010000411_1|+|107|1.887e-24|1|981|1751|981[981]:1751[1751]:771[771]
2897	2643+1311	0	149286	1	918816at2759_67767_0:002497|JAACPG010001571_1|+|93|3.091e-20|1|2643|3953|2643[2643]:3953[3953]:1311[1311]
2901	2920-1101	0	183555	-1	1085752at2759_296543_1:001e13|JAACPG010001254_1|-|132|5.622e-32|1|1820|2920|2920[2920]:1820[1820]:1101[1101]
2921	1707+1575	0	157187	1	878143at2759_48709_0:003db1|JAACPG010001483_1|+|293|1.924e-80|1|1707|3281|1707[1707]:3281[3281]:1575[1575]
2932	971-840	0	5606	-1	761109at2759_4790_1:001197|JAACPG010002852_1|-|139|4.392e-34|1|132|971|971[971]:132[132]:840[840]
2932	3564+927	0	42253	1	39650at2759_36646_1:000574|JAACPG010002852_1|+|173|2.557e-44|1|3564|4490|3564[3564]:4490[4490]:927[927]
2940	758+1908	0	2415	1	549762at2759_1519565_1:003cf6|JAACPG010001805_1|+|654|4.095e-189|1|758|2665|758[758]:2665[2665]:1908[1908]
2946	15871-803	0	3975	-1	801857at2759_3218_0:00388d|JAACPG010000270_1|-|114|1.474e-26|2|15069|15871|15871[15871]:15383[15383]:489[489]|15284[15269]:15069[15069]:216[201]
2946	15871-489	0	292738	-1	801857at2759_88036_0:007850|JAACPG010000270_1|-|72|6.482e-14|1|15383|15871|15871[15871]:15383[15383]:489[489]
2953	3329-567	0	48820	-1	1312453at2759_1291522_0:000971|JAACPG010000208_1|-|39|0.0005568|1|2763|3329|3329[3329]:2763[2763]:567[567]
2957	2612-1380	0	267496	-1	768809at2759_1519565_1:001014|JAACPG010003123_1|-|545|2.658e-156|1|1233|2612|2612[2612]:1233[1233]:1380[1380]
2963	6831+450	0	145441	1	774318at2759_280463_1:000717|JAACPG010000791_1|+|96|3.864e-21|1|6831|7280|6831[6831]:7280[7280]:450[450]
2981	1431+2558	0	16362	1	330169at2759_6334_0:001e0e|JAACPG010002414_1|+|430|1.104e-121|2|1431|3988|1431[1431]:2930[2930]:1500[1500]|3074[3074]:3988[3988]:915[915]
2983	467+192	0	253075	1	142542at2759_635003_1:0037e3|JAACPG010002478_1|+|44|1.74e-05|1|467|658|467[467]:658[658]:192[192]
2984	2605-789	0	233437	-1	655400at2759_56406_1:0001e7|JAACPG010002510_1|-|44|1.74e-05|1|1817|2605|2605[2605]:1817[1817]:789[789]
2989	1242-474	0	45997	-1	261328at2759_763407_1:000aee|JAACPG010003155_1|-|92|6.182e-20|1|769|1242|1242[1242]:769[769]:474[474]
2990	6220-2010	0	148936	-1	1428854at2759_635003_1:002312|JAACPG010003187_1|-|593|9.443e-171|1|4211|6220|6220[6220]:4211[4211]:2010[2010]
2991	5938+270	0	253075	1	142542at2759_635003_1:0037e3|JAACPG010003219_1|+|61|1.328e-10|1|5938|6207|5938[5938]:6207[6207]:270[270]
3002	3167+951	0	81195	1	671536at2759_45607_1:00057f|JAACPG010001223_1|+|168|8.182e-43|1|3167|4117|3167[3167]:4117[4117]:951[951]
3004	764-342	0	101711	-1	1421503at2759_6526_0:002a23|JAACPG010001287_1|-|58|1.062e-09|1|423|764|764[764]:423[423]:342[342]
3006	4891+812	0	15622	1	1182451at2759_556484_1:001514|JAACPG010002666_1|+|320|1.433e-88|2|4891|5702|4891[4891]:5154[5154]:264[264]|5319[5319]:5702[5702]:384[384]
3008	1762+828	0	16386	1	1018517at2759_635003_1:002012|JAACPG010002730_1|+|364|8.146e-102|1|1762|2589|1762[1762]:2589[2589]:828[828]
3011	3996-312	0	42855	-1	142542at2759_412133_1:009f4e|JAACPG010000828_1|-|57|2.124e-09|1|3685|3996|3996[3996]:3685[3685]:312[312]
3012	4029-3476	0	44575	-1	392369at2759_599839_1:000fb0|JAACPG010000860_1|-|358|5.214e-100|2|554|4029|4029[4029]:2968[2968]:1062[1062]|2542[2542]:554[554]:1989[1989]
3020	1725+2478	0	44025	1	426305at2759_556484_1:000fd4|JAACPG010001390_1|+|936|5.27e-274|1|1725|4202|1725[1725]:4202[4202]:2478[2478]
3023	4569-591	0	190578	-1	779909at2759_1230383_1:000757|JAACPG010001484_1|-|52|6.797e-08|1|3979|4569|4569[4569]:3979[3979]:591[591]
3023	5041-360	0	260167	-1	621827at2759_37682_0:008875|JAACPG010001484_1|-|119|4.606e-28|1|4682|5041|5041[5041]:4682[4682]:360[360]
3027	4618-999	0	19822	-1	1379600at2759_1155016_0:002f4a|JAACPG010002264_1|-|46|4.35e-06|1|3620|4618|4618[4618]:3620[3620]:999[999]
3037	2774+1203	0	61118	1	1223488at2759_36022_1:000972|JAACPG010001649_1|+|53|3.399e-08|1|2774|3976|2774[2774]:3976[3976]:1203[1203]
3039	4540-2309	0	139469	-1	296129at2759_635003_1:0022e5|JAACPG010001710_1|-|1051|1.269e-308|2|2232|4540|4540[4540]:4451[4451]:90[90]|4367[4355]:2232[2232]:2136[2124]
3043	2938+822	0	137307	1	1014314at2759_3981_0:006e31|JAACPG010001838_1|+|228|7.096e-61|1|2938|3759|2938[2938]:3759[3759]:822[822]
3049	644+417	0	52217	1	674169at2759_407821_0:003211|JAACPG010001079_1|+|169|4.091e-43|1|644|1060|644[644]:1060[1060]:417[417]
3062	6535+694	0	72907	1	1312453at2759_5949_1:0015a8|JAACPG010003016_1|+|135|7.028e-33|2|6535|7228|6535[6535]:6846[6846]:312[312]|6986[6986]:7228[7228]:243[243]
3062	3024-441	0	72907	-1	1312453at2759_5949_1:0015a8|JAACPG010003016_1|-|55|8.496e-09|1|2584|3024|3024[3024]:2584[2584]:441[441]
3063	10515+526	0	172833	1	1617752at2759_1519565_1:003b1c|JAACPG010003041_1|+|207|1.488e-54|2|10515|11040|10515[10515]:10685[10685]:171[171]|10810[10831]:11040[11040]:231[210]
3067	23+883	0	42253	1	39650at2759_36646_1:000574|JAACPG010000335_1|+|89|4.946e-19|2|23|905|23[23]:349[349]:327[327]|609[609]:905[905]:297[297]
3068	5165-459	0	80708	-1	1065019at2759_412030_1:000b65|JAACPG010002042_1|-|136|3.514e-33|1|4707|5165|5165[5165]:4707[4707]:459[459]
3072	3076+778	0	44794	1	1380409at2759_637379_1:000386|JAACPG010002308_1|+|256|2.644e-69|2|3076|3853|3076[3076]:3321[3321]:246[246]|3461[3464]:3853[3853]:393[390]
3091	4736+1038	0	78151	1	1348942at2759_1519565_1:000d41|JAACPG010003156_1|+|84|1.583e-17|1|4736|5773|4736[4736]:5773[5773]:1038[1038]
3093	3+651	0	15620	1	1161199at2759_556484_1:000a5e|JAACPG010003220_1|+|232|4.435e-62|1|3|653|3[3]:653[653]:651[651]
3099	1136+663	0	117045	1	1129824at2759_280463_1:005f90|JAACPG010001510_1|+|91|1.236e-19|1|1136|1798|1136[1136]:1798[1798]:663[663]
3100	791-510	0	179998	-1	331411at2759_101020_0:004eae|JAACPG010001541_1|-|48|1.088e-06|1|282|791|791[791]:282[282]:510[510]
3104	5705-1131	0	262657	-1	1445102at2759_6526_0:005d3a|JAACPG010001224_1|-|169|4.091e-43|1|4575|5705|5705[5705]:4575[4575]:1131[1131]
3115	5052-681	0	262690	-1	996662at2759_6565_0:002079|JAACPG010000893_1|-|64|1.659e-11|1|4372|5052|5052[5052]:4372[4372]:681[681]
3121	3680-492	0	263550	-1	1287094at2759_744533_1:001fa1|JAACPG010001359_1|-|65|8.297e-12|1|3189|3680|3680[3680]:3189[3189]:492[492]
3126	2145-804	0	139757	-1	1445102at2759_670386_1:001e47|JAACPG010002170_1|-|96|3.864e-21|1|1342|2145|2145[2145]:1342[1342]:804[804]
3132	296+2514	0	16362	1	330169at2759_6334_0:001e0e|JAACPG010001969_1|+|156|3.351e-39|1|296|2809|296[296]:2809[2809]:2514[2514]
3139	1729-582	0	52217	-1	674169at2759_407821_0:003211|JAACPG010001650_1|-|131|1.124e-31|1|1148|1729|1729[1729]:1148[1148]:582[582]
3142	515+1105	0	237533	1	671536at2759_1144522_1:00288f|JAACPG010001743_1|+|291|7.694e-80|2|515|1619|515[515]:808[808]:294[294]|978[978]:1619[1619]:642[642]
3162	7553-1347	0	156485	-1	976469at2759_41427_0:001012|JAACPG010002961_1|-|58|1.062e-09|1|6207|7553|7553[7553]:6207[6207]:1347[1347]
3162	10673+4287	0	157640	1	625387at2759_556484_1:00205c|JAACPG010002961_1|+|1165|0|1|10673|14959|10673[10673]:14959[14959]:4287[4287]
3168	1835+1554	0	97085	1	1108845at2759_1519565_1:00024e|JAACPG010000304_1|+|597|5.902e-172|1|1835|3388|1835[1835]:3388[3388]:1554[1554]
3172	8982-949	0	40280	-1	1405146at2759_1519565_1:001272|JAACPG010002106_1|-|257|1.322e-69|2|8034|8982|8982[8982]:8710[8710]:273[273]|8624[8618]:8034[8034]:591[585]
3173	1777-1245	0	2417	-1	801857at2759_1519565_1:004796|JAACPG010002138_1|-|440|1.078e-124|1|533|1777|1777[1777]:533[533]:1245[1245]
3186	1627-171	0	232890	-1	931188at2759_48498_0:006450|JAACPG010002448_1|-|43|3.48e-05|1|1457|1627|1627[1627]:1457[1457]:171[171]
3194	1204+725	0	53591	1	261419at2759_56484_1:001845|JAACPG010003189_1|+|140|2.196e-34|2|1204|1928|1204[1204]:1461[1461]:258[258]|1602[1629]:1928[1928]:327[300]
3201	3304-681	0	141374	-1	1025450at2759_905079_1:004f22|JAACPG010001511_1|-|53|3.399e-08|1|2624|3304|3304[3304]:2624[2624]:681[681]
3206	4775-848	0	42253	-1	39650at2759_36646_1:000574|JAACPG010001225_1|-|203|2.381e-53|2|3928|4775|4775[4775]:4218[4218]:558[558]|4107[4104]:3928[3928]:180[177]
3213	3627+672	0	50469	1	1355894at2759_225117_0:00164d|JAACPG010002764_1|+|99|4.83e-22|1|3627|4298|3627[3627]:4298[4298]:672[672]
3220	2703+498	0	33547	1	858842at2759_423536_1:005003|JAACPG010000990_1|+|190|1.951e-49|1|2703|3200|2703[2703]:3200[3200]:498[498]
3220	267+1888	0	191765	1	931188at2759_1519565_1:002e33|JAACPG010000990_1|+|740|5.293e-215|2|267|2154|267[267]:1658[1658]:1392[1392]|1804[1810]:2154[2154]:351[345]
3222	4503-264	0	251754	-1	901894at2759_478820_1:000bdc|JAACPG010001054_1|-|85|7.913e-18|1|4240|4503|4503[4503]:4240[4240]:264[264]
3238	2232-1782	0	213027	-1	345441at2759_39758_0:001f8f|JAACPG010002855_1|-|499|1.87e-142|1|451|2232|2232[2232]:451[451]:1782[1782]
3242	3690-882	0	200297	-1	1128607at2759_1291522_0:0001d5|JAACPG010001682_1|-|326|2.239e-90|1|2809|3690|3690[3690]:2809[2809]:882[882]
3267	9356-1630	0	119806	-1	1324510at2759_56086_0:0021e5|JAACPG010003043_1|-|307|1.174e-84|2|7727|9356|9356[9356]:8286[8286]:1071[1071]|8149[8149]:7727[7727]:423[423]
3267	10390+867	0	153903	1	1346432at2759_1519565_1:004f9e|JAACPG010003043_1|+|276|2.521e-75|1|10390|11256|10390[10390]:11256[11256]:867[867]
3268	1567-669	0	223784	-1	1112002at2759_54374_0:000742|JAACPG010000763_1|-|130|2.249e-31|1|899|1567|1567[1567]:899[899]:669[669]
3271	4905-379	0	44787	-1	1633672at2759_635003_1:000b72|JAACPG010000337_1|-|167|1.636e-42|2|4527|4905|4905[4905]:4813[4813]:93[93]|4703[4697]:4527[4527]:177[171]
3273	7318+1233	0	78151	1	1348942at2759_1519565_1:000d41|JAACPG010002075_1|+|88|9.891e-19|1|7318|8550|7318[7318]:8550[8550]:1233[1233]
3280	3398+870	0	42253	1	39650at2759_36646_1:000574|JAACPG010002567_1|+|136|3.514e-33|1|3398|4267|3398[3398]:4267[4267]:870[870]
