0	5664030-750	0	35	-1	26150at33634|KV784353_1|-|75|2.951e-17|1|5663281|5664030|5664030[5664030]:5663281[5663281]:750[750]
0	1529770-1659	0	88	-1	6684at33634_9|KV784353_1|-|1070|8.814e-317|1|1528112|1529770|1529770[1529770]:1528112[1528112]:1659[1659]
0	2616118-1509	0	195	-1	4166at33634_6|KV784353_1|-|414|2.635e-119|4|2614610|2616118|2616118[2616118]:2615948[2615948]:171[171]|2615831[2615828]:2615748[2615748]:84[81]|2615615[2615615]:2615349[2615349]:267[267]|2615230[2615215]:2614610[2614610]:621[606]
0	2028917+1953	0	210	1	7485at33634|KV784353_1|+|327|4.078e-93|1|2028917|2030869|2028917[2028917]:2030869[2030869]:1953[1953]
0	3332053-737	0	216	-1	28151at33634_8|KV784353_1|-|124|5.242e-32|2|3331317|3332053|3332053[3332053]:3331730[3331730]:324[324]|3331481[3331481]:3331317[3331317]:165[165]
0	4267508-333	0	237	-1	27409at33634_1|KV784353_1|-|38|4.056e-06|1|4267176|4267508|4267508[4267508]:4267176[4267176]:333[333]
0	3335245+615	0	255	1	20182at33634_8|KV784353_1|+|51|4.951e-10|1|3335245|3335859|3335245[3335245]:3335859[3335859]:615[615]
0	477743+960	0	278	1	12382at33634_4|KV784353_1|+|191|3.552e-52|1|477743|478702|477743[477743]:478702[478702]:960[960]
0	887094+584	0	309	1	28445at33634_7|KV784353_1|+|132|2.048e-34|2|887094|887677|887094[887094]:887189[887189]:96[96]|887411[887411]:887677[887677]:267[267]
0	718851+1653	0	329	1	6933at33634_8|KV784353_1|+|697|1.696e-204|2|718851|720503|718851[718851]:718901[718901]:51[51]|719067[719073]:720503[720503]:1437[1431]
0	1924761+1324	0	359	1	21097at33634_9|KV784353_1|+|385|1.415e-110|2|1924761|1926084|1924761[1924761]:1925396[1925396]:636[636]|1925512[1925518]:1926084[1926084]:573[567]
0	1907013-1200	0	452	-1	12382at33634_9|KV784353_1|-|629|5.005e-184|1|1905814|1907013|1907013[1907013]:1905814[1905814]:1200[1200]
0	4266165-1584	0	462	-1	9297at33634_2|KV784353_1|-|201|3.469e-55|1|4264582|4266165|4266165[4266165]:4264582[4264582]:1584[1584]
0	5864156+2532	0	594	1	3892at33634_7|KV784353_1|+|361|2.374e-103|1|5864156|5866687|5864156[5864156]:5866687[5866687]:2532[2532]
0	1128345-1101	0	600	-1	11504at33634_0|KV784353_1|-|154|4.882e-41|1|1127245|1128345|1128345[1128345]:1127245[1127245]:1101[1101]
0	2451467+2672	0	633	1	3528at33634_9|KV784353_1|+|1246|0|4|2451467|2454138|2451467[2451467]:2453068[2453068]:1602[1602]|2453200[2453203]:2453382[2453382]:183[180]|2453478[2453490]:2453852[2453852]:375[363]|2453962[2453971]:2454138[2454138]:177[168]
0	1076630-1164	0	634	-1	11504at33634_1|KV784353_1|-|82|2.306e-19|1|1075467|1076630|1076630[1076630]:1075467[1075467]:1164[1164]
0	1280901+1245	0	666	1	9297at33634_8|KV784353_1|+|501|1.703e-145|1|1280901|1282145|1280901[1280901]:1282145[1282145]:1245[1245]
0	3033168+2755	0	671	1	4148at33634_8|KV784353_1|+|752|4.706e-221|2|3033168|3035922|3033168[3033168]:3034997[3034997]:1830[1830]|3035098[3035101]:3035922[3035922]:825[822]
0	3195665-723	0	677	-1	5145at33634_0|KV784353_1|-|79|1.845e-18|1|3194943|3195665|3195665[3195665]:3194943[3194943]:723[723]
0	213188+1368	0	744	1	18432at33634_0|KV784353_1|+|283|7.174e-80|1|213188|214555|213188[213188]:214555[214555]:1368[1368]
0	2078408-531	0	777	-1	22950at33634_9|KV784353_1|-|44|6.338e-08|1|2077878|2078408|2078408[2078408]:2077878[2077878]:531[531]
0	1576049-612	0	786	-1	15177at33634_7|KV784353_1|-|63|1.209e-13|1|1575438|1576049|1576049[1576049]:1575438[1575438]:612[612]
0	979796+1071	0	843	1	19891at33634_7|KV784353_1|+|420|4.118e-121|1|979796|980866|979796[979796]:980866[980866]:1071[1071]
0	2349450+681	0	850	1	8842at33634_1|KV784353_1|+|158|3.052e-42|1|2349450|2350130|2349450[2349450]:2350130[2350130]:681[681]
0	768254-639	0	909	-1	13832at33634_5|KV784353_1|-|120|8.388e-31|1|767616|768254|768254[768254]:767616[767616]:639[639]
0	1039161-1264	0	918	-1	8842at33634_3|KV784353_1|-|273|7.346e-77|2|1037898|1039161|1039161[1039161]:1038778[1038778]:384[384]|1038545[1038533]:1037898[1037898]:648[636]
0	1646706-2383	0	968	-1	5960at33634_8|KV784353_1|-|966|1.788e-285|3|1644324|1646706|1646706[1646706]:1646467[1646467]:240[240]|1646171[1646171]:1645194[1645194]:978[978]|1645136[1645115]:1644324[1644324]:813[792]
0	1033201+1086	0	1020	1	8842at33634_6|KV784353_1|+|270|5.877e-76|2|1033201|1034286|1033201[1033201]:1033581[1033581]:381[381]|1033723[1033726]:1034286[1034286]:564[561]
0	2891237-3692	0	1065	-1	1326at33634|KV784353_1|-|428|1.608e-123|2|2887546|2891237|2891237[2891237]:2889375[2889375]:1863[1863]|2889282[2889279]:2887546[2887546]:1737[1734]
0	2589209-534	0	1081	-1	12069at33634_4|KV784353_1|-|44|6.338e-08|1|2588676|2589209|2589209[2589209]:2588676[2588676]:534[534]
1	217612-1202	0	208	-1	12382at33634_2|KV784385_1|-|237|5.048e-66|2|216411|217612|217612[217612]:217148[217148]:465[465]|217040[217040]:216411[216411]:630[630]
1	391091+432	0	898	1	26307at33634_2|KV784385_1|+|186|1.137e-50|1|391091|391522|391091[391091]:391522[391522]:432[432]
1	98960+1182	0	1045	1	13832at33634_9|KV784385_1|+|42|2.535e-07|1|98960|100141|98960[98960]:100141[100141]:1182[1182]
2	119083+1071	0	1	1	13102at33634|KV784417_1|+|93|1.126e-22|1|119083|120153|119083[119083]:120153[120153]:1071[1071]
2	243626+1722	0	714	1	3786at33634_7|KV784417_1|+|163|9.536e-44|1|243626|245347|243626[243626]:245347[245347]:1722[1722]
2	190175+855	0	1054	1	8842at33634_7|KV784417_1|+|284|3.587e-80|1|190175|191029|190175[190175]:191029[191029]:855[855]
9	945593-525	0	166	-1	27410at33634_7|KV784354_1|-|289|1.121e-81|1|945069|945593|945593[945593]:945069[945069]:525[525]
9	70227-267	0	274	-1	28445at33634_6|KV784354_1|-|108|3.436e-27|1|69961|70227|70227[70227]:69961[69961]:267[267]
9	228032-1653	0	329	-1	6933at33634_8|KV784354_1|-|697|1.696e-204|2|226380|228032|228032[228032]:227982[227982]:51[51]|227816[227810]:226380[226380]:1437[1431]
9	1177273+1113	0	383	1	12382at33634_7|KV784354_1|+|254|3.852e-71|1|1177273|1178385|1177273[1177273]:1178385[1178385]:1113[1113]
9	1801318-1062	0	418	-1	12382at33634_8|KV784354_1|-|194|4.441e-53|1|1800257|1801318|1801318[1801318]:1800257[1800257]:1062[1062]
9	2585787+738	0	437	1	13476at33634_9|KV784354_1|+|45|3.169e-08|1|2585787|2586524|2585787[2585787]:2586524[2586524]:738[738]
9	1066290-249	0	507	-1	26441at33634_5|KV784354_1|-|66|1.511e-14|1|1066042|1066290|1066290[1066290]:1066042[1066042]:249[249]
9	2589924+2433	0	581	1	2880at33634_9|KV784354_1|+|908|5.152e-268|1|2589924|2592356|2589924[2589924]:2592356[2592356]:2433[2433]
9	989406+642	0	582	1	15177at33634_1|KV784354_1|+|47|7.922e-09|1|989406|990047|989406[989406]:990047[990047]:642[642]
9	3014164-945	0	582	-1	15177at33634_1|KV784354_1|-|114|5.368e-29|1|3013220|3014164|3014164[3014164]:3013220[3013220]:945[945]
9	2241609+1662	0	600	1	11504at33634_0|KV784354_1|+|121|4.194e-31|1|2241609|2243270|2241609[2241609]:2243270[2243270]:1662[1662]
9	1188761+555	0	650	1	15177at33634_3|KV784354_1|+|38|4.056e-06|1|1188761|1189315|1188761[1188761]:1189315[1189315]:555[555]
9	180912+636	0	739	1	13832at33634_0|KV784354_1|+|105|2.749e-26|1|180912|181547|180912[180912]:181547[181547]:636[636]
9	761658+2037	0	748	1	3786at33634_8|KV784354_1|+|591|1.376e-172|2|761658|763694|761658[761658]:762974[762974]:1317[1317]|763098[763107]:763694[763694]:597[588]
9	1950687+690	0	756	1	8142at33634_4|KV784354_1|+|85|2.882e-20|1|1950687|1951376|1950687[1950687]:1951376[1951376]:690[690]
9	1797210-1033	0	772	-1	23030at33634_9|KV784354_1|-|282|1.435e-79|2|1796178|1797210|1797210[1797210]:1796965[1796965]:246[246]|1796819[1796819]:1796178[1796178]:642[642]
9	1049357-1824	0	840	-1	12562at33634_1|KV784354_1|-|424|2.574e-122|1|1047534|1049357|1049357[1049357]:1047534[1047534]:1824[1824]
9	2326150+843	0	875	1	13832at33634_4|KV784354_1|+|68|3.778e-15|1|2326150|2326992|2326150[2326150]:2326992[2326992]:843[843]
9	519123-1575	0	878	-1	6684at33634_0|KV784354_1|-|283|7.174e-80|1|517549|519123|519123[519123]:517549[517549]:1575[1575]
9	1828035+1824	0	983	1	5145at33634_9|KV784354_1|+|706|3.312e-207|1|1828035|1829858|1828035[1828035]:1829858[1829858]:1824[1824]
9	2562940-720	0	1035	-1	15351at33634_8|KV784354_1|-|497|2.725e-144|1|2562221|2562940|2562940[2562940]:2562221[2562221]:720[720]
9	2714671-762	0	1054	-1	8842at33634_7|KV784354_1|-|183|9.094e-50|1|2713910|2714671|2714671[2714671]:2713910[2713910]:762[762]
9	2083417-612	0	1074	-1	20182at33634_0|KV784354_1|-|74|5.902e-17|1|2082806|2083417|2083417[2083417]:2082806[2082806]:612[612]
10	5053+1930	0	275	1	9413at33634_8|KV784386_1|+|447|3.068e-129|2|5053|6982|5053[5053]:5676[5676]:624[624]|6005[6005]:6982[6982]:978[978]
11	200887-1868	0	686	-1	12249at33634_8|KV784418_1|-|187|5.684e-51|3|199020|200887|200887[200887]:200582[200582]:306[306]|200259[200259]:200137[200137]:123[123]|199970[199967]:199020[199020]:951[948]
12	64130+372	0	343	1	23917at33634_6|KV784450_1|+|165|2.384e-44|1|64130|64501|64130[64130]:64501[64501]:372[372]
18	2324685-1041	0	503	-1	21875at33634_7|KV784355_1|-|287|4.484e-81|1|2323645|2324685|2324685[2324685]:2323645[2323645]:1041[1041]
18	667863+642	0	508	1	15242at33634_7|KV784355_1|+|205|2.168e-56|1|667863|668504|667863[667863]:668504[668504]:642[642]
18	2130957+942	0	653	1	16248at33634_9|KV784355_1|+|218|2.647e-60|1|2130957|2131898|2130957[2130957]:2131898[2131898]:942[942]
18	158758+1134	0	736	1	11504at33634_4|KV784355_1|+|215|2.117e-59|1|158758|159891|158758[158758]:159891[159891]:1134[1134]
18	1806287-1218	0	743	-1	22950at33634_8|KV784355_1|-|175|2.328e-47|1|1805070|1806287|1806287[1806287]:1805070[1805070]:1218[1218]
18	3375718+1212	0	767	1	12684at33634_9|KV784355_1|+|342|1.244e-97|1|3375718|3376929|3375718[3375718]:3376929[3376929]:1212[1212]
18	332232-2453	0	771	-1	971at33634_7|KV784355_1|-|1225|0|2|329780|332232|332232[332232]:332104[332104]:129[129]|331963[331951]:329780[329780]:2184[2172]
18	639270+903	0	909	1	13832at33634_5|KV784355_1|+|110|8.589e-28|1|639270|640172|639270[639270]:640172[640172]:903[903]
18	2420650+1608	0	988	1	15520at33634_9|KV784355_1|+|536|4.957e-156|3|2420650|2422257|2420650[2420650]:2420712[2420712]:63[63]|2420900[2420915]:2421955[2421955]:1056[1041]|2422144[2422144]:2422257[2422257]:114[114]
18	3326838-1827	0	1011	-1	13832at33634_8|KV784355_1|-|567|2.308e-165|1|3325012|3326838|3326838[3326838]:3325012[3325012]:1827[1827]
18	3355039+867	0	1020	1	8842at33634_6|KV784355_1|+|80|9.223e-19|1|3355039|3355905|3355039[3355039]:3355905[3355905]:867[867]
18	1822271-762	0	1020	-1	8842at33634_6|KV784355_1|-|109|1.718e-27|1|1821510|1822271|1822271[1822271]:1821510[1821510]:762[762]
18	3349933-2061	0	1083	-1	4406at33634_8|KV784355_1|-|639|4.887e-187|1|3347873|3349933|3349933[3349933]:3347873[3347873]:2061[2061]
19	114944-510	0	221	-1	25187at33634_9|KV784387_1|-|321|2.61e-91|1|114435|114944|114944[114944]:114435[114435]:510[510]
19	469842-2380	0	748	-1	3786at33634_8|KV784387_1|-|945|3.749e-279|2|467463|469842|469842[469842]:469279[469279]:564[564]|468641[468641]:467463[467463]:1179[1179]
19	528350-2147	0	781	-1	3835at33634_7|KV784387_1|-|670|2.276e-196|4|526204|528350|528350[528350]:527565[527565]:786[786]|527407[527407]:527363[527363]:45[45]|527357[527357]:526653[526653]:705[705]|526308[526308]:526204[526204]:105[105]
21	87200+678	0	331	1	21875at33634_2|KV784451_1|+|88|3.603e-21|1|87200|87877|87200[87200]:87877[87877]:678[678]
21	46310+1497	0	623	1	6436at33634|KV784451_1|+|225|2.068e-62|1|46310|47806|46310[46310]:47806[47806]:1497[1497]
27	2092543+819	0	98	1	18429at33634_9|KV784356_1|+|440|3.927e-127|1|2092543|2093361|2092543[2092543]:2093361[2093361]:819[819]
27	710722-757	0	123	-1	13476at33634_0|KV784356_1|-|115|2.684e-29|2|709966|710722|710722[710722]:710540[710540]:183[183]|710307[710307]:709966[709966]:342[342]
27	1833636-1007	0	137	-1	15216at33634_8|KV784356_1|-|365|1.484e-104|2|1832630|1833636|1833636[1833636]:1833139[1833139]:498[498]|1833025[1833013]:1832630[1832630]:396[384]
27	2137560-2149	0	161	-1	14113at33634_7|KV784356_1|-|389|8.843e-112|3|2135412|2137560|2137560[2137560]:2137123[2137123]:438[438]|2136884[2136884]:2136654[2136654]:231[231]|2136089[2136089]:2135412[2135412]:678[678]
27	1348436+1288	0	173	1	12382at33634_1|KV784356_1|+|221|3.308e-61|2|1348436|1349723|1348436[1348436]:1348987[1348987]:552[552]|1349076[1349076]:1349723[1349723]:648[648]
27	731357-1531	0	173	-1	12382at33634_1|KV784356_1|-|231|3.231e-64|3|729827|731357|731357[731357]:730899[730899]:459[459]|730686[730686]:730180[730180]:507[507]|730036[730033]:729827[729827]:210[207]
27	567914+1088	0	313	1	12382at33634_5|KV784356_1|+|214|4.235e-59|2|567914|569001|567914[567914]:568591[568591]:678[678]|568630[568630]:569001[569001]:372[372]
27	2404161-863	0	373	-1	17887at33634_7|KV784356_1|-|230|6.462e-64|2|2403299|2404161|2404161[2404161]:2403913[2403913]:249[249]|2403736[2403736]:2403299[2403299]:438[438]
27	752126+1830	0	411	1	2880at33634_4|KV784356_1|+|364|2.967e-104|1|752126|753955|752126[752126]:753955[753955]:1830[1830]
27	1829475-1498	0	448	-1	12249at33634_1|KV784356_1|-|223|8.271e-62|3|1827978|1829475|1829475[1829475]:1829326[1829326]:150[150]|1829179[1829179]:1828511[1828511]:669[669]|1828328[1828328]:1827978[1827978]:351[351]
27	1242637+725	0	505	1	22950at33634_1|KV784356_1|+|122|2.097e-31|2|1242637|1243361|1242637[1242637]:1242849[1242849]:213[213]|1243002[1243047]:1243361[1243361]:360[315]
27	2133621-2224	0	614	-1	3834at33634_8|KV784356_1|-|552|7.563e-161|3|2131398|2133621|2133621[2133621]:2131963[2131963]:1659[1659]|2131836[2131836]:2131792[2131792]:45[45]|2131556[2131556]:2131398[2131398]:159[159]
27	558701-816	0	620	-1	8142at33634_0|KV784356_1|-|107|6.871e-27|1|557886|558701|558701[558701]:557886[557886]:816[816]
27	1167085+4239	0	834	1	1102at33634_9|KV784356_1|+|431|2.011e-124|1|1167085|1171323|1167085[1167085]:1171323[1171323]:4239[4239]
27	822544-5505	0	834	-1	1102at33634_9|KV784356_1|-|1907|0|3|817040|822544|822544[822544]:820811[820811]:1734[1734]|820629[820608]:820519[820519]:111[90]|820432[820423]:817040[817040]:3393[3384]
27	683015-465	0	904	-1	31838at33634_5|KV784356_1|-|101|4.398e-25|1|682551|683015|683015[683015]:682551[682551]:465[465]
27	616611-6598	0	1020	-1	8842at33634_6|KV784356_1|-|53|1.238e-10|2|610014|616611|616611[616611]:616567[616567]:45[45]|610697[610655]:610014[610014]:684[642]
27	1869038+1488	0	1048	1	6684at33634_5|KV784356_1|+|262|1.505e-73|1|1869038|1870525|1869038[1869038]:1870525[1870525]:1488[1488]
29	46310+750	0	123	1	13476at33634_0|KV784420_1|+|108|3.436e-27|2|46310|47059|46310[46310]:46483[46483]:174[174]|46724[46724]:47059[47059]:336[336]
29	183233+1140	0	138	1	12382at33634_0|KV784420_1|+|211|3.388e-58|1|183233|184372|183233[183233]:184372[184372]:1140[1140]
29	21871+1530	0	173	1	12382at33634_1|KV784420_1|+|231|3.231e-64|3|21871|23400|21871[21871]:22329[22329]:459[459]|22541[22541]:23047[23047]:507[507]|23191[23194]:23400[23400]:210[207]
29	174073-816	0	620	-1	8142at33634_0|KV784420_1|-|107|6.871e-27|1|173258|174073|174073[174073]:173258[173258]:816[816]
29	76662+465	0	904	1	31838at33634_5|KV784420_1|+|102|2.199e-25|1|76662|77126|76662[76662]:77126[77126]:465[465]
36	343019+2438	0	91	1	14113at33634_5|KV784357_1|+|357|3.798e-102|3|343019|345456|343019[343019]:343762[343762]:744[744]|343895[343895]:344959[344959]:1065[1065]|345184[345184]:345456[345456]:273[273]
36	1317244+946	0	175	1	15351at33634|KV784357_1|+|123|1.048e-31|2|1317244|1318189|1317244[1317244]:1317306[1317306]:63[63]|1317551[1317566]:1318189[1318189]:639[624]
36	2236908-1272	0	383	-1	12382at33634_7|KV784357_1|-|201|3.469e-55|1|2235637|2236908|2236908[2236908]:2235637[2235637]:1272[1272]
36	1460664-366	0	393	-1	20769at33634_8|KV784357_1|-|34|6.49e-05|1|1460299|1460664|1460664[1460664]:1460299[1460299]:366[366]
36	565693-834	0	437	-1	13476at33634_9|KV784357_1|-|351|2.431e-100|1|564860|565693|565693[565693]:564860[564860]:834[834]
36	1452767-1026	0	498	-1	17622at33634_7|KV784357_1|-|501|1.703e-145|1|1451742|1452767|1452767[1452767]:1451742[1451742]:1026[1026]
36	560330-3621	0	502	-1	302at33634_5|KV784357_1|-|159|1.526e-42|1|556710|560330|560330[560330]:556710[556710]:3621[3621]
36	1141023+1665	0	519	1	10123at33634_9|KV784357_1|+|294|3.503e-83|1|1141023|1142687|1141023[1141023]:1142687[1142687]:1665[1665]
36	664940+2265	0	634	1	11504at33634_1|KV784357_1|+|552|7.563e-161|1|664940|667204|664940[664940]:667204[667204]:2265[2265]
36	1936071+1833	0	686	1	12249at33634_8|KV784357_1|+|653|2.983e-191|1|1936071|1937903|1936071[1936071]:1937903[1937903]:1833[1833]
36	2709070+543	0	742	1	22080at33634_6|KV784357_1|+|373|5.795e-107|1|2709070|2709612|2709070[2709070]:2709612[2709612]:543[543]
36	2091338-3892	0	750	-1	15520at33634_2|KV784357_1|-|85|2.882e-20|2|2087447|2091338|2091338[2091338]:2090964[2090964]:375[375]|2087764[2087764]:2087447[2087447]:318[318]
36	1757108-1750	0	876	-1	5144at33634_6|KV784357_1|-|738|7.711e-217|2|1755359|1757108|1757108[1757108]:1756656[1756656]:453[453]|1756447[1756444]:1755359[1755359]:1089[1086]
36	2392140-561	0	909	-1	13832at33634_5|KV784357_1|-|85|2.882e-20|1|2391580|2392140|2392140[2392140]:2391580[2391580]:561[561]
36	444087-999	0	926	-1	8142at33634_9|KV784357_1|-|201|3.469e-55|1|443089|444087|444087[444087]:443089[443089]:999[999]
36	1334313-330	0	1027	-1	9731at33634_0|KV784357_1|-|68|3.778e-15|1|1333984|1334313|1334313[1334313]:1333984[1333984]:330[330]
36	2698142+870	0	1054	1	8842at33634_7|KV784357_1|+|278|2.296e-78|1|2698142|2699011|2698142[2698142]:2699011[2699011]:870[870]
37	345117-1269	0	110	-1	7485at33634_3|KV784389_1|-|91|4.503e-22|1|343849|345117|345117[345117]:343849[343849]:1269[1269]
37	405279-1161	0	208	-1	12382at33634_2|KV784389_1|-|99|1.759e-24|1|404119|405279|405279[405279]:404119[404119]:1161[1161]
37	395792+720	0	816	1	8842at33634_0|KV784389_1|+|145|2.5e-38|1|395792|396511|395792[395792]:396511[396511]:720[720]
37	544711-1620	0	882	-1	5074at33634_8|KV784389_1|-|697|1.696e-204|1|543092|544711|544711[544711]:543092[543092]:1620[1620]
38	97563-1632	0	441	-1	19836at33634_7|KV784421_1|-|614|1.64e-179|1|95932|97563|97563[97563]:95932[95932]:1632[1632]
45	1068820+1491	0	9	1	6436at33634_9|KV784358_1|+|744|1.205e-218|1|1068820|1070310|1068820[1068820]:1070310[1070310]:1491[1491]
45	652166+495	0	10	1	20182at33634_1|KV784358_1|+|40|1.014e-06|1|652166|652660|652166[652166]:652660[652660]:495[495]
45	407276+690	0	57	1	25189at33634_6|KV784358_1|+|443|4.909e-128|1|407276|407965|407276[407276]:407965[407965]:690[690]
45	1491971+2916	0	241	1	9731at33634_9|KV784358_1|+|521|1.624e-151|1|1491971|1494886|1491971[1491971]:1494886[1494886]:2916[2916]
45	1130796-3588	0	260	-1	6981at33634_8|KV784358_1|-|1667|0|3|1127209|1130796|1130796[1130796]:1130524[1130524]:273[273]|1130375[1130345]:1127910[1127910]:2466[2436]|1127751[1127751]:1127209[1127209]:543[543]
45	1519846+3117	0	443	1	693at33634_1|KV784358_1|+|377|3.622e-108|1|1519846|1522962|1519846[1519846]:1522962[1522962]:3117[3117]
45	2840042-3346	0	494	-1	723at33634_9|KV784358_1|-|1428|0|2|2836697|2840042|2840042[2840042]:2838783[2838783]:1260[1260]|2838412[2838412]:2836697[2836697]:1716[1716]
45	713305-2996	0	499	-1	1342at33634_9|KV784358_1|-|1080|8.60712e-320|2|710310|713305|713305[713305]:710744[710744]:2562[2562]|710456[710456]:710310[710310]:147[147]
45	512343-2022	0	544	-1	3786at33634_2|KV784358_1|-|143|9.999e-38|1|510322|512343|512343[512343]:510322[510322]:2022[2022]
45	1805157-669	0	552	-1	19366at33634_8|KV784358_1|-|291|2.802e-82|1|1804489|1805157|1805157[1805157]:1804489[1804489]:669[669]
45	1100180-967	0	574	-1	13537at33634_5|KV784358_1|-|406|6.746e-117|2|1099214|1100180|1100180[1100180]:1099587[1099587]:594[594]|1099579[1099579]:1099214[1099214]:366[366]
45	2217494+318	0	609	1	26441at33634_8|KV784358_1|+|211|3.388e-58|1|2217494|2217811|2217494[2217494]:2217811[2217811]:318[318]
45	1720178-1591	0	623	-1	6436at33634|KV784358_1|-|186|1.137e-50|2|1718588|1720178|1720178[1720178]:1719645[1719645]:534[534]|1719424[1719424]:1718588[1718588]:837[837]
45	1196679+1065	0	739	1	13832at33634_0|KV784358_1|+|118|3.355e-30|1|1196679|1197743|1196679[1196679]:1197743[1197743]:1065[1065]
45	2843567-1833	0	787	-1	12626at33634_9|KV784358_1|-|677|1.778e-198|2|2841735|2843567|2843567[2843567]:2842110[2842110]:1458[1458]|2841941[2841941]:2841735[2841735]:207[207]
45	1042061+750	0	820	1	15177at33634_8|KV784358_1|+|51|4.951e-10|1|1042061|1042810|1042061[1042061]:1042810[1042810]:750[750]
45	2150988+621	0	850	1	8842at33634_1|KV784358_1|+|118|3.355e-30|1|2150988|2151608|2150988[2150988]:2151608[2151608]:621[621]
45	2570914+681	0	918	1	8842at33634_3|KV784358_1|+|125|2.621e-32|1|2570914|2571594|2570914[2570914]:2571594[2571594]:681[681]
45	1359526+789	0	943	1	13832at33634_6|KV784358_1|+|63|1.209e-13|1|1359526|1360314|1359526[1359526]:1360314[1360314]:789[789]
45	1646780-1167	0	943	-1	13832at33634_6|KV784358_1|-|83|1.153e-19|1|1645614|1646780|1646780[1646780]:1645614[1645614]:1167[1167]
45	391848+1686	0	1082	1	6684at33634_6|KV784358_1|+|301|2.737e-85|2|391848|393533|391848[391848]:392834[392834]:987[987]|393009[393012]:393533[393533]:525[522]
46	550775+468	0	887	1	27411at33634_8|KV784390_1|+|139|1.6e-36|1|550775|551242|550775[550775]:551242[551242]:468[468]
47	124234+543	0	299	1	23923at33634_7|KV784422_1|+|361|2.374e-103|1|124234|124776|124234[124234]:124776[124776]:543[543]
47	175666+400	0	709	1	22950at33634_7|KV784422_1|+|205|2.168e-56|2|175666|176065|175666[175666]:175998[175998]:333[333]|176012[176012]:176065[176065]:54[54]
54	1021894+1473	0	3	1	12382at33634|KV784359_1|+|260|6.018e-73|1|1021894|1023366|1021894[1021894]:1023366[1023366]:1473[1473]
54	765090-1641	0	18	-1	6684at33634_7|KV784359_1|-|178|2.91e-48|1|763450|765090|765090[765090]:763450[763450]:1641[1641]
54	1745882+762	0	43	1	9286at33634_8|KV784359_1|+|58|3.868e-12|1|1745882|1746643|1745882[1745882]:1746643[1746643]:762[762]
54	359099+2863	0	93	1	1803at33634_9|KV784359_1|+|1320|0|3|359099|361961|359099[359099]:359374[359374]:276[276]|359539[359545]:360099[360099]:561[555]|360204[360204]:361961[361961]:1758[1758]
54	1663671-1410	0	167	-1	15827at33634_9|KV784359_1|-|565|9.232e-165|2|1662262|1663671|1663671[1663671]:1663579[1663579]:93[93]|1663314[1663314]:1662262[1662262]:1053[1053]
54	1049281-1060	0	255	-1	20182at33634_8|KV784359_1|-|426|6.434e-123|2|1048222|1049281|1049281[1049281]:1049156[1049156]:126[126]|1048989[1048974]:1048222[1048222]:768[753]
54	1198129-1305	0	278	-1	12382at33634_4|KV784359_1|-|169|1.49e-45|1|1196825|1198129|1198129[1198129]:1196825[1196825]:1305[1305]
54	2217281-543	0	299	-1	23923at33634_7|KV784359_1|-|361|2.374e-103|1|2216739|2217281|2217281[2217281]:2216739[2216739]:543[543]
54	2006802+1654	0	305	1	5578at33634_9|KV784359_1|+|932|3.071e-275|2|2006802|2008455|2006802[2006802]:2006900[2006900]:99[99]|2007148[2007154]:2008455[2008455]:1308[1302]
54	2089462+738	0	367	1	13819at33634_5|KV784359_1|+|137|6.399e-36|1|2089462|2090199|2089462[2089462]:2090199[2090199]:738[738]
54	1993582+150	0	370	1	26441at33634_1|KV784359_1|+|33|0.0001298|1|1993582|1993731|1993582[1993582]:1993731[1993731]:150[150]
54	1210725-504	0	391	-1	26258at33634_3|KV784359_1|-|234|4.039e-65|2|1210222|1210725|1210725[1210725]:1210489[1210489]:237[237]|1210353[1210353]:1210222[1210222]:132[132]
54	1775844-728	0	393	-1	20769at33634_8|KV784359_1|-|268|2.351e-75|2|1775117|1775844|1775844[1775844]:1775764[1775764]:81[81]|1775566[1775560]:1775117[1775117]:450[444]
54	1339991-993	0	398	-1	13102at33634_8|KV784359_1|-|81|4.611e-19|1|1338999|1339991|1339991[1339991]:1338999[1338999]:993[993]
54	50209-2043	0	504	-1	13819at33634_9|KV784359_1|-|673|2.845e-197|6|48167|50209|50209[50209]:50048[50048]:162[162]|49871[49868]:49752[49752]:120[117]|49538[49538]:49491[49491]:48[48]|49386[49386]:48730[48730]:657[657]|48625[48622]:48578[48578]:48[45]|48454[48454]:48167[48167]:288[288]
54	466509-3548	0	664	-1	1102at33634_4|KV784359_1|-|413|5.271e-119|3|462962|466509|466509[466509]:465364[465364]:1146[1146]|465257[465257]:464562[464562]:696[696]|464377[464377]:462962[462962]:1416[1416]
54	2173358-768	0	777	-1	22950at33634_9|KV784359_1|-|525|1.015e-152|1|2172591|2173358|2173358[2173358]:2172591[2172591]:768[768]
54	2016670-774	0	824	-1	8142at33634_6|KV784359_1|-|68|3.778e-15|1|2015897|2016670|2016670[2016670]:2015897[2015897]:774[774]
54	867002-507	0	899	-1	15351at33634_4|KV784359_1|-|62|2.418e-13|1|866496|867002|867002[867002]:866496[866496]:507[507]
54	1847042+1973	0	905	1	17057at33634_7|KV784359_1|+|466|5.852e-135|2|1847042|1849014|1847042[1847042]:1847551[1847551]:510[510]|1847686[1847689]:1849014[1849014]:1329[1326]
54	962494-2169	0	940	-1	8760at33634_0|KV784359_1|-|221|3.308e-61|2|960326|962494|962494[962494]:962027[962027]:468[468]|961501[961501]:960326[960326]:1176[1176]
54	2230272-876	0	949	-1	5145at33634_8|KV784359_1|-|95|2.815e-23|1|2229397|2230272|2230272[2230272]:2229397[2229397]:876[876]
54	1590675+1596	0	1005	1	6436at33634_6|KV784359_1|+|190|7.105e-52|1|1590675|1592270|1590675[1590675]:1592270[1592270]:1596[1596]
54	1538283-895	0	1020	-1	8842at33634_6|KV784359_1|-|144|5e-38|2|1537389|1538283|1538283[1538283]:1537942[1537942]:342[342]|1537844[1537844]:1537389[1537389]:456[456]
54	1859603+1494	0	1048	1	6684at33634_5|KV784359_1|+|290|5.605e-82|1|1859603|1861096|1859603[1859603]:1861096[1861096]:1494[1494]
55	472155+1491	0	9	1	6436at33634_9|KV784391_1|+|745|6.024e-219|1|472155|473645|472155[472155]:473645[473645]:1491[1491]
55	540108-1894	0	295	-1	6981at33634_9|KV784391_1|-|955|3.661e-282|2|538215|540108|540108[540108]:538915[538915]:1194[1194]|538757[538757]:538215[538215]:543[543]
55	501662-966	0	710	-1	13537at33634_9|KV784391_1|-|602|6.717e-176|1|500697|501662|501662[501662]:500697[500697]:966[966]
55	83006-651	0	816	-1	8842at33634_0|KV784391_1|-|70|9.444e-16|1|82356|83006|83006[83006]:82356[82356]:651[651]
56	44265-993	0	804	-1	11504at33634_6|KV784423_1|-|113|1.074e-28|1|43273|44265|44265[44265]:43273[43273]:993[993]
63	2569456-2027	0	43	-1	9286at33634_8|KV784360_1|-|991|5.328e-293|3|2567430|2569456|2569456[2569456]:2569370[2569370]:87[87]|2569075[2569060]:2568278[2568278]:798[783]|2568041[2568041]:2567430[2567430]:612[612]
63	1331073-1266	0	110	-1	7485at33634_3|KV784360_1|-|93|1.126e-22|1|1329808|1331073|1331073[1331073]:1329808[1329808]:1266[1266]
63	1396455-1161	0	208	-1	12382at33634_2|KV784360_1|-|100|8.795e-25|1|1395295|1396455|1396455[1396455]:1395295[1395295]:1161[1161]
63	1386306+720	0	816	1	8842at33634_0|KV784360_1|+|147|6.249e-39|1|1386306|1387025|1386306[1386306]:1387025[1387025]:720[720]
63	1883022-723	0	816	-1	8842at33634_0|KV784360_1|-|174|4.656e-47|1|1882300|1883022|1883022[1883022]:1882300[1882300]:723[723]
63	1563879-1773	0	882	-1	5074at33634_8|KV784360_1|-|698|8.478e-205|2|1562107|1563879|1563879[1563879]:1562983[1562983]:897[897]|1562835[1562829]:1562107[1562107]:729[723]
63	1978352-1023	0	909	-1	13832at33634_5|KV784360_1|-|98|3.518e-24|1|1977330|1978352|1978352[1978352]:1977330[1977330]:1023[1023]
63	1645165-1591	0	1021	-1	10425at33634_8|KV784360_1|-|694|1.357e-203|2|1643575|1645165|1645165[1645165]:1644089[1644089]:1077[1077]|1643925[1643925]:1643575[1643575]:351[351]
64	188109+2817	0	392	1	723at33634_6|KV784392_1|+|1387|0|2|188109|190925|188109[188109]:188828[188828]:720[720]|189030[189033]:190925[190925]:1896[1893]
64	184151+1844	0	787	1	12626at33634_9|KV784392_1|+|677|1.778e-198|2|184151|185994|184151[184151]:185602[185602]:1452[1452]|185770[185770]:185994[185994]:225[225]
72	2619882+693	0	24	1	8842at33634_9|KV784361_1|+|177|5.82e-48|1|2619882|2620574|2619882[2619882]:2620574[2620574]:693[693]
72	2233723+1030	0	29	1	12363at33634_9|KV784361_1|+|295|1.751e-83|2|2233723|2234752|2233723[2233723]:2233911[2233911]:189[189]|2234069[2234069]:2234752[2234752]:684[684]
72	1804912+1140	0	108	1	18615at33634|KV784361_1|+|102|2.199e-25|1|1804912|1806051|1804912[1804912]:1806051[1806051]:1140[1140]
72	132946-633	0	157	-1	12069at33634_9|KV784361_1|-|145|2.5e-38|1|132314|132946|132946[132946]:132314[132314]:633[633]
72	806452-906	0	173	-1	12382at33634_1|KV784361_1|-|31|0.0005192|1|805547|806452|806452[806452]:805547[805547]:906[906]
72	263610-1858	0	265	-1	4166at33634_8|KV784361_1|-|861|7.251e-254|2|261753|263610|263610[263610]:263464[263464]:147[147]|263246[263237]:261753[261753]:1494[1485]
72	2686986+1937	0	275	1	9413at33634_8|KV784361_1|+|446|6.136e-129|2|2686986|2688922|2686986[2686986]:2687609[2687609]:624[624]|2687933[2687933]:2688922[2688922]:990[990]
72	836015+1425	0	278	1	12382at33634_4|KV784361_1|+|237|5.048e-66|2|836015|837439|836015[836015]:836326[836326]:312[312]|836675[836678]:837439[837439]:765[762]
72	691748-1335	0	385	-1	9201at33634|KV784361_1|-|182|1.819e-49|1|690414|691748|691748[691748]:690414[690414]:1335[1335]
72	670217+1989	0	398	1	13102at33634_8|KV784361_1|+|362|1.187e-103|1|670217|672205|670217[670217]:672205[672205]:1989[1989]
72	83308+2036	0	661	1	6989at33634_7|KV784361_1|+|441|1.963e-127|2|83308|85343|83308[83308]:83652[83652]:345[345]|83808[83811]:85343[85343]:1536[1533]
72	2324062+3043	0	669	1	971at33634_4|KV784361_1|+|243|7.888e-68|3|2324062|2327104|2324062[2324062]:2324763[2324763]:702[702]|2325037[2325037]:2325489[2325489]:453[453]|2326196[2326196]:2327104[2327104]:909[909]
72	2394089-1356	0	736	-1	11504at33634_4|KV784361_1|-|57|7.736e-12|1|2392734|2394089|2394089[2394089]:2392734[2392734]:1356[1356]
72	1674385+1497	0	791	1	6366at33634_7|KV784361_1|+|768|7.182e-226|1|1674385|1675881|1674385[1674385]:1675881[1675881]:1497[1497]
72	2163599+1292	0	804	1	11504at33634_6|KV784361_1|+|84|5.764e-20|2|2163599|2164890|2163599[2163599]:2164132[2164132]:534[534]|2164525[2164525]:2164890[2164890]:366[366]
72	373141-921	0	842	-1	5144at33634_5|KV784361_1|-|156|1.221e-41|1|372221|373141|373141[373141]:372221[372221]:921[921]
72	2619078+672	0	918	1	8842at33634_3|KV784361_1|+|161|3.814e-43|1|2619078|2619749|2619078[2619078]:2619749[2619749]:672[672]
72	2613379-357	0	925	-1	24919at33634_7|KV784361_1|-|259|1.204e-72|1|2613023|2613379|2613379[2613379]:2613023[2613023]:357[357]
72	1596035+774	0	949	1	5145at33634_8|KV784361_1|+|70|9.444e-16|1|1596035|1596808|1596035[1596035]:1596808[1596808]:774[774]
72	1125030+1074	0	1029	1	15969at33634_4|KV784361_1|+|418|1.647e-120|1|1125030|1126103|1125030[1125030]:1126103[1126103]:1074[1074]
72	1096406+1834	0	1098	1	9939at33634_8|KV784361_1|+|814|1.021e-239|2|1096406|1098239|1096406[1096406]:1097269[1097269]:864[864]|1097412[1097415]:1098239[1098239]:828[825]
73	110333-1824	0	686	-1	12249at33634_8|KV784393_1|-|654|1.492e-191|2|108510|110333|110333[110333]:109524[109524]:810[810]|109403[109403]:108510[108510]:894[894]
73	282706+1676	0	910	1	5144at33634_7|KV784393_1|+|568|1.154e-165|2|282706|284381|282706[282706]:282912[282912]:207[207]|283293[283293]:284381[284381]:1089[1089]
81	1168603-1621	0	56	-1	14113at33634_4|KV784362_1|-|256|9.629e-72|4|1166983|1168603|1168603[1168603]:1168295[1168295]:309[309]|1167981[1167981]:1167859[1167859]:123[123]|1167695[1167680]:1167549[1167549]:147[132]|1167195[1167195]:1166983[1166983]:213[213]
81	1123646+819	0	98	1	18429at33634_9|KV784362_1|+|440|3.927e-127|1|1123646|1124464|1123646[1123646]:1124464[1124464]:819[819]
81	883750-1001	0	137	-1	15216at33634_8|KV784362_1|-|368|1.854e-105|2|882750|883750|883750[883750]:883253[883253]:498[498]|883148[883133]:882750[882750]:399[384]
81	415693+1288	0	173	1	12382at33634_1|KV784362_1|+|223|8.271e-62|2|415693|416980|415693[415693]:416244[416244]:552[552]|416327[416333]:416980[416980]:654[648]
81	1426498-870	0	373	-1	17887at33634_7|KV784362_1|-|228|2.585e-63|2|1425629|1426498|1426498[1426498]:1426250[1426250]:249[249]|1426066[1426066]:1425629[1425629]:438[438]
81	312577+738	0	505	1	22950at33634_1|KV784362_1|+|130|8.191e-34|2|312577|313314|312577[312577]:312768[312768]:192[192]|312955[312979]:313314[313314]:360[336]
81	1165152-2225	0	614	-1	3834at33634_8|KV784362_1|-|529|6.344e-154|4|1162928|1165152|1165152[1165152]:1163980[1163980]:1173[1173]|1163917[1163917]:1163492[1163492]:426[426]|1163365[1163365]:1163321[1163321]:45[45]|1163086[1163086]:1162928[1162928]:159[159]
81	879607-1433	0	720	-1	12249at33634_9|KV784362_1|-|215|2.117e-59|3|878175|879607|879607[879607]:879428[879428]:180[180]|879304[879304]:878597[878597]:708[708]|878456[878423]:878175[878175]:282[249]
81	913166+1488	0	1048	1	6684at33634_5|KV784362_1|+|263|7.523e-74|1|913166|914653|913166[913166]:914653[914653]:1488[1488]
82	44194+615	0	220	1	20182at33634_7|KV784394_1|+|52|2.476e-10|1|44194|44808|44194[44194]:44808[44808]:615[615]
82	231214-1582	0	510	-1	3786at33634_1|KV784394_1|-|408|1.687e-117|4|229633|231214|231214[231214]:230777[230777]:438[438]|230669[230669]:230349[230349]:321[321]|230272[230272]:230006[230006]:267[267]|229914[229890]:229633[229633]:282[258]
82	203544+1248	0	943	1	13832at33634_6|KV784394_1|+|89|1.801e-21|1|203544|204791|203544[203544]:204791[204791]:1248[1248]
83	67767+1062	0	418	1	12382at33634_8|KV784426_1|+|195|2.22e-53|1|67767|68828|67767[67767]:68828[68828]:1062[1062]
83	71934+665	0	772	1	23030at33634_9|KV784426_1|+|178|2.91e-48|2|71934|72598|71934[71934]:72179[72179]:246[246]|72326[72326]:72598[72598]:273[273]
83	50163-1701	0	983	-1	5145at33634_9|KV784426_1|-|628|1.001e-183|1|48463|50163|50163[50163]:48463[48463]:1701[1701]
90	1175856+693	0	24	1	8842at33634_9|KV784363_1|+|177|5.82e-48|1|1175856|1176548|1175856[1175856]:1176548[1176548]:693[693]
90	1521747-810	0	24	-1	8842at33634_9|KV784363_1|-|80|9.223e-19|1|1520938|1521747|1521747[1521747]:1520938[1520938]:810[810]
90	711127+1030	0	29	1	12363at33634_9|KV784363_1|+|289|1.121e-81|2|711127|712156|711127[711127]:711315[711315]:189[189]|711458[711470]:712156[712156]:699[687]
90	1664992+1604	0	348	1	12382at33634_6|KV784363_1|+|119|1.678e-30|2|1664992|1666595|1664992[1664992]:1665480[1665480]:489[489]|1666275[1666275]:1666595[1666595]:321[321]
90	1592111+642	0	508	1	15242at33634_7|KV784363_1|+|207|5.421e-57|1|1592111|1592752|1592111[1592111]:1592752[1592752]:642[642]
90	1366905-1111	0	542	-1	15242at33634_8|KV784363_1|-|467|2.926e-135|2|1365795|1366905|1366905[1366905]:1366753[1366753]:153[153]|1366493[1366481]:1365795[1365795]:699[687]
90	888601-1356	0	736	-1	11504at33634_4|KV784363_1|-|57|7.736e-12|1|887246|888601|888601[888601]:887246[887246]:1356[1356]
90	812751+2899	0	737	1	971at33634_6|KV784363_1|+|334|3.186e-95|3|812751|815649|812751[812751]:813584[813584]:834[834]|813843[813843]:814280[814280]:438[438]|814594[814594]:815649[815649]:1056[1056]
90	1500960-1212	0	767	-1	12684at33634_9|KV784363_1|-|349|9.723e-100|1|1499749|1500960|1500960[1500960]:1499749[1499749]:1212[1212]
90	107313+1497	0	791	1	6366at33634_7|KV784363_1|+|768|7.182e-226|1|107313|108809|107313[107313]:108809[108809]:1497[1497]
90	643238+1289	0	804	1	11504at33634_6|KV784363_1|+|84|5.764e-20|2|643238|644526|643238[643238]:643768[643768]:531[531]|644161[644161]:644526[644526]:366[366]
90	1175052+672	0	918	1	8842at33634_3|KV784363_1|+|161|3.814e-43|1|1175052|1175723|1175052[1175052]:1175723[1175723]:672[672]
90	1169368-357	0	925	-1	24919at33634_7|KV784363_1|-|259|1.204e-72|1|1169012|1169368|1169368[1169368]:1169012[1169012]:357[357]
90	23997+774	0	949	1	5145at33634_8|KV784363_1|+|70|9.444e-16|1|23997|24770|23997[23997]:24770[24770]:774[774]
90	1527358+2061	0	1083	1	4406at33634_8|KV784363_1|+|638|9.775e-187|1|1527358|1529418|1527358[1527358]:1529418[1529418]:2061[2061]
91	345642+1272	0	383	1	12382at33634_7|KV784395_1|+|199|1.388e-54|1|345642|346913|345642[345642]:346913[346913]:1272[1272]
91	441532-768	0	816	-1	8842at33634_0|KV784395_1|-|140|7.999e-37|1|440765|441532|441532[441532]:440765[440765]:768[768]
91	193441+573	0	909	1	13832at33634_5|KV784395_1|+|85|2.882e-20|1|193441|194013|193441[193441]:194013[194013]:573[573]
99	756958-642	0	359	-1	21097at33634_9|KV784364_1|-|98|3.518e-24|1|756317|756958|756958[756958]:756317[756317]:642[642]
100	264853+723	0	816	1	8842at33634_0|KV784396_1|+|174|4.656e-47|1|264853|265575|264853[264853]:265575[265575]:723[723]
101	111887+732	0	875	1	13832at33634_4|KV784428_1|+|71|4.722e-16|1|111887|112618|111887[111887]:112618[112618]:732[732]
108	1196721+2443	0	349	1	18615at33634_8|KV784365_1|+|175|2.328e-47|2|1196721|1199163|1196721[1196721]:1196954[1196954]:234[234]|1197481[1197481]:1199163[1199163]:1683[1683]
108	1424735-1725	0	407	-1	19836at33634_6|KV784365_1|-|614|1.64e-179|1|1423011|1424735|1424735[1424735]:1423011[1423011]:1725[1725]
108	1136164+1041	0	918	1	8842at33634_3|KV784365_1|+|166|1.192e-44|2|1136164|1137204|1136164[1136164]:1136292[1136292]:129[129]|1136674[1136674]:1137204[1137204]:531[531]
109	393704-666	0	243	-1	12382at33634_3|KV784397_1|-|105|2.749e-26|1|393039|393704|393704[393704]:393039[393039]:666[666]
110	152677+1614	0	992	1	10799at33634_7|KV784429_1|+|566|4.616e-165|1|152677|154290|152677[152677]:154290[154290]:1614[1614]
111	14795+471	0	773	1	13832at33634_1|KV784461_1|+|117|6.71e-30|1|14795|15265|14795[14795]:15265[15265]:471[471]
117	550094-3339	0	389	-1	3405at33634_9|KV784366_1|-|801|8.36e-236|1|546756|550094|550094[550094]:546756[546756]:3339[3339]
118	51156-480	0	552	-1	19366at33634_8|KV784398_1|-|227|5.169e-63|1|50677|51156|51156[51156]:50677[50677]:480[480]
118	432209+318	0	609	1	26441at33634_8|KV784398_1|+|211|3.388e-58|1|432209|432526|432209[432209]:432526[432526]:318[318]
120	52643-564	0	548	-1	15177at33634_0|KV784462_1|-|44|6.338e-08|1|52080|52643|52643[52643]:52080[52080]:564[564]
126	159770-1146	0	9	-1	6436at33634_9|KV784367_1|-|210|6.776e-58|1|158625|159770|159770[159770]:158625[158625]:1146[1146]
126	760940-690	0	57	-1	25189at33634_6|KV784367_1|-|443|4.909e-128|1|760251|760940|760940[760940]:760251[760251]:690[690]
126	650403+2022	0	544	1	3786at33634_2|KV784367_1|+|142|2e-37|1|650403|652424|650403[650403]:652424[652424]:2022[2022]
126	348546-3625	0	805	-1	971at33634_8|KV784367_1|-|1655|0|2|344922|348546|348546[348546]:348487[348487]:60[60]|348320[348320]:344922[344922]:3399[3399]
126	618034+903	0	909	1	13832at33634_5|KV784367_1|+|112|2.147e-28|1|618034|618936|618034[618034]:618936[618936]:903[903]
126	777663-1686	0	1082	-1	6684at33634_6|KV784367_1|-|301|2.737e-85|2|775978|777663|777663[777663]:776677[776677]:987[987]|776502[776499]:775978[775978]:525[522]
127	141528-1501	0	418	-1	12382at33634_8|KV784399_1|-|158|3.052e-42|2|140028|141528|141528[141528]:140881[140881]:648[648]|140678[140678]:140028[140028]:651[651]
127	60602-843	0	875	-1	13832at33634_4|KV784399_1|-|69|1.889e-15|1|59760|60602|60602[60602]:59760[59760]:843[843]
128	19864+1943	0	544	1	3786at33634_2|KV784431_1|+|544|1.936e-158|2|19864|21806|19864[19864]:19926[19926]:63[63]|20040[20043]:21806[21806]:1767[1764]
131	1547-1500	0	1021	-1	10425at33634_8|KV784527_1|-|691|1.085e-202|2|48|1547|1547[1547]:471[471]:1077[1077]|311[311]:48[48]:264[264]
135	524007-3351	0	389	-1	3405at33634_9|KV784368_1|-|810|1.633e-238|1|520657|524007|524007[524007]:520657[520657]:3351[3351]
137	77298+543	0	742	1	22080at33634_6|KV784432_1|+|372|1.159e-106|1|77298|77840|77298[77298]:77840[77840]:543[543]
137	65208+870	0	1054	1	8842at33634_7|KV784432_1|+|278|2.296e-78|1|65208|66077|65208[65208]:66077[66077]:870[870]
143	91254-1149	0	122	-1	12069at33634_8|KV784369_1|-|436|6.283e-126|1|90106|91254|91254[91254]:90106[90106]:1149[1149]
144	237843-1593	0	18	-1	6684at33634_7|KV784401_1|-|169|1.49e-45|1|236251|237843|237843[237843]:236251[236251]:1593[1593]
144	21555+1045	0	173	1	12382at33634_1|KV784401_1|+|217|5.294e-60|3|21555|22599|21555[21555]:21752[21752]:198[198]|21842[21842]:21943[21943]:102[102]|22042[22042]:22599[22599]:558[558]
144	153062+636	0	918	1	8842at33634_3|KV784401_1|+|100|8.795e-25|1|153062|153697|153062[153062]:153697[153697]:636[636]
144	432683-2251	0	940	-1	8760at33634_0|KV784401_1|-|221|3.308e-61|2|430433|432683|432683[432683]:432090[432090]:594[594]|431608[431608]:430433[430433]:1176[1176]
144	71805-897	0	986	-1	8842at33634_5|KV784401_1|-|138|3.2e-36|2|70909|71805|71805[71805]:71602[71602]:204[204]|71487[71487]:70909[70909]:579[579]
145	72988-2532	0	594	-1	3892at33634_7|KV784433_1|-|354|3.038e-101|1|70457|72988|72988[72988]:70457[70457]:2532[2532]
151	618842-1128	0	243	-1	12382at33634_3|KV784370_1|-|184|4.547e-50|1|617715|618842|618842[618842]:617715[617715]:1128[1128]
151	158089+1808	0	576	1	15242at33634_9|KV784370_1|+|574|1.803e-167|2|158089|159896|158089[158089]:158601[158601]:513[513]|158754[158790]:159896[159896]:1143[1107]
151	695857+1371	0	668	1	11504at33634_2|KV784370_1|+|169|1.49e-45|1|695857|697227|695857[695857]:697227[697227]:1371[1371]
151	633510+867	0	694	1	26150at33634_6|KV784370_1|+|227|5.169e-63|1|633510|634376|633510[633510]:634376[634376]:867[867]
151	893346+1217	0	820	1	15177at33634_8|KV784370_1|+|524|2.03e-152|2|893346|894562|893346[893346]:894236[894236]:891[891]|894413[894413]:894562[894562]:150[150]
152	251694+947	0	175	1	15351at33634|KV784402_1|+|121|4.194e-31|2|251694|252640|251694[251694]:251756[251756]:63[63]|252002[252017]:252640[252640]:639[624]
152	378543-366	0	393	-1	20769at33634_8|KV784402_1|-|34|6.49e-05|1|378178|378543|378543[378543]:378178[378178]:366[366]
152	110644+1287	0	519	1	10123at33634_9|KV784402_1|+|286|8.968e-81|1|110644|111930|110644[110644]:111930[111930]:1287[1287]
152	261985-330	0	1027	-1	9731at33634_0|KV784402_1|-|68|3.778e-15|1|261656|261985|261985[261985]:261656[261656]:330[330]
153	170509+708	0	1020	1	8842at33634_6|KV784434_1|+|117|6.71e-30|1|170509|171216|170509[170509]:171216[171216]:708[708]
159	637525+1155	0	122	1	12069at33634_8|KV784371_1|+|436|6.283e-126|1|637525|638679|637525[637525]:638679[638679]:1155[1155]
159	751404+998	0	339	1	27268at33634_8|KV784371_1|+|205|2.168e-56|2|751404|752401|751404[751404]:751457[751457]:54[54]|751610[751610]:752401[752401]:792[792]
159	858699+633	0	503	1	21875at33634_7|KV784371_1|+|70|9.444e-16|1|858699|859331|858699[858699]:859331[859331]:633[633]
159	804400+966	0	623	1	6436at33634|KV784371_1|+|180|7.275e-49|1|804400|805365|804400[804400]:805365[805365]:966[966]
159	1083220+1110	0	1054	1	8842at33634_7|KV784371_1|+|300|5.473e-85|2|1083220|1084329|1083220[1083220]:1083993[1083993]:774[774]|1084168[1084168]:1084329[1084329]:162[162]
160	267419-675	0	437	-1	13476at33634_9|KV784403_1|-|328|2.039e-93|1|266745|267419|267419[267419]:266745[266745]:675[675]
160	358318+960	0	804	1	11504at33634_6|KV784403_1|+|352|1.215e-100|1|358318|359277|358318[358318]:359277[359277]:960[960]
160	143912-573	0	824	-1	8142at33634_6|KV784403_1|-|121|4.194e-31|1|143340|143912|143912[143912]:143340[143340]:573[573]
161	101211+633	0	157	1	12069at33634_9|KV784435_1|+|145|2.5e-38|1|101211|101843|101211[101211]:101843[101843]:633[633]
161	157327-1418	0	423	-1	6989at33634_0|KV784435_1|-|311|2.673e-88|2|155910|157327|157327[157327]:156983[156983]:345[345]|156827[156824]:155910[155910]:918[915]
161	195480-996	0	981	-1	4406at33634_5|KV784435_1|-|256|9.629e-72|1|194485|195480|195480[195480]:194485[194485]:996[996]
162	44164-1356	0	145	-1	7485at33634_4|KV784467_1|-|214|4.235e-59|1|42809|44164|44164[44164]:42809[42809]:1356[1356]
167	432517+333	0	237	1	27409at33634_1|KV784372_1|+|38|4.056e-06|1|432517|432849|432517[432517]:432849[432849]:333[333]
167	433789+1563	0	462	1	9297at33634_2|KV784372_1|+|202|1.735e-55|1|433789|435351|433789[433789]:435351[435351]:1563[1563]
168	51783-1410	0	167	-1	15827at33634_9|KV784404_1|-|563|3.693e-164|2|50374|51783|51783[51783]:51691[51691]:93[93]|51426[51426]:50374[50374]:1053[1053]
168	405620+1651	0	305	1	5578at33634_9|KV784404_1|+|793|2.14e-233|4|405620|407270|405620[405620]:405718[405718]:99[99]|405966[405972]:406928[406928]:963[957]|406998[406998]:407075[407075]:78[78]|407115[407115]:407270[407270]:156[156]
168	391850+150	0	370	1	26441at33634_1|KV784404_1|+|33|0.0001298|1|391850|391999|391850[391850]:391999[391999]:150[150]
168	174126-414	0	393	-1	20769at33634_8|KV784404_1|-|203|8.673e-56|1|173713|174126|174126[174126]:173713[173713]:414[414]
168	248433+1835	0	905	1	17057at33634_7|KV784404_1|+|465|1.17e-134|2|248433|250267|248433[248433]:248804[248804]:372[372]|248939[248942]:250267[250267]:1329[1326]
168	144488+1032	0	1004	1	9286at33634_4|KV784404_1|+|61|4.835e-13|1|144488|145519|144488[144488]:145519[145519]:1032[1032]
168	260665+1494	0	1048	1	6684at33634_5|KV784404_1|+|290|5.605e-82|1|260665|262158|260665[260665]:262158[262158]:1494[1494]
170	29874-1338	0	385	-1	9201at33634|KV784468_1|-|169|1.49e-45|1|28537|29874|29874[29874]:28537[28537]:1338[1338]
170	7917+1590	0	398	1	13102at33634_8|KV784468_1|+|344|3.111e-98|1|7917|9506|7917[7917]:9506[9506]:1590[1590]
175	319278+1071	0	1	1	13102at33634|KV784373_1|+|93|1.126e-22|1|319278|320348|319278[319278]:320348[320348]:1071[1071]
175	850030-3265	0	217	-1	723at33634_1|KV784373_1|-|642|6.109e-188|4|846766|850030|850030[850030]:849758[849758]:273[273]|849547[849538]:849152[849152]:396[387]|849010[849010]:847934[847934]:1077[1077]|847815[847815]:846766[846766]:1050[1050]
175	863396+2562	0	510	1	3786at33634_1|KV784373_1|+|576|4.508e-168|3|863396|865957|863396[863396]:864100[864100]:705[705]|864250[864253]:864690[864690]:441[438]|865199[865202]:865957[865957]:759[756]
175	600558-1860	0	748	-1	3786at33634_8|KV784373_1|-|546|4.84e-159|2|598699|600558|600558[600558]:600508[600508]:51[51]|600396[600393]:598699[598699]:1698[1695]
175	387089+855	0	1054	1	8842at33634_7|KV784373_1|+|284|3.587e-80|1|387089|387943|387089[387089]:387943[387943]:855[855]
177	148260+648	0	24	1	8842at33634_9|KV784437_1|+|153|9.765e-41|1|148260|148907|148260[148260]:148907[148907]:648[648]
178	41287-2391	0	968	-1	5960at33634_8|KV784469_1|-|967|8.938e-286|3|38897|41287|41287[41287]:41048[41048]:240[240]|40745[40745]:39768[39768]:978[978]|39709[39688]:38897[38897]:813[792]
183	919882+369	0	514	1	27409at33634_9|KV784374_1|+|260|6.018e-73|1|919882|920250|919882[919882]:920250[920250]:369[369]
191	585362-681	0	112	-1	18069at33634_8|KV784375_1|-|449|7.67e-130|1|584682|585362|585362[585362]:584682[584682]:681[681]
191	424046+3673	0	715	1	693at33634_9|KV784375_1|+|2007|0|2|424046|427718|424046[424046]:425455[425455]:1410[1410]|425544[425544]:427718[427718]:2175[2175]
191	217806-732	0	875	-1	13832at33634_4|KV784375_1|-|71|4.722e-16|1|217075|217806|217806[217806]:217075[217075]:732[732]
192	84145+1002	0	820	1	15177at33634_8|KV784407_1|+|43|1.268e-07|1|84145|85146|84145[84145]:85146[85146]:1002[1002]
193	4158-774	0	851	-1	10425at33634_3|KV784439_1|-|61|4.835e-13|1|3385|4158|4158[4158]:3385[3385]:774[774]
196	2116+1676	0	208	1	12382at33634_2|KV784535_1|+|159|1.526e-42|2|2116|3791|2116[2116]:3549[3549]:1434[1434]|3660[3681]:3791[3791]:132[111]
199	560332-1418	0	224	-1	6933at33634_5|KV784376_1|-|314|3.341e-89|2|558915|560332|560332[560332]:559373[559373]:960[960]|559217[559217]:558915[558915]:303[303]
199	388136-960	0	278	-1	12382at33634_4|KV784376_1|-|191|3.552e-52|1|387177|388136|388136[388136]:387177[387177]:960[960]
199	577033+216	0	335	1	26441at33634_0|KV784376_1|+|56|1.547e-11|1|577033|577248|577033[577033]:577248[577248]:216[216]
199	661083+1380	0	383	1	12382at33634_7|KV784376_1|+|171|3.725e-46|1|661083|662462|661083[661083]:662462[662462]:1380[1380]
199	645234-1362	0	744	-1	18432at33634_0|KV784376_1|-|289|1.121e-81|1|643873|645234|645234[645234]:643873[643873]:1362[1362]
200	234142-1320	0	1039	-1	6436at33634_7|KV784408_1|-|178|2.91e-48|1|232823|234142|234142[234142]:232823[232823]:1320[1320]
207	80796-1125	0	243	-1	12382at33634_3|KV784377_1|-|186|1.137e-50|1|79672|80796|80796[80796]:79672[79672]:1125[1125]
207	151903+1368	0	668	1	11504at33634_2|KV784377_1|+|211|3.388e-58|1|151903|153270|151903[151903]:153270[153270]:1368[1368]
207	653389+1493	0	693	1	12249at33634|KV784377_1|+|200|6.938e-55|2|653389|654881|653389[653389]:654117[654117]:729[729]|654321[654324]:654881[654881]:561[558]
207	93069+846	0	694	1	26150at33634_6|KV784377_1|+|213|8.47e-59|1|93069|93914|93069[93069]:93914[93914]:846[846]
207	330052+1211	0	820	1	15177at33634_8|KV784377_1|+|523|4.06e-152|2|330052|331262|330052[330052]:330951[330951]:900[900]|331140[331143]:331262[331262]:123[120]
209	130474-1146	0	384	-1	18615at33634_9|KV784441_1|-|94|5.629e-23|1|129329|130474|130474[130474]:129329[129329]:1146[1146]
209	35681+366	0	514	1	27409at33634_9|KV784441_1|+|247|4.93e-69|1|35681|36046|35681[35681]:36046[36046]:366[366]
210	5717+1510	0	195	1	4166at33634_6|KV784473_1|+|412|1.054e-118|4|5717|7226|5717[5717]:5887[5887]:171[171]|6005[6008]:6088[6088]:84[81]|6221[6221]:6487[6487]:267[267]|6588[6621]:7226[7226]:639[606]
210	18206+534	0	1081	1	12069at33634_4|KV784473_1|+|44|6.338e-08|1|18206|18739|18206[18206]:18739[18739]:534[534]
215	671532+1554	0	18	1	6684at33634_7|KV784378_1|+|246|9.86e-69|1|671532|673085|671532[671532]:673085[673085]:1554[1554]
215	569733-1287	0	75	-1	7485at33634_2|KV784378_1|-|167|5.96e-45|1|568447|569733|569733[569733]:568447[568447]:1287[1287]
215	561272+1570	0	208	1	12382at33634_2|KV784378_1|+|155|2.441e-41|2|561272|562841|561272[561272]:562606[562606]:1335[1335]|562749[562749]:562841[562841]:93[93]
215	642761+801	0	403	1	13476at33634_8|KV784378_1|+|139|1.6e-36|1|642761|643561|642761[642761]:643561[643561]:801[801]
215	213519+636	0	752	1	15177at33634_6|KV784378_1|+|49|1.981e-09|1|213519|214154|213519[213519]:214154[214154]:636[636]
215	73022+2139	0	1046	1	20044at33634_1|KV784378_1|+|218|2.647e-60|1|73022|75160|73022[73022]:75160[75160]:2139[2139]
215	269320+1777	0	1054	1	8842at33634_7|KV784378_1|+|765|5.745e-225|2|269320|271096|269320[269320]:269739[269739]:420[420]|270056[270059]:271096[271096]:1041[1038]
219	4696+1409	0	1039	1	6436at33634_7|KV784506_1|+|125|2.621e-32|2|4696|6104|4696[4696]:4890[4890]:195[195]|5127[5127]:6104[6104]:978[978]
223	578514+513	0	221	1	25187at33634_9|KV784379_1|+|327|4.078e-93|1|578514|579026|578514[578514]:579026[579026]:513[513]
223	206567+1758	0	747	1	3835at33634_6|KV784379_1|+|807|1.306e-237|1|206567|208324|206567[206567]:208324[208324]:1758[1758]
225	76410-774	0	216	-1	28151at33634_8|KV784443_1|-|93|1.126e-22|2|75637|76410|76410[76410]:76057[76057]:354[354]|75798[75798]:75637[75637]:162[162]
231	23443-1518	0	705	-1	4148at33634_9|KV784380_1|-|102|2.199e-25|1|21926|23443|23443[23443]:21926[21926]:1518[1518]
231	70778-3513	0	715	-1	693at33634_9|KV784380_1|-|726|3.158e-213|1|67266|70778|70778[70778]:67266[67266]:3513[3513]
231	390173+861	0	752	1	15177at33634_6|KV784380_1|+|59|1.934e-12|1|390173|391033|390173[390173]:391033[391033]:861[861]
231	155589+1527	0	792	1	5964at33634_9|KV784380_1|+|383|5.659e-110|1|155589|157115|155589[155589]:157115[157115]:1527[1527]
231	247513+2142	0	1046	1	20044at33634_1|KV784380_1|+|210|6.776e-58|1|247513|249654|247513[247513]:249654[249654]:2142[2142]
231	442182+1768	0	1054	1	8842at33634_7|KV784380_1|+|769|3.591e-226|2|442182|443949|442182[442182]:442595[442595]:414[414]|442909[442912]:443949[443949]:1041[1038]
232	46746+1554	0	18	1	6684at33634_7|KV784412_1|+|244|3.944e-68|1|46746|48299|46746[46746]:48299[48299]:1554[1554]
232	34231+804	0	403	1	13476at33634_8|KV784412_1|+|140|7.999e-37|1|34231|35034|34231[34231]:35034[35034]:804[804]
233	155120-1389	0	409	-1	693at33634_0|KV784444_1|-|353|6.077e-101|1|153732|155120|155120[155120]:153732[153732]:1389[1389]
239	19916-552	0	887	-1	27411at33634_8|KV784381_1|-|138|3.2e-36|1|19365|19916|19916[19916]:19365[19365]:552[552]
240	52101+1861	0	93	1	1803at33634_9|KV784413_1|+|792|4.281e-233|3|52101|53961|52101[52101]:52271[52271]:171[171]|52436[52442]:52996[52996]:561[555]|53101[53101]:53961[53961]:861[861]
240	94968-1353	0	243	-1	12382at33634_3|KV784413_1|-|116|1.342e-29|2|93616|94968|94968[94968]:94054[94054]:915[915]|93840[93840]:93616[93616]:225[225]
247	485684+1722	0	388	1	12693at33634_7|KV784382_1|+|473|4.572e-137|1|485684|487405|485684[485684]:487405[487405]:1722[1722]
247	223046+750	0	1020	1	8842at33634_6|KV784382_1|+|192|1.776e-52|1|223046|223795|223046[223046]:223795[223795]:750[750]
248	91725-939	0	398	-1	13102at33634_8|KV784414_1|-|79|1.845e-18|1|90787|91725|91725[91725]:90787[90787]:939[939]
249	94141-1278	0	180	-1	7485at33634_5|KV784446_1|-|104|5.497e-26|1|92864|94141|94141[94141]:92864[92864]:1278[1278]
249	71501-2684	0	633	-1	3528at33634_9|KV784446_1|-|1247|0|4|68818|71501|71501[71501]:69888[69888]:1614[1614]|69756[69753]:69583[69583]:174[171]|69478[69475]:69104[69104]:375[372]|68994[68985]:68818[68818]:177[168]
255	199036+1083	0	52	1	12069at33634_6|KV784383_1|+|141|4e-37|2|199036|200118|199036[199036]:199425[199425]:390[390]|199657[199657]:200118[200118]:462[462]
255	269847+372	0	343	1	23917at33634_6|KV784383_1|+|165|2.384e-44|1|269847|270218|269847[269847]:270218[270218]:372[372]
255	9903+1110	0	1054	1	8842at33634_7|KV784383_1|+|300|5.473e-85|2|9903|11012|9903[9903]:10676[10676]:774[774]|10851[10851]:11012[11012]:162[162]
256	90658+1425	0	278	1	12382at33634_4|KV784415_1|+|237|5.048e-66|2|90658|92082|90658[90658]:90969[90969]:312[312]|91318[91321]:92082[92082]:765[762]
257	96023+3032	0	241	1	9731at33634_9|KV784447_1|+|515|1.039e-149|2|96023|99054|96023[96023]:97312[97312]:1290[1290]|97351[97351]:99054[99054]:1704[1704]
257	130951+1266	0	409	1	693at33634_0|KV784447_1|+|244|3.944e-68|1|130951|132216|130951[130951]:132216[132216]:1266[1266]
263	43065-1110	0	208	-1	12382at33634_2|KV784384_1|-|198|2.775e-54|1|41956|43065|43065[43065]:41956[41956]:1110[1110]
265	9838+696	0	24	1	8842at33634_9|KV784448_1|+|196|1.11e-53|1|9838|10533|9838[9838]:10533[10533]:696[696]
266	13624+2037	0	748	1	3786at33634_8|KV784480_1|+|591|1.376e-172|2|13624|15660|13624[13624]:14940[14940]:1317[1317]|15064[15073]:15660[15660]:597[588]
