Mutant,Replicate,Thiamine,Time,OD
G4,1,0,0,"0,085"
G4,1,0,42,"0,104"
G4,1,0,66,"0,143"
G4,1,0,90,"0,212"
G4,1,0,"114,25","0,314"
G4,1,0,"138,75","0,348"
G4,1,0,"162,33","0,458"
G4,1,0,187,"0,524"
G4,1,0,"210,33","0,541"
G4,1,0,234,"0,597"
G4,1,0,"258,5","0,609"
G4,1,0,282,"0,651"
G4,1,0,306,"0,693"
G4,1,0,"330,33","0,707"
G4,1,0,"354,5","0,744"
G4,1,0,378,"0,724"
G4,1,0,"401,66","0,749"
G4,1,0,"426,33","0,762"
G4,2,0,0,"0,086"
G4,2,0,42,"0,11"
G4,2,0,66,"0,145"
G4,2,0,90,"0,209"
G4,2,0,"114,25","0,313"
G4,2,0,"138,75","0,368"
G4,2,0,"162,33","0,461"
G4,2,0,187,"0,531"
G4,2,0,"210,33","0,557"
G4,2,0,234,"0,616"
G4,2,0,"258,5","0,617"
G4,2,0,282,"0,659"
G4,2,0,306,"0,689"
G4,2,0,"330,33","0,708"
G4,2,0,"354,5","0,725"
G4,2,0,378,"0,705"
G4,2,0,"401,66","0,731"
G4,2,0,"426,33","0,722"
G4,3,0,0,"0,085"
G4,3,0,42,"0,098"
G4,3,0,66,"0,128"
G4,3,0,90,"0,192"
G4,3,0,"114,25","0,282"
G4,3,0,"138,75","0,335"
G4,3,0,"162,33","0,409"
G4,3,0,187,"0,431"
G4,3,0,"210,33","0,494"
G4,3,0,234,"0,538"
G4,3,0,"258,5","0,605"
G4,3,0,282,"0,626"
G4,3,0,306,"0,734"
G4,3,0,"330,33","0,741"
G4,3,0,"354,5","0,725"
G4,3,0,378,"0,737"
G4,3,0,"401,66","0,747"
G4,3,0,"426,33","0,775"
G4,1,1,0,"0,088"
G4,1,1,42,"0,106"
G4,1,1,66,"0,142"
G4,1,1,90,"0,22"
G4,1,1,"114,25","0,282"
G4,1,1,"138,75","0,362"
G4,1,1,"162,33","0,405"
G4,1,1,187,"0,507"
G4,1,1,"210,33","0,522"
G4,1,1,234,"0,575"
G4,1,1,"258,5","0,63"
G4,1,1,282,"0,637"
G4,1,1,306,"0,685"
G4,1,1,"330,33","0,737"
G4,1,1,"354,5","0,735"
G4,1,1,378,"0,727"
G4,1,1,"401,66","0,767"
G4,1,1,"426,33","0,779"
G4,2,1,0,"0,09"
G4,2,1,42,"0,102"
G4,2,1,66,"0,147"
G4,2,1,90,"0,208"
G4,2,1,"114,25","0,326"
G4,2,1,"138,75","0,397"
G4,2,1,"162,33","0,472"
G4,2,1,187,"0,527"
G4,2,1,"210,33","0,584"
G4,2,1,234,"0,627"
G4,2,1,"258,5","0,651"
G4,2,1,282,"0,69"
G4,2,1,306,"0,709"
G4,2,1,"330,33","0,729"
G4,2,1,"354,5","0,771"
G4,2,1,378,"0,822"
G4,2,1,"401,66","0,755"
G4,2,1,"426,33","0,759"
G4,3,1,0,"0,09"
G4,3,1,42,"0,107"
G4,3,1,66,"0,134"
G4,3,1,90,"0,215"
G4,3,1,"114,25","0,311"
G4,3,1,"138,75","0,409"
G4,3,1,"162,33","0,475"
G4,3,1,187,"0,505"
G4,3,1,"210,33","0,586"
G4,3,1,234,"0,609"
G4,3,1,"258,5","0,667"
G4,3,1,282,"0,725"
G4,3,1,306,"0,736"
G4,3,1,"330,33","0,762"
G4,3,1,"354,5","0,798"
G4,3,1,378,"0,784"
G4,3,1,"401,66","0,832"
G4,3,1,"426,33","0,821"
F3,1,0,0,"0,086"
F3,1,0,42,"0,099"
F3,1,0,66,"0,13"
F3,1,0,90,"0,206"
F3,1,0,"114,25","0,284"
F3,1,0,"138,75","0,338"
F3,1,0,"162,33","0,418"
F3,1,0,187,"0,486"
F3,1,0,"210,33","0,543"
F3,1,0,234,"0,57"
F3,1,0,"258,5","0,607"
F3,1,0,282,"0,636"
F3,1,0,306,"0,677"
F3,1,0,"330,33","0,685"
F3,1,0,"354,5","0,71"
F3,1,0,378,"0,716"
F3,1,0,"401,66","0,716"
F3,1,0,"426,33","0,753"
F3,2,0,0,"0,086"
F3,2,0,42,"0,097"
F3,2,0,66,"0,143"
F3,2,0,90,"0,205"
F3,2,0,"114,25","0,267"
F3,2,0,"138,75","0,346"
F3,2,0,"162,33","0,45"
F3,2,0,187,"0,504"
F3,2,0,"210,33","0,56"
F3,2,0,234,"0,6"
F3,2,0,"258,5","0,644"
F3,2,0,282,"0,659"
F3,2,0,306,"0,711"
F3,2,0,"330,33","0,709"
F3,2,0,"354,5","0,753"
F3,2,0,378,"0,742"
F3,2,0,"401,66","0,777"
F3,2,0,"426,33","0,767"
F3,3,0,0,"0,086"
F3,3,0,42,"0,1"
F3,3,0,66,"0,134"
F3,3,0,90,"0,215"
F3,3,0,"114,25","0,324"
F3,3,0,"138,75","0,425"
F3,3,0,"162,33","0,47"
F3,3,0,187,"0,54"
F3,3,0,"210,33","0,544"
F3,3,0,234,"0,607"
F3,3,0,"258,5","0,637"
F3,3,0,282,"0,655"
F3,3,0,306,"0,72"
F3,3,0,"330,33","0,714"
F3,3,0,"354,5","0,704"
F3,3,0,378,"0,708"
F3,3,0,"401,66","0,751"
F3,3,0,"426,33","0,789"
F3,1,1,0,"0,088"
F3,1,1,42,"0,104"
F3,1,1,66,"0,147"
F3,1,1,90,"0,225"
F3,1,1,"114,25","0,303"
F3,1,1,"138,75","0,375"
F3,1,1,"162,33","0,404"
F3,1,1,187,"0,511"
F3,1,1,"210,33","0,55"
F3,1,1,234,"0,612"
F3,1,1,"258,5","0,638"
F3,1,1,282,"0,672"
F3,1,1,306,"0,704"
F3,1,1,"330,33","0,714"
F3,1,1,"354,5","0,757"
F3,1,1,378,"0,761"
F3,1,1,"401,66","0,788"
F3,1,1,"426,33","0,781"
F3,2,1,0,"0,086"
F3,2,1,42,"0,104"
F3,2,1,66,"0,138"
F3,2,1,90,"0,212"
F3,2,1,"114,25","0,328"
F3,2,1,"138,75","0,411"
F3,2,1,"162,33","0,445"
F3,2,1,187,"0,515"
F3,2,1,"210,33","0,565"
F3,2,1,234,"0,617"
F3,2,1,"258,5","0,629"
F3,2,1,282,"0,705"
F3,2,1,306,"0,734"
F3,2,1,"330,33","0,722"
F3,2,1,"354,5","0,748"
F3,2,1,378,NA
F3,2,1,"401,66","0,813"
F3,2,1,"426,33","0,814"
F3,3,1,0,"0,089"
F3,3,1,42,"0,11"
F3,3,1,66,"0,138"
F3,3,1,90,"0,227"
F3,3,1,"114,25","0,335"
F3,3,1,"138,75","0,407"
F3,3,1,"162,33","0,482"
F3,3,1,187,"0,512"
F3,3,1,"210,33","0,577"
F3,3,1,234,"0,636"
F3,3,1,"258,5","0,661"
F3,3,1,282,"0,651"
F3,3,1,306,"0,688"
F3,3,1,"330,33","0,707"
F3,3,1,"354,5","0,746"
F3,3,1,378,"0,732"
F3,3,1,"401,66","0,749"
F3,3,1,"426,33","0,74"
WT,1,0,0,"0,091"
WT,1,0,42,"0,137"
WT,1,0,66,"0,188"
WT,1,0,90,"0,323"
WT,1,0,"114,25","0,375"
WT,1,0,"138,75","0,427"
WT,1,0,"162,33","0,512"
WT,1,0,187,"0,545"
WT,1,0,"210,33","0,581"
WT,1,0,234,"0,634"
WT,1,0,"258,5","0,654"
WT,1,0,282,"0,687"
WT,1,0,306,"0,71"
WT,1,0,"330,33","0,72"
WT,1,0,"354,5","0,748"
WT,1,0,378,"0,736"
WT,1,0,"401,66","0,735"
WT,1,0,"426,33","0,755"
WT,2,0,0,"0,094"
WT,2,0,42,"0,126"
WT,2,0,66,"0,177"
WT,2,0,90,"0,273"
WT,2,0,"114,25","0,336"
WT,2,0,"138,75","0,422"
WT,2,0,"162,33","0,523"
WT,2,0,187,"0,582"
WT,2,0,"210,33","0,589"
WT,2,0,234,"0,619"
WT,2,0,"258,5","0,669"
WT,2,0,282,"0,683"
WT,2,0,306,"0,734"
WT,2,0,"330,33","0,714"
WT,2,0,"354,5","0,769"
WT,2,0,378,"0,785"
WT,2,0,"401,66","0,807"
WT,2,0,"426,33","0,817"
WT,3,0,0,"0,093"
WT,3,0,42,"0,141"
WT,3,0,66,"0,194"
WT,3,0,90,"0,336"
WT,3,0,"114,25","0,375"
WT,3,0,"138,75","0,387"
WT,3,0,"162,33","0,529"
WT,3,0,187,"0,581"
WT,3,0,"210,33","0,593"
WT,3,0,234,"0,663"
WT,3,0,"258,5","0,688"
WT,3,0,282,"0,717"
WT,3,0,306,"0,74"
WT,3,0,"330,33","0,782"
WT,3,0,"354,5","0,786"
WT,3,0,378,"0,776"
WT,3,0,"401,66","0,779"
WT,3,0,"426,33","0,807"
WT,1,1,0,"0,097"
WT,1,1,42,"0,136"
WT,1,1,66,"0,201"
WT,1,1,90,"0,328"
WT,1,1,"114,25","0,404"
WT,1,1,"138,75","0,457"
WT,1,1,"162,33","0,534"
WT,1,1,187,"0,576"
WT,1,1,"210,33","0,622"
WT,1,1,234,"0,655"
WT,1,1,"258,5","0,667"
WT,1,1,282,"0,696"
WT,1,1,306,"0,746"
WT,1,1,"330,33","0,765"
WT,1,1,"354,5","0,768"
WT,1,1,378,"0,794"
WT,1,1,"401,66","0,785"
WT,1,1,"426,33","0,808"
WT,2,1,0,"0,097"
WT,2,1,42,"0,138"
WT,2,1,66,"0,192"
WT,2,1,90,"0,319"
WT,2,1,"114,25","0,357"
WT,2,1,"138,75","0,43"
WT,2,1,"162,33","0,502"
WT,2,1,187,"0,582"
WT,2,1,"210,33","0,621"
WT,2,1,234,"0,64"
WT,2,1,"258,5","0,671"
WT,2,1,282,"0,738"
WT,2,1,306,"0,787"
WT,2,1,"330,33","0,766"
WT,2,1,"354,5","0,763"
WT,2,1,378,NA
WT,2,1,"401,66","0,836"
WT,2,1,"426,33","0,84"
WT,3,1,0,"0,096"
WT,3,1,42,"0,132"
WT,3,1,66,"0,209"
WT,3,1,90,"0,322"
WT,3,1,"114,25","0,371"
WT,3,1,"138,75","0,434"
WT,3,1,"162,33","0,509"
WT,3,1,187,"0,562"
WT,3,1,"210,33","0,628"
WT,3,1,234,"0,664"
WT,3,1,"258,5","0,703"
WT,3,1,282,"0,705"
WT,3,1,306,"0,717"
WT,3,1,"330,33","0,766"
WT,3,1,"354,5","0,814"
WT,3,1,378,"0,82"
WT,3,1,"401,66","0,811"
WT,3,1,"426,33","0,859"
Blank,1,0,0,"0,083"
Blank,1,0,42,"0,082"
Blank,1,0,66,"0,081"
Blank,1,0,90,"0,08"
Blank,1,0,"114,25","0,078"
Blank,1,0,"138,75","0,079"
Blank,1,0,"162,33","0,08"
Blank,1,0,187,"0,082"
Blank,1,0,"210,33","0,079"
Blank,1,0,234,"0,079"
Blank,1,0,"258,5","0,083"
Blank,1,0,282,"0,078"
Blank,1,0,306,"0,088"
Blank,1,0,"330,33","0,092"
Blank,1,0,"354,5","0,097"
Blank,1,0,378,"0,078"
Blank,1,0,"401,66","0,08"
Blank,1,0,"426,33","0,078"
Blank,1,1,0,"0,081"
Blank,1,1,42,"0,08"
Blank,1,1,66,"0,079"
Blank,1,1,90,"0,076"
Blank,1,1,"114,25","0,076"
Blank,1,1,"138,75","0,078"
Blank,1,1,"162,33","0,081"
Blank,1,1,187,"0,081"
Blank,1,1,"210,33","0,08"
Blank,1,1,234,"0,08"
Blank,1,1,"258,5","0,081"
Blank,1,1,282,"0,081"
Blank,1,1,306,"0,08"
Blank,1,1,"330,33","0,082"
Blank,1,1,"354,5","0,081"
Blank,1,1,378,"0,076"
Blank,1,1,"401,66","0,077"
Blank,1,1,"426,33","0,078"
